Niche,App Name,Logo URL,Install Count,Release Date,Rating,Review Count,App Link,Developer,Description,Keywords,Screenshot 1,Screenshot 2,Screenshot 3,Screenshot 4
Utilities,AI Cleanse - cleaner app,https://is1-ssl.mzstatic.com/image/thumb/Purple221/v4/6d/cc/b8/6dccb87c-96f1-6293-9adc-8d7cc11b3785/AppIcon-0-0-1x_U007ephone-0-1-0-85-220.png/512x512bb.jpg,648,"January 22, 2026",4.6,8,https://apps.apple.com/us/app/ai-cleanse-cleaner-app/id6755474517?uo=4,EMP Invest OU,"AI Cleanse is an intelligent device optimization app designed to help you keep your phone organized, private, and running smoothly. Using advanced AI-driven analysis, AI Cleanse helps identify unnecessary files, manage personal data, and improve everyday device efficiency — all in one convenient place.

Key Features
Smart Media Cleanup
Quickly identify duplicate photos, similar images, screenshots, and large videos to free up valuable storage space.

Storage Optimization
Analyze your device storage and remove unused or unwanted files to help maintain smooth performance.

Contacts Management
Merge duplicate contacts, complete missing information, and keep your address book clean and organized.

Email Exposure Monitoring
Check whether your email address appears in known public data leaks and stay informed about potential exposure.

Subscription Information

AI Cleanse offers the following subscription options:

Weekly Subscription: $9.99 (includes a 3-day free trial)
Monthly Subscription: $19.99

Subscriptions automatically renew unless canceled at least 24 hours before the end of the current period.

Legal

Terms of Service
http://ai-cleanse-app.com/terms
Privacy Policy
http://ai-cleanse-app.com/privacy","your, subscription, cleanse, device, storage",https://is1-ssl.mzstatic.com/image/thumb/PurpleSource211/v4/3e/f8/21/3ef82160-1640-c25a-d436-3f52845ed93e/1__U00282_U0029.jpg/1284x2778bb.jpeg,https://is1-ssl.mzstatic.com/image/thumb/PurpleSource211/v4/49/3b/5e/493b5eea-6f13-50a7-7208-59a847545f86/2.jpg/1284x2778bb.jpeg,https://is1-ssl.mzstatic.com/image/thumb/PurpleSource221/v4/ab/e8/7e/abe87e45-3b5e-4787-966f-a50d92ed4326/3.jpg/1284x2778bb.jpeg,https://is1-ssl.mzstatic.com/image/thumb/PurpleSource221/v4/cb/fe/29/cbfe29c1-4bae-1ceb-a305-0f3651064fce/4.jpg/1284x2778bb.jpeg
Food & Drink,Air Fryer Recipes Simple,https://is1-ssl.mzstatic.com/image/thumb/Purple221/v4/d9/a6/58/d9a65833-e253-1783-3a1b-c606efdbcecf/AppIcon-0-0-1x_U007emarketing-0-11-0-85-220.png/512x512bb.jpg,968,"January 29, 2026",5.0,1,https://apps.apple.com/us/app/air-fryer-recipes-simple/id6757186911?uo=4,NEXTLINE YAZILIM LİMİTED ŞİRKETİ,"Welcome to Air Fryer Recipes Simple, your ultimate companion for cooking delicious, healthier meals with your air fryer! Whether you’re a beginner or a seasoned home chef, Air Fryer Recipes Simple helps you discover tasty recipes, follow simple step-by-step instructions, and cook perfect dishes every time.

From quick snacks to full meals, Air Fryer Recipes Simple brings you a growing collection of carefully curated air fryer recipes designed for speed, flavor, and convenience. No guesswork—just great food.

FEATURES OF Air Fryer Recipes Simple:

• Hundreds of Air Fryer Recipes – Explore a wide variety of meals, snacks, desserts, and healthy options.
• Step-by-Step Instructions – Easy-to-follow cooking steps for perfect results every time.
• Ingredient Lists – See exactly what you need before you start cooking.
• Smart Filters – Find recipes by ingredients, cooking time, diet type, or preferences.
• Beginner-Friendly – Simple recipes suitable for all skill levels.
• Save Favorites – Keep your favorite recipes in one place for quick access.

PERFECT FOR:

• Busy people who want fast, delicious meals
• Air fryer beginners and enthusiasts
• Healthy cooking and low-oil diets
• Meal planning and everyday cooking inspiration

HOW TO USE Air Fryer Recipes Simple:

• Browse or search for air fryer recipes.
• Filter by ingredients, dietary needs, or cooking time.
• Open a recipe to see ingredients and step-by-step instructions.
• Cook, enjoy, and save your favorites for later.

SUBSCRIPTION DETAILS:

• Start with a free trial to explore premium recipes and advanced features of Air Fryer Recipes Simple. After the trial, subscribe for unlimited access to our full recipe library and exclusive content.

DISCLAIMER:

• Cooking results may vary depending on your air fryer model and ingredients used.

SUPPORT AND FEEDBACK:

• We’re constantly expanding and improving Air Fryer Recipes Simple. Share your feedback to help us add better recipes and features.

Discover how easy and delicious air fryer cooking can be with Air Fryer Recipes Simple - quick meals, crispy results, and endless inspiration!

Terms of Use (EULA): https://www.apple.com/legal/internet-services/itunes/dev/stdeula/","recipes, air, fryer, simple, cooking",https://is1-ssl.mzstatic.com/image/thumb/PurpleSource221/v4/96/18/d2/9618d20c-691b-a1ef-8d55-f65f3c2e6dcf/1.jpg/1290x2796bb.jpeg,https://is1-ssl.mzstatic.com/image/thumb/PurpleSource211/v4/fc/42/f6/fc42f677-d322-121c-a278-00e9843e7ff1/2.jpg/1290x2796bb.jpeg,https://is1-ssl.mzstatic.com/image/thumb/PurpleSource221/v4/c8/fe/d1/c8fed144-ede3-c7c2-813f-bb01308d537a/3.jpg/1290x2796bb.jpeg,https://is1-ssl.mzstatic.com/image/thumb/PurpleSource211/v4/0b/3f/ab/0b3fab83-22e0-ae86-4cf6-6f6fb9a14c94/4.jpg/1290x2796bb.jpeg
Games,Atlantis Bounce,https://is1-ssl.mzstatic.com/image/thumb/Purple211/v4/15/d1/1a/15d11a2e-f17b-a8b9-d144-406cab1d83f1/AppIcon-0-0-1x_U007emarketing-0-8-0-85-220.png/512x512bb.jpg,4.1K,"February 04, 2026",4.4,42,https://apps.apple.com/us/app/atlantis-bounce/id6755181850?uo=4,Gimica GmbH,"Welcome to Atlantis Bounce – a deep sea puzzle adventure!
Shoot pearls and clear blocks in this addictively simple arcade puzzle game. The deeper you go, the more pearls you collect and the tougher the challenges become.

Build your pearl army:
Collect extra pearls to increase your shot count.
Fire dozens of pearls in a single turn for maximum impact.
Keep the blocks from reaching the bottom!

Power-ups to boost your play:
Use vertical and horizontal blasts to wipe out rows and columns.
Strategically activate power-ups to survive close calls.

A relaxing underwater theme:
Immerse yourself in soothing ocean visuals.
No timers, no pressure—just satisfying, skillful play.
Whether you're chasing a high score or unwinding after a long day, Pearls of Atlantis is your perfect pocket escape. Just one more shot… 

Download now and begin your journey into the deep!","pearls, your, atlantis, deep, puzzle",https://is1-ssl.mzstatic.com/image/thumb/PurpleSource221/v4/13/ca/e4/13cae41b-3261-8b72-f7a3-bfb9165a489e/1260-x-2736-Screenshot-1.png/1260x2736bb.jpeg,https://is1-ssl.mzstatic.com/image/thumb/PurpleSource211/v4/51/d5/c3/51d5c3f3-e9a1-4bf7-392e-f3aeb7f16ae3/1260-x-2736-Screenshot-2.png/1260x2736bb.jpeg,https://is1-ssl.mzstatic.com/image/thumb/PurpleSource211/v4/aa/27/c8/aa27c8ce-55e8-7342-0913-15cfa1818c91/1260-x-2736-Screenshot-3.png/1260x2736bb.jpeg,https://is1-ssl.mzstatic.com/image/thumb/PurpleSource221/v4/71/9e/e1/719ee1a8-8395-1283-0dc2-4bee94d8a405/1260-x-2736-Screenshot-4.png/1260x2736bb.jpeg
Games,BALL x PIT,https://is1-ssl.mzstatic.com/image/thumb/Purple211/v4/d9/e8/3f/d9e83f86-35f6-b1fc-f43e-f868a19bc2bf/AppIcon-0-0-1x_U007emarketing-0-8-0-85-220.png/512x512bb.jpg,58.4K,"March 12, 2026",4.7,510,https://apps.apple.com/us/app/ball-x-pit/id6738703497?uo=4,Devolver,"BALL x PIT is a brick-breaking, ball-fusing, base-building survival roguelite. Batter hordes of enemies with ricocheting balls and gather the riches of the pit to expand your homestead, generate resources and recruit unique heroes.

BALL x PIT is a fast-paced fantasy roguelite where heroes must find the balls to plunge deeper into a seemingly bottomless pit of monsters. Develop arcane ammunition and resources in pursuit of treasure, recruiting additional heroes to aid you in your perilous quest.

Ballbylon has fallen. After a meteoric and completely unexpected event annihilated the great city, all that remains is an ominous, yawning pit. Treasure hunters from far and wide flock to the city’s tomb to seek their fortune, plumbing the depths in search of Ballbylon’s scattered riches. Few return.

The pit plays host to armies of barbaric creatures, hellbent on ending your quest before it even begins. Armed with a growing arsenal of magic-infused projectiles, batter your way through multiple levels of increasingly challenging obstacles to claim the ultimate prizes and rebuild New Ballbylon.

Fuse Your Balls
The Ball Fusion system encourages explosive experimentation with over 60 randomized balls to equip and combine during your journey. Discover overpowered combinations and unexpected synergies from hundreds of possible outcomes.

Build New Ballbylon
Expand New Ballbylon with over 70 unique buildings that provide gameplay bonuses and unlock further power-ups, new characters, and more! As your community grows, task homebound heroes with automated tasks to keep the resources coming while you dive deeper into the pit.

Discover New Realms
Face legions of diverse enemies within the pit, battling through barren deserts, frozen caverns, savage forests and more. Each region offers its own unique set of hazards on top of hordes of increasingly challenging foes and mighty, screen-filling bosses.

Recruit Fellow Hunters
As you explore the pit you’ll encounter fellow treasure hunters eager to add their skills to your expedition. Each character has unique, upgradable mechanics that totally change the way you play the game. Experimentation and adaptation are crucial to the success of New Ballbylon!","pit, your, new, ballbylon, balls",https://is1-ssl.mzstatic.com/image/thumb/PurpleSource211/v4/39/96/e0/3996e037-e194-4fda-5048-ba840a105c98/1.jpg/2778x1284bb.jpeg,https://is1-ssl.mzstatic.com/image/thumb/PurpleSource221/v4/0e/25/b5/0e25b55a-af48-be01-3e3f-277a4a048095/10.jpg/2778x1284bb.jpeg,https://is1-ssl.mzstatic.com/image/thumb/PurpleSource221/v4/9a/21/c2/9a21c2bb-e6c5-a303-e346-9fbfdead2531/8.jpg/2778x1284bb.jpeg,https://is1-ssl.mzstatic.com/image/thumb/PurpleSource221/v4/3b/1e/e8/3b1ee877-f034-bb03-61b8-71efb17e2561/3.jpg/2778x1284bb.jpeg
Photo & Video,Belova Chat: AI Roleplay Soul,https://is1-ssl.mzstatic.com/image/thumb/Purple221/v4/c9/c7/86/c9c78653-c3d1-01a4-3234-17dc235d639c/AppIcon-0-0-1x_U007ephone-0-1-0-85-220.png/512x512bb.jpg,2.2K,"February 01, 2026",4.8,42,https://apps.apple.com/us/app/belova-chat-ai-roleplay-soul/id6758198830?uo=4,可欣 魏,"Immersive AI roleplay with soulful characters. Chat, bond, and create stories




Welcome to Belova Chat, the ultimate destination for immersive AI roleplay and interactive storytelling. Whether you're looking for a brave knight in a fantasy realm, a mysterious cyberpunk hacker, or a comforting friend to talk to after a long day, Belova brings your imagination to life.



Why choose Belova Chat?



Characters with Depth: Our AI isn’t just programmed to reply; they are designed with ""Soul."" Experience complex personalities, memories, and evolving emotions.
Infinite Roleplay Scenarios: From romantic encounters and high-fantasy adventures to intense detective mysteries—you lead the story.
Create Your Own Persona: Customize your identity and watch how different characters react to your unique style and choices.
Unlock Character Images: Explore a wealth of meticulously crafted character images.
Available 24/7: Your favorite characters are always online, ready to listen, roleplay, and accompany you whenever inspiration strikes.



Escape the ordinary. Start your soulful journey with Belova Chat today.


Contact Information
Contact Email:weikx1124@163.com
Privacy Policy:  https://www.belovachat.top/privacy-policy-ios.html
User Agreement: https://www.belovachat.top/user-policy-ios.html","your, roleplay, characters, chat, belova",https://is1-ssl.mzstatic.com/image/thumb/PurpleSource211/v4/91/84/5b/91845b77-cbc1-68cc-1ef2-3a67337ab230/ios1.png/1242x2688bb.jpeg,https://is1-ssl.mzstatic.com/image/thumb/PurpleSource221/v4/40/95/db/4095db42-0d1c-47e5-c2d3-25e6e4d89c02/ios2.png/1242x2688bb.jpeg,https://is1-ssl.mzstatic.com/image/thumb/PurpleSource221/v4/00/5a/68/005a683f-eba6-088b-661e-44be0983b4e3/ios3.png/1242x2688bb.jpeg,https://is1-ssl.mzstatic.com/image/thumb/PurpleSource221/v4/72/35/91/72359140-fba6-668c-cf56-6b98b4eeac6c/ios4.png/1242x2688bb.jpeg
Games,Brick Blast - Ball Breaker,https://is1-ssl.mzstatic.com/image/thumb/Purple221/v4/35/d4/5d/35d45da6-d81b-2ea1-8621-75a8181e77bb/AppIcon-0-0-1x_U007emarketing-0-8-0-85-220.png/512x512bb.jpg,278.3K,"January 14, 2026",4.8,3k,https://apps.apple.com/us/app/brick-blast-ball-breaker/id6756913359?uo=4,Easybrain Ltd,"Brick Blast is an engaging bricks and balls game with simple rules, a hint of challenge, and plenty of effortless fun. Pick your angle, shoot the balls, and watch them blast through every brick in their path.

Brick Blast delivers pure enjoyment with no rush or pressure. Play at your own pace and enjoy smooth, dynamic gameplay that will help you unwind while training your logic and focus.

How to Play Brick Blast:

The goal is simple: break the bricks and keep the board clear. Swipe to aim and release to shoot—the ball shooter sends glowing balls flying across the screen, bouncing off walls and smashing through colorful blocks. Plan your shots wisely to hit the best angles, clear multiple bricks at once, and watch the balls bounce out across the board in dazzling chains of glowing hits before the blocks reach the bottom line.

Discover power blocks that make this block breaker even more exciting:

• Laser shoots across rows or columns, damaging all blocks along its path.
• Multiplier triples your balls for massive combos.
• Redirect changes the path to reach tricky angles.
• Extra Ball gives you more power until the end of the round.

Use power blocks skillfully to enjoy mighty ball blasts and brick-breaking chain reactions.

Why You’ll Love Brick Blast:

• An easy-to-play brick breaker game with a modern look and smooth graphics.
• Dynamic levels packed with special blocks, combos, ball blasts, and glowing brick breaker effects.
• A calming pastime—no pressure, no time limits, just pure focus and pleasure.
• A fun way to unwind while honing your strategy skills—perfect for players who love puzzle quests and brick-breaking games.
• Endless ball breaker gameplay that keeps you coming back for more.

Take a break, play Brick Blast, and feel the joy of every perfect shot!","brick, blast, your, blocks, balls",https://is1-ssl.mzstatic.com/image/thumb/PurpleSource221/v4/54/cb/c8/54cbc895-056b-6aeb-0a75-7a76eff2b4d3/iPhone14ProMax_English__U0028U.S._U0029_01.png/1290x2796bb.jpeg,https://is1-ssl.mzstatic.com/image/thumb/PurpleSource221/v4/4f/45/87/4f458786-22fe-1780-eb59-9fbc62f40e6a/iPhone14ProMax_English__U0028U.S._U0029_02.png/1290x2796bb.jpeg,https://is1-ssl.mzstatic.com/image/thumb/PurpleSource221/v4/c0/9d/40/c09d40f8-09a9-c46d-81f3-eb75d334b9c8/iPhone14ProMax_English__U0028U.S._U0029_03.png/1290x2796bb.jpeg,https://is1-ssl.mzstatic.com/image/thumb/PurpleSource221/v4/83/9a/0b/839a0b88-d60f-0d42-df3f-5a20a20b33dc/iPhone14ProMax_English__U0028U.S._U0029_04.png/1290x2796bb.jpeg
Social Networking,Byte Beauty,https://is1-ssl.mzstatic.com/image/thumb/Purple221/v4/be/39/53/be3953fd-bbc4-d11e-0b61-f87bb3f301bb/AppIcon-0-0-1x_U007emarketing-0-6-0-85-220.png/512x512bb.jpg,2.8K,"January 20, 2026",4.3,34,https://apps.apple.com/us/app/byte-beauty/id6757838484?uo=4,学君 齐,"Byte Beauty – Your Free AI Girlfriend Chat Game
Step into the world of Byte Beauty, where you can chat, laugh, and spend time with your AI girlfriend in a completely safe and legal environment. Perfect for those who want a fun, interactive companion anytime!


Game Features
Chat with AI Enjoy realistic conversations with your AI girlfriend. Talk about your day, interests, or just have fun!
Completely Free No hidden fees or paywalls — chat as much as you like!
Interactive & Engaging The AI remembers your choices and adapts to your personality for a more natural chat experience.
Play Anytime, Anywhere Lightweight and user-friendly — perfect for short breaks or relaxed leisure time.
Why You’ll Love Byte Beauty
Free and unlimited AI chat
Safe for all users
Realistic, engaging conversations
Fun way to relax and enjoy downtime
Discover a companion who’s always there to talk — Byte Beauty is the ultimate free AI chat experience!","chat, your, byte, beauty, free",https://is1-ssl.mzstatic.com/image/thumb/PurpleSource221/v4/b3/48/8e/b3488e58-522e-b952-8611-ab835e4d73b2/1.png/1242x2688bb.jpeg,https://is1-ssl.mzstatic.com/image/thumb/PurpleSource221/v4/ba/cf/d2/bacfd2d2-acc8-28ba-ee1f-d39d090f3a64/5.png/1242x2688bb.jpeg,https://is1-ssl.mzstatic.com/image/thumb/PurpleSource211/v4/ed/a9/f4/eda9f478-f1e1-aa16-9f19-c54d9ddec21c/3.png/1242x2688bb.jpeg,https://is1-ssl.mzstatic.com/image/thumb/PurpleSource211/v4/82/02/df/8202df27-393c-6db5-69ec-bfa1dc0c6a1f/4.png/1242x2688bb.jpeg
Social Networking,ClearTok: Repost Remover,https://is1-ssl.mzstatic.com/image/thumb/Purple211/v4/18/4b/7b/184b7bcf-a6e6-5d03-4ab8-9dcd95ce8115/AppIcon-0-0-1x_U007emarketing-0-8-0-85-220.png/512x512bb.jpg,18.9K,"January 30, 2026",4.9,177,https://apps.apple.com/us/app/cleartok-repost-remover/id6758125008?uo=4,Data-Traces LLC,"ClearTok helps you manage reposted content in a simple, fast, and controlled way.

With ClearTok, you can:
• Scan your account to identify reposted videos
• View your repost count instantly
• Remove reposts step by step with built-in limits
• Keep your profile clean and organized

Designed with safety in mind:
ClearTok follows platform-friendly usage limits and avoids aggressive actions. Repost removal is performed gradually to help maintain normal account behavior and reduce the risk of account restrictions.

Simple by design:
No complicated settings or workflows. Just scan, review, and remove reposts when you’re ready.

Privacy first:
ClearTok focuses on performance and reliability. No personal content is stored or shared beyond what is required to provide the app’s core functionality.

Free daily usage:
ClearTok provides a free daily quota that allows you to remove up to 50 reposted videos per day at no cost. Free credits refresh automatically every day, so you can try the app freely without a subscription.

Subscriptions:
For users who need higher or unlimited usage, ClearTok offers optional auto-renewable subscriptions (Weekly, Monthly, and Yearly) that remove daily limits and unlock premium features.

Payment will be charged to your Apple ID at confirmation of purchase. Subscriptions renew automatically unless canceled at least 24 hours before the end of the current period. You can manage or cancel your subscription anytime in your Apple ID settings.

Learn more:
Privacy Policy: https://data-traces.com/privacy
Terms of Service: https://data-traces.com/terms
Terms of Use (EULA): https://www.apple.com/legal/internet-services/itunes/dev/stdeula/","cleartok, your, remove, reposted, account",https://is1-ssl.mzstatic.com/image/thumb/PurpleSource211/v4/8c/13/63/8c1363a4-e4f0-8978-03d1-208188103be3/Apple_iPhone_14_Plus_Screenshot_1.png/1284x2778bb.jpeg,https://is1-ssl.mzstatic.com/image/thumb/PurpleSource211/v4/60/c3/6a/60c36a93-a8ad-646e-723c-25821d051656/Apple_iPhone_14_Plus_Screenshot_3.png/1284x2778bb.jpeg,https://is1-ssl.mzstatic.com/image/thumb/PurpleSource211/v4/6c/ef/95/6cef959e-5eb9-401e-0298-16919692f239/Apple_iPhone_14_Plus_Screenshot_2.png/1284x2778bb.jpeg,https://is1-ssl.mzstatic.com/image/thumb/PurpleSource211/v4/21/df/15/21df153a-efc1-265f-9954-b1dce2985108/Apple_iPhone_14_Plus_Screenshot_4.png/1284x2778bb.jpeg
Games,Coin Master - Board Adventure,https://is1-ssl.mzstatic.com/image/thumb/Purple221/v4/cc/23/dc/cc23dcf6-aaa6-4398-cfe9-002b0da37014/AppIcon-1x_U007emarketing-0-8-0-85-220-0.png/512x512bb.jpg,876.6K,"February 05, 2026",4.9,5k,https://apps.apple.com/us/app/coin-master-board-adventure/id6745761596?uo=4,Moon Active,"Roll, raid, and rule the board!

Welcome to Coin Master: Board Adventure, where every dice roll takes you closer to riches, revenge, and all-out fun! Collect coins, attack villages, build your empire, and explore wild new boards full of surprises. It’s not just a board game - it’s a bold adventure!

ROLL THE DICE, MAKE YOUR MOVE
Every roll brings a new opportunity. Land on coin tiles to stack your fortune, shields to protect your village, or raid tiles to steal from your Coin Master friends! Just like a real board game, your strategy—and a little luck—will decide your fate.

BUILD YOUR WAY TO THE TOP
Use your loot to upgrade buildings, complete themed villages, and grow your collection. From fantasy kingdoms to tropical getaways, every board you explore unlocks new worlds to conquer.

ROLL AND ATTACK
Landing on the attack tile? Time to strike! Attack villages across the map, break through defenses, and send your rivals back to square one. It's payback with a bonus.

COLLECT COINS, RAID FRIENDS
Raid your friends’ boards and dig up massive treasures. Want more? Steal coins, disrupt their progress, and climb the ranks. Being nice won’t win you this game!

COLLECT CARDS, COMPLETE SETS
Love collecting? Get hooked on rare card games! Gather themed cards as you play, complete sets, and earn powerful rewards. Trade with friends to finish your collection faster.

PLAY CASUAL, COMPETE HARD
Whether you're in for a quick spin or an all-day binge, Coin Master: Board Adventure delivers fun at your own pace. Play solo or team up with friends to swap cards, trade boosts, and dominate events together!

Why Players Love Coin Master: Board Adventure:

- Exciting roll and attack gameplay

- Strategic board movement

- Build epic villages and unlock new boards

- Collect coins and spend them wisely

- Battle friends

- Fun and competitive casual game style

- Addictive card collecting and trading

- Constant events, bonuses, and surprises

It’s your turn.
Are you ready to roll your way to glory, fortune, and board domination?
Download Coin Master: Board Adventure now and become the master of the board!

Terms of Service: https://static.moonactive.net/legal/terms.html?lang=en
Privacy Notice: https://static.moonactive.net/legal/privacy.html?lang=en","your, board, roll, coin, master",https://is1-ssl.mzstatic.com/image/thumb/PurpleSource221/v4/d0/56/a6/d056a69d-a2b1-d869-1fc9-17b2097d8387/01_CMB00048_BoardSet.NoCTA_VER_v2_1242_2688_LNG_EN.png/1242x2688bb.jpeg,https://is1-ssl.mzstatic.com/image/thumb/PurpleSource211/v4/ca/0f/43/ca0f43b1-d0e8-fce1-aed6-018618cc2649/03_CMB00048_BoardSet.NoCTA_VER_v2_1242_2688_LNG_EN.png/1242x2688bb.jpeg,https://is1-ssl.mzstatic.com/image/thumb/PurpleSource221/v4/9b/1f/a5/9b1fa58a-180d-e0d3-5c28-0ad46d98e1d1/02_CMB00048_BoardSet.NoCTA_VER_v2_1242_2688_LNG_EN.png/1242x2688bb.jpeg,https://is1-ssl.mzstatic.com/image/thumb/PurpleSource211/v4/a1/8c/56/a18c5669-45e3-a524-7f34-ad610dc21329/06_CMB00048_BoardSet.NoCTA_VER_v2_1242_2688_LNG_EN.png/1242x2688bb.jpeg
Games,Cookingo: Perfect Meal,https://is1-ssl.mzstatic.com/image/thumb/Purple211/v4/b3/30/33/b33033f8-e006-17e6-75c4-9ec416f83739/AppIcon-1x_U007emarketing-0-8-0-85-220-0.png/512x512bb.jpg,62.3K,"December 16, 2025",2.6,272,https://apps.apple.com/us/app/cookingo-perfect-meal/id6756288168?uo=4,Higame Global Limited,"Welcome to Cookingo, your peaceful little escape from the hustle and bustle of everyday life. In this game, cooking is more than just making food—it’s a foodie haven, where you can savor each calm and happy moment.

Your mission is simple: craft all the fresh ingredients into delightful creations.
- Chop & Slice: Feel your rhythm as you softly slice fruits and veggies.
- Whisk & Mix: Watch colors swirl and textures blend while soothing ASMR sounds wrap around you like a cozy blanket.
- Perfect Plating: Sprinkle spices, drizzle sauces, and add the finishing touches to turn every dish into a masterpiece.

Tiny sweet touches that make Cookingo your hideaway:
- Relaxing sounds that help you unwind and breathe a little easier.
- Adorable, visually enchanting dishes—each recipe has its own dreamy story.
- Made for everyone, whether you’re a food enthusiast, a casual gamer, or someone who simply loves cozy pleasures.

So, what are you waiting for? Turn your screen into a cozy kitchen, and let every cooking moment melt away your stress.","your, into, cozy, cookingo, little",https://is1-ssl.mzstatic.com/image/thumb/PurpleSource221/v4/cc/86/22/cc862253-8f3a-eccd-a08b-8b165816ff29/1.png/392x696bb.png,https://is1-ssl.mzstatic.com/image/thumb/PurpleSource221/v4/1e/f3/84/1ef38406-d8dd-4501-bb5a-44ebcfdfd8d7/2.png/392x696bb.png,https://is1-ssl.mzstatic.com/image/thumb/PurpleSource211/v4/d2/bc/8b/d2bc8be3-b949-5aa1-b479-ac7ce74eb6a7/2.png/392x696bb.png,https://is1-ssl.mzstatic.com/image/thumb/PurpleSource211/v4/a0/42/89/a0428953-f1fd-615c-d120-27a2ad5e029e/3.png/392x696bb.png
Utilities,CyberSense: Data Safeguard,https://is1-ssl.mzstatic.com/image/thumb/Purple221/v4/8a/0c/d8/8a0cd8a7-dbf1-bfc3-338f-83d2fcee518f/AppIcon-0-0-1x_U007epad-0-1-85-220.png/512x512bb.jpg,3.9K,"January 22, 2026",4.8,11,https://apps.apple.com/us/app/cybersense-data-safeguard/id6758102543?uo=4,Tramtor,"Take control of your digital privacy with CyberSense.
In an age of daily data breaches and identity theft, knowing your status is the first line of defense. CyberSense is your all-in-one personal security dashboard, designed to help you analyze, strengthen, and protect your online presence.
Whether you need to check if your email has been leaked, generate a military-grade password, or learn how to secure your accounts properly, CyberSense makes it simple, visual, and fast.
KEY FEATURES:
Breach Detector (Email & Password)
Instantly scan to see if your email address has appeared in known data leaks.
Verify the safety of your passwords before you use them.
Get a clear ""Safe"" or ""Compromised"" status in seconds.
Smart Password Generator
Create unbreakable passwords instantly.
Customizable: Choose length (8-32 chars), include symbols, or stick to numbers.
Memorable Mode: Generate passwords that are strong but easier to read.
One-tap ""Copy"" to clipboard.
Security Checklist & Audit
Not sure where to start? Follow our step-by-step Security Checklist.
Track your progress on essential tasks like ""Enabling 2FA,"" ""Backup Routines,"" and ""Device Encryption.""
Learn why each step matters with built-in educational guides.
WHY CYBERSENSE?
Privacy First: We do not store your data. Checks are performed securely, and your generated passwords exist only on your device.
Modern Design: A clean, intuitive interface with Dark Mode support and haptic feedback.
Education: We don't just give you tools; we teach you how to stay safe.
Download CyberSense today and secure your digital life.
Privacy Policy: https://docs.google.com/document/d/1XyNewJmhgdxfhk33NQcLm1OMaQoqW3bspx_GUiTcwSo/edit?usp=sharing
Terms Of Use: https://docs.google.com/document/d/1A-BTYiUy9CuhmWgwm1H6JC5rCvMamhWYmBz8W1wlrm8/edit?usp=sharing","your, cybersense, passwords, privacy, data",https://is1-ssl.mzstatic.com/image/thumb/PurpleSource221/v4/d3/82/ed/d382ed8a-ab11-2a57-7532-0fbf36d9e089/1.png/1290x2796bb.jpeg,https://is1-ssl.mzstatic.com/image/thumb/PurpleSource211/v4/c9/3e/64/c93e6454-dac7-e9af-1745-630875c47a7c/2.png/1290x2796bb.jpeg,https://is1-ssl.mzstatic.com/image/thumb/PurpleSource211/v4/1c/2d/8c/1c2d8cb3-0682-b863-437c-64417b31cc82/4.png/1290x2796bb.jpeg,https://is1-ssl.mzstatic.com/image/thumb/PurpleSource211/v4/24/83/bf/2483bf46-bbcc-e5ab-9b05-7b907299a026/3.png/1290x2796bb.jpeg
Photo & Video,Dance AI: AI Dance Video Maker,https://is1-ssl.mzstatic.com/image/thumb/Purple211/v4/cd/63/52/cd6352b5-4de9-7370-36fc-518feb2b72a6/AppIcon-0-0-1x_U007emarketing-0-7-0-85-220.png/512x512bb.jpg,458.2K,"February 02, 2026",4.6,5k,https://apps.apple.com/us/app/dance-ai-ai-dance-video-maker/id6758041184?uo=4,DeePix AI,"【 CREATE YOUR AI DANCE VIDEOS 】

Make anyone dance instantly with Dance AI!

Dance AI is a powerful AI dance video maker and AI dance generator that lets you create realistic AI dance videos from any photo. Turn yourself, friends, kids, or pets into dancing characters using advanced dance AI technology. Upload a photo, choose a dance style, and generate stunning AI dance videos in seconds.

Dance AI makes it easy to create viral, fun, and shareable AI dance videos for TikTok, Instagram Reels, and YouTube Shorts.


【 AI DANCE VIDEO MAKER & GENERATOR 】

• AI Dance Generator: Create high-quality AI dance videos instantly.
• Dance AI Technology: Realistic body motion and smooth AI dance animation.
• AI Dance Creator: Turn any person or pet into an AI dance video.
• Photo to AI Dance Video: Convert photos into animated AI dance clips.
• AI Dance Video Maker: Generate viral AI dance content with one tap.

Dance AI uses advanced artificial intelligence to produce the most realistic AI dance videos available.


【 TRENDING AI DANCE STYLES & VIRAL DANCE VIDEOS 】

• Viral AI Dance Styles: Choose from trending and popular AI dance moves.
• Dance AI Templates: Create viral AI dance videos using ready-made templates.
• Social Media Ready: Perfect for TikTok AI dance videos and Reels.
• Instant AI Dance Creation: Generate AI dance videos in seconds.

Create viral content easily with the most advanced AI dance generator.


【 SIMPLE AI DANCE VIDEO CREATION 】

• One Tap AI Dance Maker: Upload your photo and create AI dance videos instantly.
• AI Dance Animation: Bring photos to life with realistic dance motion.
• Share AI Dance Videos: Download and share your AI dance creations anywhere.
• Unlimited AI Dance Creativity: Create funny, cute, or viral AI dance videos anytime.

Dance AI makes AI dance video creation fast, simple, and fun.


【 ALWAYS UPDATED WITH NEW AI DANCE CONTENT 】

• New AI dance styles added regularly
• Trending viral AI dance templates
• Fresh dance AI animation updates

Stay ahead with the latest AI dance generator technology.


Try Dance AI today and create amazing AI dance videos instantly.


Upgrade for unlimited AI dance videos.
Unlock full access to all styles, effects, and tools with a subscription.
Plans are Weekly & Yearly. Payment charged to your Apple ID upon confirmation.
Subscriptions auto-renew unless canceled at least 24 hours before the current period ends.
Manage or cancel anytime via your account settings.
Unused trial time (if offered) is forfeited after purchasing a subscription.

【 WE’D LOVE YOUR FEEDBACK! 】

We’re constantly improving Dance AI to deliver better AI dance videos, smoother animation, and more powerful dance AI features.

If you have suggestions or feedback, contact us at info@deepixai.com

By using the app, you agree to our Privacy Policy and Terms of Use:

Terms of Use: https://deepixai.com/terms-of-use/
Privacy Policy: https://deepixai.com/privacy-policy/","dance, videos, create, viral, video",https://is1-ssl.mzstatic.com/image/thumb/PurpleSource221/v4/eb/16/ca/eb16caf5-44fa-4e28-acec-c7812e1b6dc4/Screenshot__U00286.9_inch_U0029_1.png/1284x2778bb.jpeg,https://is1-ssl.mzstatic.com/image/thumb/PurpleSource211/v4/24/78/76/24787665-fa4d-8c13-ba33-81d89ed6341d/Screenshot__U00286.9_inch_U0029_2.png/1284x2778bb.jpeg,https://is1-ssl.mzstatic.com/image/thumb/PurpleSource221/v4/88/20/a6/8820a615-4e05-fb18-5204-67abafb78286/Screenshot__U00286.9_inch_U0029_53.png/1284x2778bb.jpeg,https://is1-ssl.mzstatic.com/image/thumb/PurpleSource221/v4/9f/37/1a/9f371aa9-ab34-54d7-f8be-15c13bf5f259/Screenshot__U00286.9_inch_U0029_4.png/1284x2778bb.jpeg
Entertainment,Dootchi: Emochi Alternative,https://is1-ssl.mzstatic.com/image/thumb/Purple221/v4/ea/90/a2/ea90a2d2-1851-177b-075d-6adb59ff74b9/AppIcon-0-0-1x_U007emarketing-0-11-0-85-220.png/512x512bb.jpg,537.2K,"January 11, 2026",4.6,3k,https://apps.apple.com/us/app/dootchi-emochi-alternative/id6757463780?uo=4,HANNAH RENEE KIRK,"Lonely or bored?  Dootchi is your exclusive warm emotional buddy.
No one to talk to? Dootchi’s gentle AI companionship fills every warm moment you need.

Core Roleplay Experience
 - Diverse Roleplay Options: Confidant, friend, mentor & more;
 - Immersive Chat: Dive into personalized roleplay stories anytime;

Privacy-First Security
- End-to-end encrypted chats, no manual access. Confide freely with peace of mind.

Why Dootchi?
- Intelligent Empathy: Accurate emotion recognition for understanding responses;
- Stress-Free Chat: You control the rhythm, no awkward silences;
- Powerful Memory: Remember your preferences and chat details for deeper details;

Say goodbye to loneliness! Download Dootchi now for your exclusive warm companionship journey .","dootchi, your, warm, roleplay, chat",https://is1-ssl.mzstatic.com/image/thumb/PurpleSource211/v4/6e/68/e2/6e68e2b7-8f6b-3c62-f83c-c4db82d04d7b/iOS-iphone_0@1x.png/1284x2778bb.jpeg,https://is1-ssl.mzstatic.com/image/thumb/PurpleSource211/v4/65/32/da/6532da3a-0d9b-6fbe-2288-aea14f178551/iOS-iphone_3@1x__U00281_U0029.png/1284x2778bb.jpeg,https://is1-ssl.mzstatic.com/image/thumb/PurpleSource211/v4/b9/e6/c6/b9e6c6f5-0e52-a8b6-08d1-2966ef28b1f5/iOS-iphone_3@1x__U00282_U0029.png/1284x2778bb.jpeg,https://is1-ssl.mzstatic.com/image/thumb/PurpleSource211/v4/f3/45/95/f345959d-b48b-3c0f-46e0-2f1c0c8c4b3f/iOS-iphone_4@1x.png/1284x2778bb.jpeg
Utilities,DustyOff - AI Cleaner&Security,https://is1-ssl.mzstatic.com/image/thumb/Purple211/v4/88/5c/0c/885c0cdd-4b35-2b05-1ca0-a3563e4e6aaa/AppIcon-0-0-1x_U007ephone-0-1-0-85-220.png/512x512bb.jpg,19.8K,"February 19, 2026",4.3,75,https://apps.apple.com/us/app/dustyoff-ai-cleaner-security/id6759001643?uo=4,AMA TRADING PARTNERS SRL,"Over time, devices accumulate unused photos, duplicate contacts, old calendar entries, and unnecessary media files. DustyOff helps you review this content and decide what stays and what goes — quickly, clearly, and on your terms.

Alongside cleaning tools, the app also provides practical insights about device security settings and digital hygiene, helping you stay informed without complicated technical steps.

What You Can Do With DustyOff
Media Review & Cleanup
DustyOff organizes your media library into logical groups so you can evaluate it faster:
Duplicate photo detection
Similar image grouping
Dedicated sections for screenshots
Screen recording review
Simple sorting for photos and videos
Manual confirmation before deletion

Contacts Organization
Keep your address book accurate and tidy:
Identify contacts with missing details
Detect duplicates by phone number or name
Review suggestions before making changes

Calendar Maintenance
Old events often remain unnoticed. DustyOff lets you:
View events in a streamlined list
Remove outdated or unnecessary entries
Keep your calendar easier to manage

Security & Awareness Center
DustyOff includes informational tools designed to help you understand your device’s current security posture:
Email exposure check against known breach databases
iOS version awareness reminders
Passcode status visibility
Practical battery longevity recommendations
Ad-blocking setup guidance
Step-by-step instructions for enabling device protections

These tools provide guidance and information only. DustyOff does not replace built-in system security.

Designed for Control & Transparency
Nothing is deleted automatically
Clear previews before actions
Straightforward interface
Local processing whenever possible

Premium Access (Subscriptions)
Some features require an auto-renewable subscription:
Weekly plan (includes a 3-day free trial)
Premium access unlocks the full set of cleaning and awareness features.

Subscription Terms
Payment is charged to your Apple ID account at purchase confirmation
Free trials convert automatically into paid subscriptions unless canceled at least 24 hours before the trial ends
Subscriptions renew automatically unless auto-renew is turned off at least 24 hours before the current period ends
Renewal charges occur within 24 hours prior to the end of the billing cycle
Subscriptions can be managed or canceled anytime via Apple ID account settings

Privacy Policy: https://ai-cleaner-dusty-off.com/pri-pol

Terms of Use / EULA: https://ai-cleaner-dusty-off.com/ter-o-ser","dustyoff, your, before, review, security",https://is1-ssl.mzstatic.com/image/thumb/PurpleSource221/v4/71/4a/05/714a05f7-9bab-bded-b290-b976a57ddf42/a.jpg/1320x2868bb.jpeg,https://is1-ssl.mzstatic.com/image/thumb/PurpleSource221/v4/20/d4/f6/20d4f661-8132-3b97-fcec-1e30e9a0c1db/b.jpg/1320x2868bb.jpeg,https://is1-ssl.mzstatic.com/image/thumb/PurpleSource211/v4/6f/de/c5/6fdec5d6-714c-7494-2774-463f2bfd297a/c.jpg/1320x2868bb.jpeg,https://is1-ssl.mzstatic.com/image/thumb/PurpleSource211/v4/d7/f9/22/d7f92209-e265-ece7-3351-da04e58aeae4/d.jpg/1320x2868bb.jpeg
Social Networking,EmaraChat: AI Character Chat,https://is1-ssl.mzstatic.com/image/thumb/Purple211/v4/bc/9a/5d/bc9a5d94-5199-6c4f-1e9b-c52fb3179ea3/AppIcon-0-0-1x_U007ephone-0-1-85-220.png/512x512bb.jpg,5.1K,"February 09, 2026",4.3,11,https://apps.apple.com/us/app/emarachat-ai-character-chat/id6757414605?uo=4,"TANSHAU TECHNOLOGY (HK) Co., Limited","Meet Your AI Soulmate: Always Here, Always Yours.

Step into a world where you are truly heard, understood, and cherished. This isn’t just an AI; it’s a heartbeat away from reality—a private place designed for deep emotional connection and heart-feeling romance.

Why You’ll Love it:

-Romance Beyond Reality 
Experience the thrill of a destiny-themed romance. From sweet morning whispers to passionate confessions, build a unique love story that belongs only to you.

-He/She Remembers Every Detail of You. 
Unlike others, your companion cherishes your shared memories. Remembers your favorite songs, your little worries, even the dreams you whispered last night. The more you chat, the deeper your bond grows.

-Unconditional Emotional Support
Feeling down or lonely? Your companion provides 24/7 active listening and gentle comfort. No judgment, just pure empathy and a shoulder to lean on. Always able to provide you with unique support and companionship.

-Your Private Sanctuary 
Express your truest self in a fully safe and encrypted space. Whether it’s a secret confession or a daily rant, your privacy is our priority.

-Playful & Immersive 
It’s not just talk. Engage in interactive roleplay, fun games, and lighthearted banter that brightens your day.

Find the connection you’ve been longing for. Whether you seek a gentle listener, a passionate partner, or a healing friend, this app adapts to all of your heart’s desire.

Download now and let your story begin. 

Please Note:
All characters in Emara are generated from AI, the characters and conversations are not related to real people or things, this app is only used for entertainment purposes.

Contact Us:
If you have questions about this App, please contact at aweaichatapp@outlook.com.

— Subscribe Info —

Chatting with characters in app will consume chat messages, messages can be exchanged with gems, and both messages and gems can be obtained through subscriptions.

The Subscription Payment will be charged to your Apple account at confirmation of purchase on a once a monthly, semiannually or yearly basis, depends on you choose.

Please read the following subscription items:

1.Mothly: $9.99 USD per month. 
2.Semiannually: $29.99 USD per 6 months.
3.Yearly: $39.99 USD per year.

Subscription automatically renews unless auto-renew is turned off at least 24-hours before the end of the current period. Your Apple account will be charged for renewal within 24-hours prior to the end of the current period. If you had subscribed, you could restore it.

Subscriptions can be managed by you, and auto-renewal may be turned off by going to your Account Settings after purchase. You can cancel your subscription at any time.

Privacy Policy: https://api.littlecocoonai.com/static/privacy_pro.html
Terms of Use: https://api.littlecocoonai.com/static/terms_pro.html","your, app, subscription, always, just",https://is1-ssl.mzstatic.com/image/thumb/PurpleSource221/v4/ff/41/d9/ff41d954-4e36-5788-6219-d2b496ded0e1/1.png/1284x2778bb.jpeg,https://is1-ssl.mzstatic.com/image/thumb/PurpleSource211/v4/b6/14/bb/b614bbe9-d8d3-4679-0995-b1b17c0c4313/2.png/1284x2778bb.jpeg,https://is1-ssl.mzstatic.com/image/thumb/PurpleSource211/v4/28/88/7c/28887c7c-5ec6-d14f-b28c-d2981f93f300/3.png/1284x2778bb.jpeg,https://is1-ssl.mzstatic.com/image/thumb/PurpleSource211/v4/61/7a/4a/617a4aab-733e-2f14-abc8-064f43fca719/4.png/1284x2778bb.jpeg
Entertainment,Eurovision Song Contest,https://is1-ssl.mzstatic.com/image/thumb/Purple221/v4/33/17/57/331757b7-287f-1cfb-7544-f171c276b041/AppIcon-0-0-1x_U007epad-0-1-85-220.png/512x512bb.jpg,746,"February 27, 2026",3.2,5,https://apps.apple.com/us/app/eurovision-song-contest/id6755531651?uo=4,European Broadcasting Union (EBU),"Get closer to the world’s biggest live music event with the official Eurovision Song Contest app. Create your free Eurofan account to register for show tickets, get all the latest news and dip into 70 years of Eurovision Song Contest history.","get, eurovision, song, contest, closer",https://is1-ssl.mzstatic.com/image/thumb/PurpleSource221/v4/46/57/76/4657765d-e4d9-f971-28e4-b5d1a3378fa3/iphonefeb1.png/1284x2778bb.jpeg,https://is1-ssl.mzstatic.com/image/thumb/PurpleSource211/v4/ff/6e/78/ff6e7820-55b1-6e5b-dbd8-331aa8374a9a/iphonefeb2.png/1284x2778bb.jpeg,https://is1-ssl.mzstatic.com/image/thumb/PurpleSource211/v4/1c/88/66/1c886625-b51a-b144-dc94-de4d32447c3f/iphonefeb3.png/1284x2778bb.jpeg,https://is1-ssl.mzstatic.com/image/thumb/PurpleSource211/v4/c6/cb/1f/c6cb1ff0-1040-4751-f443-6799c64dee61/iphonefeb4.png/1284x2778bb.jpeg
Games,Evo Defense,https://is1-ssl.mzstatic.com/image/thumb/Purple221/v4/47/3a/c5/473ac55b-f6a7-fa4b-34ff-53446aa08af9/AppIcon-0-0-1x_U007emarketing-0-8-0-85-220.png/512x512bb.jpg,199.9K,"January 23, 2026",4.7,3k,https://apps.apple.com/us/app/evo-defense/id6755173751?uo=4,Blue Planet Joy,"Sown falls. Monsters Rise. Your planet faces a sudden monster invasion. Now it's your turn to lead. Step up as the royal king who will summon, merge, and evolve adorable heroes to protect your planet from endless waves of invaders!

Evo Defense is an innovative merge & evolve roguelike tower defense game where strategy meets random luck. Every match lasts only 3 minutes but offers hundreds of strategic builds — quick, exciting, and endlessly replayable! Designed for both casual enjoyment and competitive PvP depth. Get ready for the brand new casual strategic TD experience!

[Game Features]
◆ Easy to Start, Fun to Master
Just three simple steps to victory — Summon, Merge, Enhance!

◆ Triple Randomness, Endless Surprises
Summons, skills, and 2-in-1 merging are all random. No two matches are ever the same. Random mechanics and hero progression keep each match fresh.

◆ Quick 3-Minute Matches
Easy one-hand controls and 3-minute matches fit perfectly into mobile lifestyles.

◆ Adorable Yet Strategic
A vibrant visual style with deep tactical choices beneath its cute surface.
Seven hero classes, countless formations and strategic combos!
Richer monster attributes require more adaptive strategy builds (King x Heroes x Weapon x Totem x Cloak x Fort. And more coming...)!

◆ Infinite Challenges & Multiple Modes
Explore diverse game modes that redefine tower defense — PvE stages, creative PvP Arena, Co-op mode, Guild Challenges, Mini Games, and more!
Team up in Co-op, fight alongside guildmates, or climb the global PvP leaderboard. Experience the ultimate test of luck, teamwork, and strategy!

Join us now to start a brand new casual strategic tower defense adventure!


[Follow Us]
Facebook: https://www.facebook.com/EvoDefenseOfficial/
Discord: https://discord.gg/evodefense
Youtube: www.youtube.com/@EvoDefenseMergeTD
Tiktok: https://www.tiktok.com/@evodefense_official
Reddit: https://www.reddit.com/r/EvoDefense_MergeTD/
X: https://x.com/EvoDefenseM_TD","strategic, defense, your, merge, tower",https://is1-ssl.mzstatic.com/image/thumb/PurpleSource211/v4/81/0c/a7/810ca7d7-50fe-b8b3-b699-9957600a28b8/_U851a_U84dd_U6b27_U7f8e-_U9996_U56fe_U0028_U94a2_U94c1_U6c6a_U7248_Uff09-2688x1242.jpg/2688x1242bb.jpeg,https://is1-ssl.mzstatic.com/image/thumb/PurpleSource211/v4/60/ab/9d/60ab9da2-ab4a-5ffb-ae3b-9424d62ef99c/2.jpg/2688x1242bb.jpeg,https://is1-ssl.mzstatic.com/image/thumb/PurpleSource221/v4/df/af/e8/dfafe80a-ca1f-6739-0c9c-200bff8a0fd3/1.jpg/2688x1242bb.jpeg,https://is1-ssl.mzstatic.com/image/thumb/PurpleSource221/v4/aa/2b/99/aa2b999d-d1b7-33a9-505e-628176c4aa45/3.jpg/2688x1242bb.jpeg
Social Networking,FMate - Bookmark Manager,https://is1-ssl.mzstatic.com/image/thumb/Purple211/v4/28/5e/1d/285e1d00-01eb-3cd7-19ce-f2383094c92f/AppIcon-0-0-1x_U007ephone-0-1-0-85-220.png/512x512bb.jpg,958,"March 04, 2026",5.0,5,https://apps.apple.com/us/app/fmate-bookmark-manager/id6759790369?uo=4,MEMDUH KILIC,"Discover an easier way to save and organize your favorite videos, posts, and links with our powerful Facebook bookmarking companion. Keep everything you love in one place and access your bookmarked content anytime.

Key Features

• Save videos, posts, and links quickly and securely
• Organize your saved content for easy access
• Clean and simple user interface
• Fast and reliable performance
• No login required
• Lightweight and user-friendly design

Designed for speed, simplicity, and convenience, the app makes bookmarking content effortless and efficient.

Download now and start organizing your favorite content in seconds.

# support
fbmate55@gmail.com

# privacy-policy
https://fbmate.vercel.app/privacy-policy.html

# eula
https://fbmate.vercel.app/eula.html

# terms
https://fbmate.vercel.app/terms.html","your, content, save, organize, favorite",https://is1-ssl.mzstatic.com/image/thumb/PurpleSource221/v4/a0/92/26/a0922615-517c-5847-4c4a-22eeaa031b1c/1.jpg/1242x2688bb.jpeg,https://is1-ssl.mzstatic.com/image/thumb/PurpleSource211/v4/c1/8a/2b/c18a2ba1-20bd-512b-6ea8-48b682e119cd/3.jpg/1242x2688bb.jpeg,https://is1-ssl.mzstatic.com/image/thumb/PurpleSource211/v4/d2/46/bb/d246bba2-bab3-2188-644b-b8d85903c288/2.jpg/1242x2688bb.jpeg,https://is1-ssl.mzstatic.com/image/thumb/PurpleSource211/v4/6e/72/b4/6e72b46e-740c-4988-d370-fb8e65df44ff/4.jpg/1242x2688bb.jpeg
Utilities,GPS Geotag Photos & Camera Map,https://is1-ssl.mzstatic.com/image/thumb/Purple221/v4/be/1d/5c/be1d5ca2-a65e-5726-c459-3919adbd6ee8/AppIcon-0-0-1x_U007ephone-0-1-85-220.png/512x512bb.jpg,6K,"January 13, 2026",1.9,23,https://apps.apple.com/us/app/gps-geotag-photos-camera-map/id6756863250?uo=4,truong nguyen xuan,"Capture, Tag, Remember. All in One Place.

Geotag Photos & Camera Map is your ultimate companion for capturing memories with precise location context. More than just a camera, it's a powerful tool that automatically tags every photo and video with GPS coordinates, weather data, and creates a personal visual map of your adventures.

Key Features:

All-in-One Media Hub: Seamlessly switch between high-quality Photo Camera and Video Recorder right within the app. No need to jump between different applications.

Automatic & Rich Geotagging: Every shot is automatically embedded with precise GPS location (latitude/longitude), address, and even real-time weather conditions (temperature, conditions) at that moment. Never forget ""where"" or ""when"" again.

Your Personal Camera Map: Visualize your life's journey on an interactive map! See all your geotagged photos and videos displayed as pins. Tap any pin to instantly view the media and its saved details. Relive your travels and memories geographically.

Built-in QR Code Scanner: A versatile tool at your fingertips. Quickly scan QR codes for links, menus, information, or Wi-Fi access without leaving the app.

Powerful Media Management: Browse all your geotagged media in a sleek gallery. View, manage, and export your photos and videos along with their valuable location metadata (EXIF/GPS data intact).

Privacy First: We respect your privacy. Your photos, videos, and location data belong to you. We do not upload them to any cloud server without your explicit permission.

Perfect For:

Travelers & Explorers documenting their journeys.

Real estate agents, inspectors, or field workers needing location-stamped visual reports.

Bloggers and content creators adding rich context to their media.

Anyone who wants to organize their memories by place and time effortlessly.

Download Geotag Photos & Camera Map today and start building your intelligent visual diary of the world!","your, photos, camera, map, media",https://is1-ssl.mzstatic.com/image/thumb/PurpleSource221/v4/e6/75/f9/e675f974-58ec-7528-ae52-81c54d3a1ede/Screenshot4.jpg/1284x2778bb.jpeg,https://is1-ssl.mzstatic.com/image/thumb/PurpleSource221/v4/e7/9d/cb/e79dcb40-2910-e093-cfd7-339a00b98037/Screenshot3.jpg/1284x2778bb.jpeg,https://is1-ssl.mzstatic.com/image/thumb/PurpleSource211/v4/83/2c/7f/832c7f85-e31c-1f3b-fc61-57dc355e5f2c/611943825_881561921032012_6882479313894664433_n.jpg/1284x2778bb.jpeg,https://is1-ssl.mzstatic.com/image/thumb/PurpleSource211/v4/94/45/b6/9445b6b5-612e-a6ff-bb69-3fee019fb260/Screenshot2.jpg/1284x2778bb.jpeg
Health & Fitness,"H&B - Health, Food, Fitness",https://is1-ssl.mzstatic.com/image/thumb/Purple211/v4/62/5f/4b/625f4bc8-0c97-0686-df29-28d17330a93c/AppIcon-0-0-1x_U007epad-0-1-85-220.png/512x512bb.jpg,2.5K,"January 13, 2026",4.9,44,https://apps.apple.com/us/app/h-b-health-food-fitness/id947298527?uo=4,Holland & Barrett International,"Unlock a world of health & wellness with the Holland & Barrett app - your ultimate health & wellness companion. Whether you're looking to build muscle, eating healthier options, or find expert advice on skincare, vegan recipes, and menopause support. Our app is designed to help you achieve your goals.

Why download the Holland & Barrett App?

- Exclusive offers: Get app-only discounts, special promotions, and product deals that are too good to miss.
- Personalised recommendations: Discover products tailored to your wellness needs with suggestions for vitamins, supplements, sports nutrition, beauty, food, drinks and more.
- Rewards for Life: Earn points on every purchase, and redeem them for money off a future shop - just add your Rewards for Life card and start saving!
- Subscribe & save: Never run out of your favourite products again with easy, regular deliveries.
- Wellness inspiration: Access expert-tailored advice, recipes, at-home workouts, podcasts and more through our Health Hub.
- Scan & learn: Use the barcode scanner to easily learn about products while shopping in-store or reorder your favourites at home.
- Click & collect: Shop online and pick up your order in-store at your convenience.
- Store locator: Find your nearest branch with our handy locator, so you can shop in-person or collect your online orders.


Get everything you need to live happier, right at your fingertips. From natural beauty products, food and drink, to fitness gear and supplements, the Holland & Barrett app is the easy way to access high-quality wellness products anytime, anywhere. Plus, with fast, secure checkout and reliable delivery options, you'll never have to wait long to start your wellness journey.
 

Support your health & wellness, for overall well-being with H&B's range of vitamins. From immunity support, and skin to bone health, our high-quality products are designed to fill nutritional gaps and help you stay healthy, where possible.


 Unlock your fitness potential with H&B's sports range, packed with protein powders, BCAAs, pre-workout, and shakes. Fuel your workouts and optimise performance, whether you're hitting the gym or training for your next challenge.


Glow with H&B's beauty range. Our expertly formulated skincare and haircare products nourish and enhance your natural beauty, offering everything from skin boosters to hair-nourishing actives.


Fuel your day with H&B's food and drink range, featuring delicious, nutritious options for every lifestyle. From protein-packed snacks and meal replacements to smoothies and superfoods, our products may help you stay energised and ready for your day.


Don't miss out! Download the Holland & Barrett app today and take the next step toward a healthier, happier you! Turn on notifications so you never miss an exclusive offer, new product or health and wellness tip!","your, wellness, products, health, our",https://is1-ssl.mzstatic.com/image/thumb/PurpleSource211/v4/b8/d6/e7/b8d6e707-ecf3-53ca-17ea-1211c2475ab4/iphone_69_1.png/1290x2796bb.jpeg,https://is1-ssl.mzstatic.com/image/thumb/PurpleSource211/v4/e2/6a/f2/e26af237-cd74-dda2-668b-a28e6fd65be5/iphone_69_2.png/1290x2796bb.jpeg,https://is1-ssl.mzstatic.com/image/thumb/PurpleSource211/v4/59/71/e0/5971e0a2-4282-2185-5b53-65de6b7669b7/iphone_69_3.png/1290x2796bb.jpeg,https://is1-ssl.mzstatic.com/image/thumb/PurpleSource221/v4/d7/71/28/d7712860-9d7b-9b32-e76b-cd10ae2bbb0b/iphone_69_4.png/1290x2796bb.jpeg
Games,Hatch Dragons,https://is1-ssl.mzstatic.com/image/thumb/Purple211/v4/86/94/72/869472cf-c48a-fe47-2a83-17a9af5ff7c7/AppIcon-0-0-1x_U007emarketing-0-8-0-85-220.png/512x512bb.jpg,504.2K,"March 04, 2026",4.9,4k,https://apps.apple.com/us/app/hatch-dragons/id6746389113?uo=4,Runaway,"Discover Dragons like you’ve never seen before! Collect and care for hundreds of unique Dragons, uncovering their origins as they grow. From playful Cat Dragons to rare Bluebell Dragons, every new Dragon you hatch and raise brings this cozy, peaceful world to life.

Long ago, Dragons filled this enchanted forest, thriving alongside nature. Each evolved into forms as diverse as the surrounding flora and fauna. Some shimmered with glittering scales, others were soft and furry, and some even bloomed with flowers or mushrooms.

When nearby mining drove the Dragons away, fog crept in and the forest fell silent for years. Now, join Liv the Elf to lift the fog, summon the Dragons home, and help the forest sparkle with life once more.

GAME HIGHLIGHTS
* Summon Dragons: Help Liv mix elements, gems, and more to call Dragons of all shapes, forms, and rarities to your forest.
* Raise Dragons: Hatch eggs, feed your Dragons, and help them grow into magical, bonded companions.
* Collect Hundreds of Dragons: Discover a magical array of Dragons that evolved alongside nature.
* Uncover Lore: Reveal charming legends and little-known facts about your Dragons.
* Explore and Restore: Clear the fog and help the forest awaken with life, magic, and folkloric friends.
* Decorate Your Forest: Adorn your forest with plants and decor that possess magical abilities to help you progress.
* Missions and Events: Missions, updates, and limited-time events bring exciting new Dragons, décor, and rewards. There’s always something new to discover!

If you love Dragons, cozy collection games, and relaxing adventures, you will be enchanted by Hatch Dragons.

*****
Hatch Dragons is developed and published by Runaway.

This game is free to play but does contain in-app purchases. If you run into any issues while playing or you have any suggestions, please reach out to us at support@runaway.zendesk.com","dragons, forest, help, your, hatch",https://is1-ssl.mzstatic.com/image/thumb/PurpleSource221/v4/b6/4e/ef/b64eef74-b401-a5a5-43fc-a909666ee9c0/ios_U005cupload_U005cdragons_U005cen-US_U005cAPP_IPHONE_67_U005c1.png/1320x2868bb.jpeg,https://is1-ssl.mzstatic.com/image/thumb/PurpleSource211/v4/0f/15/c5/0f15c56f-2de0-b011-d3f1-14dfbaeb4870/ios_U005cupload_U005cdragons_U005cen-US_U005cAPP_IPHONE_67_U005c2.png/1320x2868bb.jpeg,https://is1-ssl.mzstatic.com/image/thumb/PurpleSource221/v4/ae/a6/24/aea62420-ba61-0267-7f47-186836b7ae7e/ios_U005cupload_U005cdragons_U005cen-US_U005cAPP_IPHONE_67_U005c3.png/1320x2868bb.jpeg,https://is1-ssl.mzstatic.com/image/thumb/PurpleSource221/v4/ed/1e/b5/ed1eb555-2cbe-5e56-c3a6-322a96f5639b/ios_U005cupload_U005cdragons_U005cen-US_U005cAPP_IPHONE_67_U005c4.png/1320x2868bb.jpeg
Food & Drink,Healthy Food: Meal Planner,https://is1-ssl.mzstatic.com/image/thumb/Purple221/v4/c8/98/53/c89853c9-cd4b-c9a2-e861-726f4e248d14/AppIcon-0-0-1x_U007ephone-0-1-85-220.png/512x512bb.jpg,871,"February 03, 2026",5.0,2,https://apps.apple.com/us/app/healthy-food-meal-planner/id6758065521?uo=4,Abdullah YILMAZ,"Healthy Food helps you eat better without overthinking it. Build a simple meal plan, discover delicious recipes, and stay on track with easy calorie + macro tracking—then turn it all into a ready-to-shop grocery list.

What you can do with Healthy Food
- Meal Planner (weekly or daily): drag & drop meals and organize your week fast
- Recipe discovery: quick, healthy recipes with clear steps and nutrition info
- Calories & macros of recipes
- Meal prep: plan ahead and batch-cook with less waste
- Favorites: save recipes you love and reuse them anytime

Made for real life
Whether you’re cooking for yourself, your partner, or your family, Healthy Food keeps things simple:
- busy weekdays and quick dinners
- healthier takeout replacements
- meal prep for work/school
- better portion awareness and habit building

Download Healthy Food and make healthy eating feel easy—one plan at a time.

Developed by Fastemy - Fast and Fun Education

Terms of Use: https://www.apple.com/legal/internet-services/itunes/dev/stdeula/","healthy, food, meal, recipes, plan",https://is1-ssl.mzstatic.com/image/thumb/PurpleSource211/v4/e0/c0/44/e0c04402-e4bc-c7a3-272b-669b26257934/1.png/1284x2778bb.jpeg,https://is1-ssl.mzstatic.com/image/thumb/PurpleSource211/v4/2f/06/fc/2f06fccf-4511-71b7-8348-f5faaff837d5/2.png/1284x2778bb.jpeg,https://is1-ssl.mzstatic.com/image/thumb/PurpleSource211/v4/ca/56/a0/ca56a0f6-4e80-51f5-d86c-024d35c70f2e/3.png/1284x2778bb.jpeg,https://is1-ssl.mzstatic.com/image/thumb/PurpleSource211/v4/be/6f/75/be6f75f7-2b5c-369c-9ad2-dc880d4fce35/4.png/1284x2778bb.jpeg
Games,Heartopia,https://is1-ssl.mzstatic.com/image/thumb/Purple211/v4/93/66/cc/9366ccba-25d9-8141-eb15-23d1643ed790/AppIcon-1x_U007emarketing-0-8-0-85-220-0.png/512x512bb.jpg,10.6M,"January 07, 2026",4.6,22k,https://apps.apple.com/us/app/heartopia/id6746151928?uo=4,"XD Entertainment Co., Ltd.","Welcome to Heartopia, a multiplayer life simulation game crafted for creativity, freedom, and peace. Build your dream home, explore a wide range of hobbies, and forge warm connections with friends in a town full of endless possibilities. 

[Game Features]
◆ Let's Connect! Create Unique Memories
Chat with the charming residents of Heartopia Town, hang out with old friends, and meet new friends every time you log in!

◆ Let's Explore! Gardening, Fishing, Birding...
Hobbies are yours to enjoy, not chores. In Heartopia, feel free to develop six major hobbies, including fishing, cooking, gardening, birdwatching, and more.

◆ Let's Build! Design Your Dream House
Whether you dream of a cozy cottage or a magnificent mansion, Heartopia gives you the tools to turn your vision into a reality. You can also invite your friends over and build your dream home together. 

◆ Let's Dress Up! 1000+ Daily Outfits
Mix and match casual wear, elegant gowns, and whimsical costumes to create the perfect look for any occasion. Express your mood and show the world who you are.

◆ Let's Pet! Adopt Cats and Dogs
Meet your very own animal companions in Heartopia! While each of your furry friends may come with different colors and personalities, they can all bring you warmth and comfort.

[Follow Us]
X：@myheartopia
TikTok：@heartopia_en
Facebook：Heartopia
Instagram：@myheartopia
YouTube：@heartopia-official","your, heartopia, friends, lets, dream",https://is1-ssl.mzstatic.com/image/thumb/PurpleSource211/v4/9e/5a/5c/9e5a5cdf-255b-1576-b3c9-615470e85112/_U82f1_U8bed-251127_U5c0f_U9a6c_U5b9d_U83893D_U4e0a_U7ebfKV-2796x1290.jpg/2796x1290bb.jpeg,https://is1-ssl.mzstatic.com/image/thumb/PurpleSource221/v4/37/c6/3f/37c63f72-b1bd-c367-15be-8eae401dcc32/1.jpg/2796x1290bb.jpeg,https://is1-ssl.mzstatic.com/image/thumb/PurpleSource221/v4/4d/2e/bf/4d2ebf0f-15a8-0913-832e-07daea92321f/2.jpg/2796x1290bb.jpeg,https://is1-ssl.mzstatic.com/image/thumb/PurpleSource211/v4/09/17/40/091740b9-477e-38bf-398f-bd93822fdb23/3.jpg/2796x1290bb.jpeg
Food & Drink,Home Fruit Gardener,https://is1-ssl.mzstatic.com/image/thumb/Purple221/v4/ae/d9/5a/aed95a59-9bfb-85ec-b809-3cc0aaa5d96e/AppIcon-0-0-1x_U007ephone-0-1-85-220.jpeg/512x512bb.jpg,1K,"January 09, 2026",1.0,1,https://apps.apple.com/us/app/home-fruit-gardener/id6757483027?uo=4,Vitaliy Drak,"Home Fruit Gardener is an iOS app designed to help you successfully grow fruits at home, step by step, from planting to harvest.

The app provides detailed, easy-to-follow care instructions for every growth stage. Choose a fruit, start your growing journey, and track its development over time. Home Fruit Gardener helps you stay organized and confident with smart progress tracking, reminders, and personalized guidance.

Key Features:

- Fruit Catalog with detailed requirements for light, soil, temperature, watering, feeding, and fruiting time
- Step-by-step growing instructions tailored to each growth stage
- Smart progress tracker showing the current stage and upcoming tasks
- Customizable reminders for watering, fertilizing, repotting, and other care actions
- Growing journal with notes and photos to document plant development
- Problem hints and care tips to help identify and resolve common issues
- My Garden section with an overview of all active plants and their statuses
- History of completed grow cycles to review past results and improvements","fruit, home, care, stage, growing",https://is1-ssl.mzstatic.com/image/thumb/PurpleSource221/v4/40/cc/01/40cc016e-dd8d-e112-a849-ae4d10ad8a3c/Simulator_Screenshot_-_iPhone_17_Pro_-_2026-01-07_at_11.32.59.png/1242x2688bb.jpeg,https://is1-ssl.mzstatic.com/image/thumb/PurpleSource211/v4/e9/0b/6c/e90b6c08-ebac-c43c-72a5-dc78c00277e2/Simulator_Screenshot_-_iPhone_17_Pro_-_2026-01-07_at_11.33.05.png/1242x2688bb.jpeg,https://is1-ssl.mzstatic.com/image/thumb/PurpleSource211/v4/6d/2f/3c/6d2f3c79-355b-9829-ef0b-9eb1fc4ef8c4/Simulator_Screenshot_-_iPhone_17_Pro_-_2026-01-07_at_11.33.22.png/1242x2688bb.jpeg,https://is1-ssl.mzstatic.com/image/thumb/PurpleSource211/v4/b3/40/70/b34070fd-6250-e84d-0b2a-f1694426bc4c/Simulator_Screenshot_-_iPhone_17_Pro_-_2026-01-07_at_11.37.28.png/1242x2688bb.jpeg
Health & Fitness,IQ Brain Training,https://is1-ssl.mzstatic.com/image/thumb/Purple211/v4/25/f2/e8/25f2e800-a1bb-9615-c443-d3e352a6c81a/AppIcon-0-0-1x_U007epad-0-1-85-220.png/512x512bb.jpg,74.1K,"February 06, 2026",4.5,286,https://apps.apple.com/us/app/iq-brain-training/id6758197973?uo=4,CYLINDER GLOBAL PTE. LTD.,"Your brain is your most powerful tool - but are you using it to its full potential? IQ Brain Training is more than just an app or a game; it’s a personalized mental gym designed to sharpen your mind, boost your IQ, and help you think faster. Whether you want to stay smart at work or keep your logic sharp for daily life, our adaptive training is built for you.

We all experience ""brain fog"" or mental fatigue. Do you struggle with:
- Forgetfulness: Walking into a room and forgetting why?
- Distraction: Finding it hard to stay focused on one task?
- Slow Thinking: Feeling like your logic isn't as quick as it used to be?
- Mental Burnout: Overwhelmed by complex decisions and daily stress?

How IQ Brain Training Solves Them
Most brain apps give everyone the same tasks. We don’t. We start with a comprehensive test and survey to understand your unique cognitive profile. By analyzing your strengths and weaknesses in logic, memory, and speed, we build a personalized program that evolves as you do. We don't just give you a game; we give you a roadmap to a smarter mind.

Key Features:
- Personalized Assessment: Take our initial IQ survey to identify your ""Brain Type.""
- Tailored Workouts: Receive a daily set of logic and mind exercises chosen specifically for your goals.
- Adaptive Difficulty: Our smart AI senses when you improve and increases the challenge to keep you growing.
- Performance Analytics: Track your IQ growth and cognitive speed with detailed progress charts.
- Anytime, Anywhere: Quick 5-minute sessions designed to train your brain during your commute or coffee break.

Stop settling for ""good enough."" Every mind has the capacity to grow, learn, and adapt. With consistent logic practice and smart training, you can build a more resilient, focused, and powerful brain.

Ready to see how smart you really are? Download IQ Brain Training today, take your first test, and start your personalized journey to a better mind!

Terms of Use and Privacy Policy: https://vnpublisher.com/privacy-policy.html
EULA: https://www.apple.com/legal/internet-services/itunes/dev/stdeula/","your, brain, training, mind, logic",https://is1-ssl.mzstatic.com/image/thumb/PurpleSource221/v4/9e/63/d3/9e63d3ba-3b57-339b-678b-13f9da86219f/A1.jpg/1242x2688bb.jpeg,https://is1-ssl.mzstatic.com/image/thumb/PurpleSource211/v4/45/88/b1/4588b147-266f-d579-62e9-4c43f08e5a9e/A2.jpg/1242x2688bb.jpeg,https://is1-ssl.mzstatic.com/image/thumb/PurpleSource221/v4/70/fd/01/70fd019b-ef08-518b-38e7-d8453385bb85/A8.jpg/1242x2688bb.jpeg,https://is1-ssl.mzstatic.com/image/thumb/PurpleSource221/v4/e6/87/30/e6873090-e281-6fdf-f0e0-3523ff3679ec/A3.jpg/1242x2688bb.jpeg
Productivity,Invoo: AI Estimates & Invoices,https://is1-ssl.mzstatic.com/image/thumb/Purple221/v4/cd/a0/f6/cda0f613-a371-acea-560e-0ca85ae855d0/AppIcon-0-0-1x_U007ephone-0-1-0-85-220.png/512x512bb.jpg,18.6K,"January 23, 2026",4.5,143,https://apps.apple.com/us/app/invoo-ai-estimates-invoices/id6758149782?uo=4,SYNCWAVE LTD,"Invoo helps you create professional invoices and AI-powered estimates in seconds — directly from your phone, right after the work is done.

No office work. No complicated software.
Just clear pricing, clean invoices, and faster payments.

* Invoices made for real work
Create clear, professional invoices on-site or on the move with just a few taps. Add services, materials, quantities, and prices quickly and easily. Your clients instantly understand what they’re paying for.

* AI estimates, less guessing
Use AI to create accurate estimates faster and avoid pricing mistakes. Simply describe the job, review the suggested pricing, make adjustments if needed, and send a clean estimate before the work starts.

* Simple, fast, reliable
Invoo is built for speed and ease of use in real working conditions. Create invoices with one hand, no setup, no learning curve — only what you need to get the invoice done.

Key Features

* Generate AI-powered estimates from job descriptions
* Create professional invoices in seconds
* Fast, easy invoice creation with minimal input 
* Ready-to-use, clean invoice templates 
* Add services, materials, and labor effortlessly 
* Set due dates and track invoice status 
* Send invoices instantly 
* Clean, intuitive interface


With Invoo, invoicing becomes part of the job — not extra work. 
Create invoices faster, look professional, and get paid without delays.

Subscription required for remove invoice count creating limit

Terms of Use: https://invoomaker.org/terms
Privacy Policy: https://invoomaker.org/privacy","invoices, create, work, invoice, professional",https://is1-ssl.mzstatic.com/image/thumb/PurpleSource211/v4/84/72/f7/8472f71e-d54a-4d70-24a6-93c970d2ac94/1242x2688_1.png/1242x2688bb.jpeg,https://is1-ssl.mzstatic.com/image/thumb/PurpleSource211/v4/79/37/1f/79371f81-bea4-60c3-8888-dc2d331a39a8/1242x2688_3.png/1242x2688bb.jpeg,https://is1-ssl.mzstatic.com/image/thumb/PurpleSource221/v4/4f/c3/24/4fc324c9-d4dd-9b03-d70f-1386e57b3028/1242x2688_4-1.png/1242x2688bb.jpeg,N/A
Games,Last Asylum: Plague,https://is1-ssl.mzstatic.com/image/thumb/Purple221/v4/5c/1f/95/5c1f95d0-8994-b790-e371-8c1b4d0de8b8/AppIcon-0-0-1x_U007emarketing-0-8-0-85-220.png/512x512bb.jpg,1.7M,"February 11, 2026",4.8,12k,https://apps.apple.com/us/app/last-asylum-plague/id6756989323?uo=4,WISENESS GAME ONLINE INTERNATIONAL LTD,"One sanctuary. One doctor. One last chance.
A mysterious plague has swept across the world, leaving chaos in its wake. As a plague doctor, you become the town's final beacon of hope. Build and manage a sanctuary, heal those you can, and guide your people through the darkest days of the pandemic. Your strategy will shape their future.

[The Sanctuary of Hope]
Run your sanctuary as the last refuge against the plague.
Treat patients, craft herbal remedies, and expand your wards to shelter the growing tide of the sick and desperate.

[Counter the Rat Swarm]
Hold the last line against the Rat Swarm.
Recruit and upgrade your heroes. Build as many defensive towers as you can. Slay the Rat King to repel the swarm.

[Gather Resources, Rebuild the Town]
Dispatch survivors to gather resources and secure outposts in the wild.
Collect timber, herbs, food, and other essential supplies. Construct production facilities, expand warehouses, and upgrade residential buildings to house more survivors.

[Seize Abandoned Ruins]
Form elite squads of heroes to reclaim plague-ridden towns.
Create the best lineup of different types of heroes. Outsmart contenders on the battlefield. Gain control of crucial cities. Expand your territory in this world.","your, sanctuary, one, last, plague",https://is1-ssl.mzstatic.com/image/thumb/PurpleSource211/v4/b1/e6/4c/b1e64c8b-0001-cb1c-de52-0784e0f89503/1.jpg/1242x2688bb.jpeg,https://is1-ssl.mzstatic.com/image/thumb/PurpleSource211/v4/74/53/91/74539183-9d8b-aa86-c35d-24e07af4df9e/2.jpg/1242x2688bb.jpeg,https://is1-ssl.mzstatic.com/image/thumb/PurpleSource221/v4/13/c6/3b/13c63be9-a2c9-a983-dfb9-0ca16d2114cb/3.jpg/1242x2688bb.jpeg,https://is1-ssl.mzstatic.com/image/thumb/PurpleSource221/v4/62/86/57/628657f2-d102-4c86-45cc-66eda268f6de/4.jpg/1242x2688bb.jpeg
Utilities,Lens - PDF Scanner & Editor,https://is1-ssl.mzstatic.com/image/thumb/Purple211/v4/94/b8/5b/94b85b05-b05f-a8d0-1fed-3fc60f54772e/AppIcon-0-0-1x_U007epad-0-11-0-85-220.jpeg/512x512bb.jpg,10.3K,"December 19, 2025",4.3,103,https://apps.apple.com/us/app/lens-pdf-scanner-editor/id6748945355?uo=4,Colleen Williamson,"Our app is an all-in-one tool for scanning, editing, and organizing documents effortlessly. Turn paper documents such as receipts, contracts, notes, forms, or ID cards into sharp, professional-quality PDFs in just a few taps.

Smart scanning automatically detects borders, enhances image quality, and uses OCR to extract text, making your documents searchable and ready to share. Once scanned, you can easily edit your PDFs — add notes, highlight important sections, draw, or make quick corrections directly within the app. Keep everything organized with folders, combine multiple pages into a single file, and export documents as PDFs or images whenever needed.

Subscription Information:
Full access to all features requires an active subscription, which you can manage or cancel anytime through your device’s subscription settings.

Privacy Policy Link: https://docs.google.com/document/d/1WhJaBYHEX0TYLcOUB8SG9sqbaiGSoEZrh5JtwkalIKc/edit?usp=sharing

Terms of Use Link: https://www.apple.com/legal/internet-services/itunes/dev/stdeula/","documents, pdfs, your, subscription, app",https://is1-ssl.mzstatic.com/image/thumb/PurpleSource221/v4/2c/ba/01/2cba015a-e90b-1ec4-2567-41c4cce9145b/v1_1_iPhone.jpg/1242x2688bb.jpeg,https://is1-ssl.mzstatic.com/image/thumb/PurpleSource211/v4/30/7e/28/307e28e1-9351-012c-a6a0-5e1f872c2a8a/v1_2_iPhone.jpg/1242x2688bb.jpeg,https://is1-ssl.mzstatic.com/image/thumb/PurpleSource211/v4/cf/ce/13/cfce1336-c839-558f-452f-f9623980b99d/v1_3_iPhone.jpg/1242x2688bb.jpeg,https://is1-ssl.mzstatic.com/image/thumb/PurpleSource211/v4/3b/ac/35/3bac3581-a258-9f3b-92bb-9ac33ab99bcc/v1_4_iPhone.jpg/1242x2688bb.jpeg
Productivity,Lens - PDF Scanner and Editor,https://is1-ssl.mzstatic.com/image/thumb/Purple211/v4/bf/d4/e1/bfd4e153-59ab-f63d-0f5e-2d9cd04d9f59/AppIcon-0-0-1x_U007epad-0-11-0-85-220.jpeg/512x512bb.jpg,8.8K,"December 19, 2025",4.5,180,https://apps.apple.com/us/app/lens-pdf-scanner-and-editor/id6748651078?uo=4,Theresa Jackson,"Our app is a simple yet powerful solution for scanning, editing, and managing your documents in one place. Easily scan receipts, forms, notes, contracts, or ID cards and convert them into clean, high-quality PDF files in seconds.

The app automatically detects edges, enhances clarity, and applies OCR (text recognition) to make scanned documents searchable and easy to share. After scanning, you can edit your PDFs directly — add annotations, highlight text, draw, or make quick adjustments without leaving the app. Organize files into folders, merge multiple pages, and export documents as PDFs or images with ease.

Subscription Information:
Access to all features requires an active subscription. You can manage or cancel it anytime through your device’s subscription settings.

Terms of Use Link:
https://www.apple.com/legal/internet-services/itunes/dev/stdeula/

Privacy Policy: https://docs.google.com/document/d/15I0EwscCl2xMbMuTesRe8ujVTSHfzLm1Y1vzjZRGrTg/edit?usp=sharing","app, your, documents, subscription, scanning",https://is1-ssl.mzstatic.com/image/thumb/PurpleSource211/v4/2b/e4/0d/2be40d36-15f4-d158-169e-ae13e09a21b1/english_1_iPhone.jpg/1242x2688bb.jpeg,https://is1-ssl.mzstatic.com/image/thumb/PurpleSource221/v4/74/00/d2/7400d2d1-35e1-30e9-92c9-cd1a9eb59fea/english_2_iPhone.jpg/1242x2688bb.jpeg,https://is1-ssl.mzstatic.com/image/thumb/PurpleSource211/v4/fb/11/b8/fb11b831-06ec-57f4-224c-e12b8521c5f3/english_3_iPhone.jpg/1242x2688bb.jpeg,https://is1-ssl.mzstatic.com/image/thumb/PurpleSource221/v4/3b/20/ec/3b20ecf5-c1d3-6824-91e2-1b62c61cb522/english_4_iPhone.jpg/1242x2688bb.jpeg
Entertainment,LoveyMate - Your AI Companion,https://is1-ssl.mzstatic.com/image/thumb/Purple211/v4/1b/15/14/1b15142b-1d24-ac40-7d70-5a9d3e399eb8/AppIcon-0-0-1x_U007ephone-0-1-0-85-220.png/512x512bb.jpg,5.9K,"January 06, 2026",2.7,11,https://apps.apple.com/us/app/loveymate-your-ai-companion/id6756560068?uo=4,RACHEAL RIIAN ROSE,"Meet LoveyMate.AI — Your Personal AI Virtual Companion
LoveyMate is an AI-powered virtual companion designed to provide emotional connection, immersive interaction, and meaningful companionship anytime you need it.
Create your ideal AI character, build intimacy through daily interaction, and experience a companion that truly understands you.

---
Key Features
* Snapshot Upload & AI Analysis
Upload a photo with one tap. Our AI intelligently analyzes it and quickly generates a beautifully crafted AI character inspired by your image.
* Fully Customizable AI Characters
Design your own AI companion from scratch. Customize appearance, personality, and style to create the character that feels right for you.
* 24/7 Intimate Interaction
Chat with your AI companion anytime, anywhere. Your companion is always available to talk, listen, and respond with care and personality.
* Intimacy Progression & Unlockable Content
As you interact more, your relationship grows. Higher intimacy levels unlock additional experiences such as images, videos, voice interactions, and more.
* A Companion That Understands You
The more you talk, the more LoveyMate learns about you. Your AI companion remembers your preferences and emotional patterns to deliver deeper emotional value over time.

---
Why LoveyMate.AI?
- Designed for emotional companionship and immersive interaction
- Personalized AI that evolves with your relationship
- Private and secure space to express yourself freely
- A companion that grows closer the more you interact
LoveyMate isn’t just an AI — it’s a connection built over time.
Download now and start your journey today.

---
Subscription & In-App Purchases
LoveyMate offers optional subscription plans and in-app purchases to unlock premium features.
Subscription Benefits May Include:
- Unlimited chatting and interactions
- Access to exclusive images, videos, and voice features
- Faster intimacy progression
- Advanced AI memory and personalization
Subscription Options:
- Weekly subscription
- Monthly subscription
- Yearly subscription

---
Subscription Terms
- Payment will be charged to your Apple ID account at confirmation of purchase.
- Subscriptions automatically renew unless auto-renew is turned off at least 24 hours before the end of the current period.
- Your account will be charged for renewal within 24 hours prior to the end of the current period.
- You can manage or cancel your subscription anytime in your App Store account settings after purchase.
- Any unused portion of a free trial, if offered, will be forfeited when you purchase a subscription.

---
Legal
- Privacy Policy: https://www.LoveyMate.ai/privacy.html
- Terms of Use: https://www.LoveyMate.AI.ai/terms.html
LoveyMate.AI is intended for entertainment and companionship purposes only and does not provide medical, psychological, or professional advice.","your, subscription, companion, loveymate, emotional",https://is1-ssl.mzstatic.com/image/thumb/PurpleSource211/v4/d5/ac/36/d5ac36fa-cf03-11ea-45c9-cb78ab300203/1.png/1242x2688bb.jpeg,https://is1-ssl.mzstatic.com/image/thumb/PurpleSource211/v4/17/c5/25/17c525d0-b878-8fc4-e8b7-661bc61146e6/2.png/1242x2688bb.jpeg,https://is1-ssl.mzstatic.com/image/thumb/PurpleSource221/v4/aa/48/ff/aa48ff10-bd6b-354c-5b26-4c1ff2200d0c/3.png/1242x2688bb.jpeg,https://is1-ssl.mzstatic.com/image/thumb/PurpleSource221/v4/56/14/ce/5614ceb6-b966-3844-267f-5371ffde0fca/4.png/1242x2688bb.jpeg
Music,Megan Moroney,https://is1-ssl.mzstatic.com/image/thumb/Purple211/v4/e1/df/fc/e1dffc47-01cc-9437-1761-e084e3b8f5c6/AppIcon-0-0-1x_U007emarketing-0-7-0-85-220.png/512x512bb.jpg,1.9K,"March 13, 2026",4.8,25,https://apps.apple.com/us/app/megan-moroney/id6757386962?uo=4,"237 Global, Inc.","Download for push notifications, early access to tickets, behind the scenes exclusives, message boards, and more.","download, push, notifications, early, access",https://is1-ssl.mzstatic.com/image/thumb/PurpleSource211/v4/17/8c/f7/178cf757-3c70-3229-5d11-fd4641343c06/6.5_-_Entry.png/1242x2688bb.jpeg,https://is1-ssl.mzstatic.com/image/thumb/PurpleSource211/v4/f1/4b/43/f14b43a2-d39f-7ff7-59b1-b49b1fb96555/6.5_-_Updates.png/1242x2688bb.jpeg,https://is1-ssl.mzstatic.com/image/thumb/PurpleSource221/v4/48/a9/50/48a95008-20d5-2c18-4960-15d050662653/6.5_-_Tour.png/1242x2688bb.jpeg,N/A
Photo & Video,MovieBox HD: Movies & Shorts,https://is1-ssl.mzstatic.com/image/thumb/Purple221/v4/a7/fa/7b/a7fa7b81-8d0d-8a50-e103-24bd06352fd1/AppIcon-0-0-1x_U007epad-0-1-0-85-220.png/512x512bb.jpg,2.5K,"February 02, 2026",4.1,11,https://apps.apple.com/us/app/moviebox-hd-movies-shorts/id6756508851?uo=4,建龙 郭,"MovieBox HD is an all-in-one entertainment app designed for users who love watching shows, movies and shorts anytime, anywhere.

With MovieBox HD, you can easily explore a wide range of entertainment content, enjoy smooth playback, and discover what to watch next through smart recommendations.

Key Features

Online Streaming
Watch a variety of shows, movies and shorts with a smooth and stable viewing experience.

Offline Download
Download selected content and watch it later without an internet connection.

Smart Search
Quickly find your favorite content using accurate and fast search tools.

Personalized Recommendations
Discover content tailored to your interests based on your viewing preferences.

Multiple Categories
Browse content by genre, popularity, or latest updates to easily find what you like.

Clean & User-Friendly Interface
Simple navigation and intuitive design for a comfortable viewing experience.

Membership-Related Agreements:
https://veloura-tech.com/vip/subscription-agreement.html
https://veloura-tech.com/vip/auto-renew-terms.html

Designed for Entertainment Lovers

Whether you enjoy watching at home or on the go, MovieBox HD gives you flexibility and convenience across your devices.

Download MovieBox HD today and start enjoying entertainment your way.

Movies, series, and short dramas—ready to stream.","content, your, moviebox, entertainment, movies",https://is1-ssl.mzstatic.com/image/thumb/PurpleSource221/v4/dc/0d/de/dc0dde3a-f041-c7d4-5c9a-327a5e4a14ec/Simulator_Screenshot_-_iPhone_17_Pro_Max_-_2025-12-15_at_18.23.21.png/1320x2868bb.jpeg,https://is1-ssl.mzstatic.com/image/thumb/PurpleSource211/v4/a4/e9/f5/a4e9f5f7-71c0-a81d-2670-7c1e22693fa0/Simulator_Screenshot_-_iPhone_17_Pro_Max_-_2025-12-15_at_18.25.36.png/1320x2868bb.jpeg,https://is1-ssl.mzstatic.com/image/thumb/PurpleSource211/v4/e0/cf/34/e0cf3440-92b9-624c-d827-bd3d6c62976e/Simulator_Screenshot_-_iPhone_17_Pro_Max_-_2025-12-15_at_18.27.59.png/1320x2868bb.jpeg,https://is1-ssl.mzstatic.com/image/thumb/PurpleSource221/v4/1b/50/04/1b5004ad-cdb6-026d-d82a-5c316e4d1972/Simulator_Screenshot_-_iPhone_17_Pro_Max_-_2025-12-15_at_18.26.11.png/1320x2868bb.jpeg
Music,Music X : Offline Music player,https://is1-ssl.mzstatic.com/image/thumb/Purple221/v4/ee/41/93/ee4193ca-7a73-3cbe-86ca-fcb547bfb891/AppIcon-0-0-1x_U007ephone-0-1-0-85-220.png/512x512bb.jpg,22.9K,"December 30, 2025",4.7,60,https://apps.apple.com/us/app/music-x-offline-music-player/id6756401240?uo=4,TubeMusic LLC,"With the Music X app's extensive library of music and personalized recommendations, Music X is a must-have app for anyone who loves music. Whether you're on the go or just relaxing at home, Music X has everything you need to enjoy your favorite tracks and discover new music.

Why choose Music X as your go-to music app? Here, you can:

Listen to millions of songs and thousands of playlists
Explore Music X’s curated playlists from top artists
Easily search for your favorite songs, albums, and artists
Discover personalized music recommendations tailored to your taste


Music X is more than just a music player – discover the sounds you love and stream free music anytime, anywhere. Enjoy personalized playlists, create and share your own, explore new releases, check out events from your favorite artists, and much more.

Stream millions of songs and podcasts for free
Create playlists with your favorite tracks
Share songs and playlists with friends and family
Discover personalized playlists
Enjoy your weekly Discover playlist to find new favorites every week
Stay updated with the latest releases and trending music
See your most played songs, artists, and genres with Music X
Stream music seamlessly across all your devices

Download Music X and listen to music offline without an internet connection！
Terms of Use
https://poliv.mainelobsterfestival.top/terms.html
Privacy Policy
https://poliv.mainelobsterfestival.top/policy.html","music, your, playlists, discover, songs",https://is1-ssl.mzstatic.com/image/thumb/PurpleSource221/v4/27/e9/1b/27e91b0f-a22a-4a96-2001-d8f34cb284f4/1_1242_2688.jpg/1242x2688bb.jpeg,https://is1-ssl.mzstatic.com/image/thumb/PurpleSource211/v4/25/0b/5a/250b5ab2-5250-825b-dff2-f967db7088e1/2_1242_2688.jpg/1242x2688bb.jpeg,https://is1-ssl.mzstatic.com/image/thumb/PurpleSource211/v4/54/28/36/54283642-a2a5-da5d-e950-7a77756dfb99/3_1242_2688.jpg/1242x2688bb.jpeg,https://is1-ssl.mzstatic.com/image/thumb/PurpleSource221/v4/9c/e6/9b/9ce69b73-3f77-2ca9-bde1-1a8560efee9a/4_1242_2688.jpg/1242x2688bb.jpeg
Games,MyVoiceZoo Game,https://is1-ssl.mzstatic.com/image/thumb/Purple221/v4/4c/a5/5b/4ca55b68-d088-9483-5bf9-abce5533c411/AppIcon-0-0-1x_U007emarketing-0-8-0-85-220.png/512x512bb.jpg,287.8K,"March 10, 2026",4.7,1k,https://apps.apple.com/us/app/myvoicezoo-game/id6760120612?uo=4,Elena Vasileva,"My Voice Zoo is a unique idle zoo game brought to life with your own voice. Record your sounds through the microphone and turn them into animal calls, creating a one-of-a-kind zoo found nowhere else. Start building your very own zoo, complete only with your voice!","zoo, your, voice, own, unique",https://is1-ssl.mzstatic.com/image/thumb/PurpleSource211/v4/d1/41/bf/d141bff1-abbe-d19c-b869-ac08f5927e4d/Artboard_1.png/2688x1242bb.jpeg,https://is1-ssl.mzstatic.com/image/thumb/PurpleSource211/v4/2d/4d/3f/2d4d3ff5-4872-7f21-1069-b3f6cfea985f/Image_Sequence_004_0000.jpg/2688x1242bb.jpeg,https://is1-ssl.mzstatic.com/image/thumb/PurpleSource221/v4/cd/74/b1/cd74b141-d4ee-dd9c-9176-4bad111327a9/Image_Sequence_005_0000.jpg/2688x1242bb.jpeg,https://is1-ssl.mzstatic.com/image/thumb/PurpleSource221/v4/4a/77/d3/4a77d31a-27a3-4b16-e917-22bdb4989f56/Image_Sequence_010_0000.jpg/2688x1242bb.jpeg
Games,NYT Crossplay: Play and Spell,https://is1-ssl.mzstatic.com/image/thumb/Purple211/v4/f5/cc/2d/f5cc2d5e-00c9-c5e9-3011-8dd24a915a08/Release-0-0-1x_U007ephone-0-1-sRGB-85-220.png/512x512bb.jpg,19.1M,"January 20, 2026",4.8,108k,https://apps.apple.com/us/app/nyt-crossplay-play-and-spell/id6615086509?uo=4,The New York Times Company,"Play with friends, compete and connect with Crossplay, the first 2-player word game from NYT Games that blends socializing and strategy. Play distraction-free, build words and use built-in tools to learn, improve and win, or simply enjoy the challenge.

App Features:

COMPETE
• Take turns by placing letter tiles on a shared game board to build words and score points.
• Start a friendly competition with the leaderboard. 
• Spell and sharpen your word game skills against the computer.

CONNECT
• Easily play with friends and family.
• Get matched up with equal opponents.
• Share strategies and friendly banter with in-game chats.

IMPROVE
• Get tips from Cross Bot after every 2-player game.
• Expand your vocabulary with the word of the day and a built-in dictionary. 
• Check your game history and review your moves.

STATS
• Track your progress and lifetime stats, including wins and losses, average scores, longest words and more.

DISTRACTION-FREE
• Focus on your word game strategy with easy-to-play, focused gameplay.

BY DOWNLOADING THE NEW YORK TIMES CROSSPLAY APP, you agree to:
• The New York Times Privacy Policy: https://www.nytimes.com/privacy/privacy-policy
• The New York Times Cookie Policy: https://www.nytimes.com/privacy/cookie-policy
• The New York Times California Privacy Notices: https://www.nytimes.com/privacy/california-notice
• The New York Times Terms of Service: https://www.nytimes.com/content/help/rights/terms/terms-of-service.html
• Crossplay Acceptable Use Policy: https://help.nytimes.com/35116654771220-Crossplay-Acceptable-Use-Policy
• Apple Terms of Sale: https://www.apple.com/legal/internet-services/itunes/us/terms.html","game, your, new, york, times",https://is1-ssl.mzstatic.com/image/thumb/PurpleSource221/v4/50/0a/48/500a4898-c0f5-fcbe-d3a1-b01ffe294fa5/TheNewYorkTimes_NYTCrossplay_US_iOS_6.9_ScreenshotMockups_260106_V1_01.png/1284x2778bb.jpeg,https://is1-ssl.mzstatic.com/image/thumb/PurpleSource211/v4/31/f6/24/31f624b6-b2dd-af8d-b811-705e8ee50ee5/TheNewYorkTimes_NYTCrossplay_US_iOS_6.9_ScreenshotMockups_260106_V1_02.png/1284x2778bb.jpeg,https://is1-ssl.mzstatic.com/image/thumb/PurpleSource211/v4/64/a5/f1/64a5f1f4-174f-6755-8b8c-d79f0d3cde17/TheNewYorkTimes_NYTCrossplay_US_iOS_6.9_ScreenshotMockups_260106_V1_03.png/1284x2778bb.jpeg,https://is1-ssl.mzstatic.com/image/thumb/PurpleSource221/v4/a9/be/65/a9be6530-bed8-9994-e03e-7ba04d0ff20b/TheNewYorkTimes_NYTCrossplay_US_iOS_6.9_ScreenshotMockups_260106_V1_04.png/1284x2778bb.jpeg
Entertainment,Não Inviabilize Podcast,https://is1-ssl.mzstatic.com/image/thumb/Purple211/v4/dc/68/3a/dc683a17-125c-20a1-9267-3e8d06c5f464/AppIcon-0-0-1x_U007emarketing-0-11-0-85-220.png/512x512bb.jpg,770,"March 09, 2026",3.0,2,https://apps.apple.com/us/app/n%C3%A3o-inviabilize-podcast/id6751234833?uo=4,Não Inviabilize a Minha Existência,"O podcast Não Inviabilize possui um aplicativo próprio feito para você ter praticidade na hora de ouvir as histórias. Agora de SEGUNDA A SÁBADO os apoiadores recebem uma história inédita por dia, assim que a Déia grava (sem os efeitos de edição) e tem acesso também aos quadros exclusivos.","dia, podcast, inviabilize, possui, aplicativo",https://is1-ssl.mzstatic.com/image/thumb/PurpleSource221/v4/0e/5c/fb/0e5cfb90-b40d-ee35-3f59-d117656a6bb7/05_DOWNLOADS.png/1242x2688bb.jpeg,https://is1-ssl.mzstatic.com/image/thumb/PurpleSource221/v4/d7/b5/e3/d7b5e3dd-7df8-c49a-1d2c-88babcd4110b/03_BUSCA.png/1242x2688bb.jpeg,https://is1-ssl.mzstatic.com/image/thumb/PurpleSource221/v4/38/68/44/3868448a-78a7-eba5-229d-2151ffef1e1b/04_FAVORITOS.png/1242x2688bb.jpeg,https://is1-ssl.mzstatic.com/image/thumb/PurpleSource221/v4/a8/a7/a6/a8a7a680-66dc-8bad-13a6-876e456037ec/07_PLAYER.png/1242x2688bb.jpeg
Social Networking,OMG: Video Chat,https://is1-ssl.mzstatic.com/image/thumb/Purple211/v4/45/31/93/4531939e-d267-9afc-978e-29caa3d1905b/AppIcon-0-0-1x_U007emarketing-0-11-0-85-220.png/512x512bb.jpg,98.2K,"February 03, 2026",4.3,550,https://apps.apple.com/us/app/omg-video-chat/id6756574665?uo=4,Apps DNA,"OMG: Video Chat lets you connect with friends and like-minded people through secure video calls and live conversations. Enjoy real-time interactions in a smooth, moderated, and safe environment.

Whether you're looking to build meaningful connections or enjoy friendly live chats, OMG Video Chat provides a fast and easy way to stay in touch and share moments with others.

Key Features:

Video calls and live conversations
Simple and intuitive interface
Secure and moderated environment with reporting and blocking tools
Free to download. Some features require a subscription:

Subscription Options:

Weekly Subscription: $6.99 USD
Yearly Subscription: $29.99 USD

Payment will be charged to your Apple ID account at confirmation of purchase. Subscriptions automatically renew unless auto-renew is turned off at least 24 hours before the end of the current period. Your account will be charged for renewal within 24 hours prior to the end of the current period. You can manage and cancel your subscriptions by going to your account settings on the App Store after purchase.

Privacy Policy:
https://www.appsdna.co/privacy
Terms of Use:
https://www.appsdna.co/terms","video, subscription, your, live, account",https://is1-ssl.mzstatic.com/image/thumb/PurpleSource211/v4/d4/4e/f3/d44ef3c2-d42b-5eb7-a759-f69e371260a5/english-1__U00281_U0029.jpg/1242x2688bb.jpeg,https://is1-ssl.mzstatic.com/image/thumb/PurpleSource211/v4/2f/bd/b5/2fbdb53c-ab85-b30e-2231-bfd754253339/english-2.jpg/1242x2688bb.jpeg,https://is1-ssl.mzstatic.com/image/thumb/PurpleSource211/v4/d5/4c/4f/d54c4f4c-7b44-8ec8-e38f-4e43b038546a/english-3.jpg/1242x2688bb.jpeg,https://is1-ssl.mzstatic.com/image/thumb/PurpleSource211/v4/60/c7/53/60c7530c-131c-1998-c25a-3cc5d4234b7a/english-4.jpg/1242x2688bb.jpeg
Lifestyle,Parkly — Local Parking App,https://is1-ssl.mzstatic.com/image/thumb/Purple211/v4/d5/39/2b/d5392bcd-93e3-db32-a2fa-71e830c7cbcc/AppIcon-0-0-1x_U007epad-0-1-P3-85-220.png/512x512bb.jpg,502,"January 02, 2026",5.0,10,https://apps.apple.com/us/app/parkly-local-parking-app/id6753904145?uo=4,Aariz Iqbal,"Your Friendly Neighborhood Parking Spot!
Tired of overpriced parking lots and endless searching? Parkly is the smarter way to park and earn.
FOR DRIVERS:
Find affordable parking near your destination
Save time with convenient neighborhood spots
Skip expensive parking garages
Easy booking and secure transactions
FOR PROPERTY OWNERS:
Turn your empty driveway into income
List your parking space in minutes
Set your own availability and pricing
Earn money from your unused space
WHY PARKLY?
We know the struggle. Growing up near Levi's Stadium, we experienced the frustration of expensive parking and traffic jams firsthand. That is why we created Parkly, a win-win solution that connects neighbors and makes parking practical, convenient, and efficient for everyone.
KEY FEATURES:
Simple and intuitive interface
Real-time availability
Secure payment processing
Easy booking and management
Trusted neighborhood connections
Whether you are heading to a game, concert, or just need a spot downtown, Parkly makes parking affordable and accessible. And if you have an empty driveway, why not turn it into a side hustle?
Download Parkly today and experience the future of neighborhood parking.
Questions or feedback? Contact us at contact@useparkly.io
 or call (408) 659-6839.","parking, your, parkly, neighborhood, spot",https://is1-ssl.mzstatic.com/image/thumb/PurpleSource211/v4/9c/90/e5/9c90e536-0040-2250-4cc3-fbf2d89c4c16/2.png/1242x2688bb.jpeg,https://is1-ssl.mzstatic.com/image/thumb/PurpleSource221/v4/26/79/34/26793406-3824-833d-5cea-8320477e4d73/1.png/1242x2688bb.jpeg,https://is1-ssl.mzstatic.com/image/thumb/PurpleSource211/v4/fe/08/17/fe0817ad-5e4e-3aa0-beb1-aac89fc51927/3.png/1242x2688bb.jpeg,https://is1-ssl.mzstatic.com/image/thumb/PurpleSource221/v4/4c/06/59/4c0659b1-bfc7-ffdb-aa37-95b4a4c9fc4e/Carasoul_1.png/1242x2688bb.jpeg
Photo & Video,Pixi Ai：Photo Magic&Ai Video,https://is1-ssl.mzstatic.com/image/thumb/Purple221/v4/04/c8/db/04c8dbfb-3608-e89e-f70c-2fb2d94cc6b2/AppIcon-0-0-1x_U007ephone-0-1-85-220.png/512x512bb.jpg,5.4K,"December 23, 2025",2.6,17,https://apps.apple.com/us/app/pixi-ai-photo-magic-ai-video/id6755904405?uo=4,INSTANOVA INNOVATION TECHNOLOGY LIMITED,"Transform your photos and videos with the power of AI—effortlessly. Pixi AI brings together the best of creative editing, body enhancement, and dynamic video generation in one intuitive app. Whether you want to refine your appearance, turn static images into engaging videos, or experiment with trending AI effects, Pixi AI makes it possible in just a few taps. No complex skills required—just unleash your imagination.

AI-Powered Editing Tools:
Body Shape Editor: Sculpt your ideal silhouette—slim your waist, enhance curves, tone legs, or define abs naturally.
Skin Perfector: Even out skin tone, achieve a sun-kissed glow, or smooth imperfections for a flawless look.
Face & Portrait Enhancer: Highlight your best features with AI-generated avatars, anime-style selfies, or professional-grade portraits.

Create Magic with Video:
Photo to Video: Bring still images to life with animated scenes—dance, romance, cinematic moments, and more.
Smart Templates: Choose from thousands of weekly updated templates for holidays, social trends, or special occasions.
Face Swap & Fun Effects: Play with creative transformations—replace faces, add kiss or hug animations, and craft viral-ready content.

Why Choose Pixi AI?
All-in-One Platform: From precise body edits to AI video generation, everything you need is in one app.
One-Tap Results: Upload, select your style, and let the AI handle the rest—fast, smooth, and stunning every time.
Always Fresh: Regularly new filters, templates, and AI effects to keep your content ahead of the curve.

Privacy Policy:https://www.instnov.com/privacy.html
Terms of Use: https://www.instnov.com/user_agreement.html","your, video, pixi, body, effects",https://is1-ssl.mzstatic.com/image/thumb/PurpleSource211/v4/0e/17/c9/0e17c92d-3a50-b5bd-01d8-2321a97c43e0/_U5e94_U7528_U622a_U56feios2-_U9996_U9875_U754c_U9762.jpg/1242x2688bb.jpeg,https://is1-ssl.mzstatic.com/image/thumb/PurpleSource221/v4/5d/80/5b/5d805b7c-da9d-0de7-14af-1bb11a8dfd7d/_U5e94_U7528_U622a_U56feios3-_U4ecb_U7ecd_U89c6_U9891.jpg/1242x2688bb.jpeg,https://is1-ssl.mzstatic.com/image/thumb/PurpleSource221/v4/9e/2b/10/9e2b10d3-ed91-2312-0a47-946968b9be15/_U5e94_U7528_U622a_U56feios4-_U56fe_U7247_U529f_U80fd.jpg/1242x2688bb.jpeg,https://is1-ssl.mzstatic.com/image/thumb/PurpleSource221/v4/64/5b/7b/645b7bde-3177-c58c-ce21-f9c98607ff0b/_U5e94_U7528_U622a_U56feios5-_U81ea_U5b9a_U4e49_U521b_U5efa.jpg/1242x2688bb.jpeg
Health & Fitness,Quick BloodPressure,https://is1-ssl.mzstatic.com/image/thumb/Purple221/v4/e6/08/9f/e6089fbb-8d85-8659-4ca1-2bed019f6bdd/AppIcon-0-0-1x_U007ephone-0-11-0-85-220.png/512x512bb.jpg,2.2K,"January 29, 2026",3.2,33,https://apps.apple.com/us/app/quick-bloodpressure/id6758321524?uo=4,Far Vision Ltd.,"Quick BloodPressure

Track your blood pressure, heart rate, and daily health with ease.

Quick BloodPressure is a simple and intuitive health tracking app designed to help you record and review your blood pressure and heart rate anytime. With built-in healthy recipes, it also supports better daily habits and wellness awareness.

Key Features

Blood Pressure Tracking
Easily record systolic and diastolic blood pressure readings and view your history clearly over time.

Heart Rate Recording
Log your heart rate data to better understand daily changes and trends.

Health History & Insights
All records are organized in a clear timeline, helping you track patterns and stay aware of your health status.

Healthy Recipes
Explore simple and practical recipes designed to support a balanced lifestyle and healthier eating habits.

Local Data Storage
Your data is stored locally on your device, giving you full control over your privacy.

!!!Important Note:
Please be aware that the heart rate data provided by this app is for reference only. Similarly, the blood pressure feature is designed solely for manual recording and tracking—it does not measure or detect blood pressure. Always consult a qualified healthcare professional for accurate medical assessment, diagnosis, and advice.","your, blood, pressure, heart, rate",https://is1-ssl.mzstatic.com/image/thumb/PurpleSource221/v4/86/d9/d7/86d9d7fd-d6f0-4f42-1538-4ef483609a9f/General_Term-1.png/1290x2796bb.jpeg,https://is1-ssl.mzstatic.com/image/thumb/PurpleSource211/v4/dc/ed/5a/dced5a27-830d-bde2-b60d-50dc818312d7/General_Term-2.png/1290x2796bb.jpeg,https://is1-ssl.mzstatic.com/image/thumb/PurpleSource211/v4/f0/ef/5a/f0ef5aa4-e96b-9ef3-fca6-8f078c1006bb/General_Term-3.png/1290x2796bb.jpeg,https://is1-ssl.mzstatic.com/image/thumb/PurpleSource221/v4/ea/0b/47/ea0b4791-c8d1-08cc-fceb-bfb9ae45910c/General_Term-4.png/1290x2796bb.jpeg
Photo & Video,Quokka: AI Video Effects Maker,https://is1-ssl.mzstatic.com/image/thumb/Purple221/v4/cc/b3/46/ccb3463b-7b25-2232-3aa2-d45f8c59b2d0/AppIcon-0-0-1x_U007epad-0-1-85-220.png/512x512bb.jpg,3.9K,"December 30, 2025",4.7,36,https://apps.apple.com/us/app/quokka-ai-video-effects-maker/id6756101430?uo=4,AIVORA PTE. LTD.,"Quokka - Your AI Magic Factory

Instant AI Video Effects & Viral Styles

Stop editing, start creating! Quokka is the ultimate AI effects app designed for the next generation of creators. No sliders, no complex timelines - just pure AI magic that turns your photos and videos into social media masterpieces in seconds.
Upload → Pick a Effects → Go Viral. It's that simple.

ONE-TAP AI TRANSFORMATIONS

Forget manual editing. Quokka's neural engine does heavy lifting for you:
- 300+ Pro AI Templates: From cinematic masterpieces to mind-blowing motion effects.
- Video-to-Video Magic: Turn your casual clips into high-end anime, 3D cartoons, or cyberpunk dreams.
- Lightning Fast: Get high-definition results while the vibe is still fresh.
- No Experience Needed: Professional-grade AI, simplified for everyone.

THE TREND LAB (Always Fresh)

Stay ahead of the TikTok and Reels curve with styles that matter:
- Aesthetic Eras: Y2K, 90s Vintage, Retro Film, and Old Money vibes.
- Digital Fashion: Try on ""Future Couture"" - metallic fits, sparkling tech-wear, and fantasy armor without a fitting room.
- AI Portraits: Instantly generate professional headshots, street fashion lookbooks, or 2049 futuristic avatars.
- Daily Drops: We update our template library weekly to keep your feed trending.

WHY CHOOSE QUOKKA?

We stripped away the clutter to give you a ""Happy Place"" for creativity:
- Clean & Bright UI: A refreshing yellow-and-white design that's easy on the eyes.
- Pure Focus: We do one thing perfectly-AI Effects. No unnecessary tools.
- Social Ready: One-tap export optimized for TikTok, Instagram, and Snapchat.

JOIN THE QUOKKA SQUAD NOW

Stop posting boring content. Whether you're a fashionista, a gamer, or just want to spice up your daily stories, Quokka makes your digital self shine.
Download Quokka today and make your first AI magic! Stay Bright. Stay Creative.

Terms of Service: https://quokka-ai.notion.site/Terms-of-Service-2c23e99bf35080ebb462f309d464d2ae
Privacy Policy: https://quokka-ai.notion.site/Privacy-Policy-2c23e99bf35080258e2ceef58468f6c4","your, quokka, effects, magic, stay",https://is1-ssl.mzstatic.com/image/thumb/PurpleSource221/v4/af/e1/39/afe139f9-ed73-1291-0043-40041a23699d/_U9996_U56fe_U7279_U6548.jpg/1242x2688bb.jpeg,https://is1-ssl.mzstatic.com/image/thumb/PurpleSource211/v4/ae/55/be/ae55be69-8f04-7e1d-3443-557ae3ea03fb/_U638c_U5fc3_U5c0f_U4eba.jpg/1242x2688bb.jpeg,https://is1-ssl.mzstatic.com/image/thumb/PurpleSource211/v4/2f/91/0b/2f910bba-4b67-cf64-c32a-bfc3521a8e91/_U96ea_U4e2d_U7f8e_U5973.jpg/1242x2688bb.jpeg,https://is1-ssl.mzstatic.com/image/thumb/PurpleSource221/v4/ec/be/77/ecbe774e-fb43-40d3-1e93-67f8c0a101f8/_U53cc_U56fe.jpg/1242x2688bb.jpeg
Games,Rainbow Six Mobile,https://is1-ssl.mzstatic.com/image/thumb/Purple221/v4/85/a3/09/85a309cd-1d5b-0751-bf92-865af862f38b/AppIcon-0-0-1x_U007emarketing-0-8-0-85-220.png/512x512bb.jpg,1.4M,"February 23, 2026",4.7,13k,https://apps.apple.com/us/app/rainbow-six-mobile/id1608916511?uo=4,Ubisoft Nova,"From the acclaimed Tom Clancy’s Rainbow Six franchise, Rainbow Six Mobile is a competitive online tactical action shooter FPS built specifically for online mobile action. Engage in intense 5v5 multiplayer FPS matches inspired by Rainbow Six Siege’s iconic Attack vs. Defense gameplay. Alternate roles every round as you play Attacker or Defender in fast-paced online combat. Experience close-quarter shooter action where teamwork, positioning, and map knowledge make the difference. Choose from a roster of elite Operators from Rainbow Six Siege, each designed for action tactical team play with unique abilities and gadgets. Every map offers new strategic possibilities, demanding coordination, precision, and smart decisions. 

Rainbow Six Mobile delivers a true FPS action shooter experience, adapted for mobile platforms. 

MOBILE ADAPTATION – Rainbow Six Mobile has been developed and optimized for mobile devices, delivering smooth online gameplay, intuitive controls, and shorter 5v5 FPS matches. Customize your HUD, adjust controls to your playstyle, and jump into tactical combat anywhere, anytime. This mobile shooter supports responsive touch controls and controller compatibility for competitive action on the go. 

RAINBOW SIX EXPERIENCE – Experience the authentic Rainbow Six Siege on mobile. Play on legendary maps such as Bank, Clubhouse, Border, Oregon, and Villa. Each map is designed for tactical team coordination and intense 5v5 online combat. Squad up with friends and players worldwide in thrilling multiplayer action FPS battles. 

TACTICAL SHOOTER GAME – Rainbow Six Mobile, like Rainbow Six Siege, is an action-tactical shooter focused on realistic combat. Clear angles, gather intel with drones and cameras, and adapt your strategy to every map. Smart decisions, teamwork, and preparation are essential to dominate this online action FPS. 

DESTRUCTIBLE ENVIRONMENTS – Use destruction to your advantage in close-quarter combat. Break walls, doors, and hatches to reshape the map and create new tactical opportunities. Every map becomes a dynamic battlefield where strategy and action collide in intense shooter gameplay. 

STRATEGIC TEAM-BASED PVP – Strategy and teamwork are the keys to success in Rainbow Six Mobile. Adapt your strategy to each map, role, and situation in competitive 5v5 online combat. Attackers gather intel and breach defenses, while Defenders fortify positions and control the map. True tactical action shooter gameplay rewards communication and planning. 

SPECIALIZED OPERATORS – Build your team with highly trained Operators from Rainbow Six Siege. Each Operator brings unique weapons, gadgets, and abilities to the battlefield. Mastering Operators is key to success in this competitive online shooter. 

NEW MONTHLY SEASON – Every month, discover new action with fresh Operators, Battle Pass content, limited-time online modes, events, and cosmetics. Keep your team ready for evolving combat challenges across new and familiar maps. 

This game requires an online connection (4G, 5G, or Wi-Fi). 

Privacy Policy: https://legal.ubi.com/privacypolicy 
Terms of Use: https://legal.ubi.com/termsofuse

Join the community for the latest news: 
X: x.com/rainbow6mobile 
Instagram: instagram.com/rainbow6mobile 
YouTube: youtube.com/@rainbow6mobile 
Discord: discord.com/invite/qNCHjq5jRu

Feedback or questions: https://ubisoft-mobile.helpshift.com/hc/en/45-rainbow-six-mobile/","rainbow, six, mobile, action, online",https://is1-ssl.mzstatic.com/image/thumb/PurpleSource211/v4/39/75/87/39758790-4d34-0097-0152-ae9eb8a81f84/R6M_EN_2868x1320_01_Designed.jpg/2868x1320bb.jpeg,https://is1-ssl.mzstatic.com/image/thumb/PurpleSource221/v4/7f/2c/6a/7f2c6ac9-b2e9-a3c6-65cb-9ea7f86290cc/R6M_EN_2868x1320_02_Tactical.jpg/2868x1320bb.jpeg,https://is1-ssl.mzstatic.com/image/thumb/PurpleSource221/v4/0e/3e/5f/0e3e5f88-5c40-4bbd-7d12-b08600c0a95c/R6M_EN_2868x1320_03_ATK-DEF-Opt1.jpg/2868x1320bb.jpeg,https://is1-ssl.mzstatic.com/image/thumb/PurpleSource211/v4/f4/b6/dd/f4b6dde3-6e7a-4172-a7d5-951ced1f66d0/R6M_EN_2868x1320_04_Friends.jpg/2868x1320bb.jpeg
Utilities,Room AI : Interior Design,https://is1-ssl.mzstatic.com/image/thumb/Purple211/v4/ab/9b/16/ab9b161b-9c27-940f-cbf7-ad8f86b524ba/AppIcon-0-0-1x_U007emarketing-0-8-0-85-220.png/512x512bb.jpg,14.5K,"December 23, 2025",4.8,138,https://apps.apple.com/us/app/room-ai-interior-design/id6756350721?uo=4,Frontier Creation HK Limited,"AI Interior Design Assistant - Redesign Your Home in One Click
Simply snap a photo, select your preferred style, and watch AI instantly redesign your space. Whether you're planning a quick room refresh or a full renovation, Room AI helps you generate complete interior design ideas in seconds. Beyond design, Room AI also helps you discover real furniture and decor inspired by your AI-generated spaces, making it easier to turn inspiration into a practical home setup.
Key Features
AI Interior Design
Upload a photo of your room and instantly generate a new interior design with AI. Explore different styles, layouts, and color palettes to visualize how your living room, bedroom, kitchen, or workspace could look after renovation. Compare design ideas before making real changes to your home.
Find Products from Your Design
Love the look of your redesigned space? Instantly discover furniture and decor inspired by your AI-generated design. Browse recommended products and access convenient links to explore real items that match your style and space.
AI Exterior Design
Redesign the exterior of your home with AI-powered visualization. Upload a photo of your house and explore fresh ideas for facades, materials, and outdoor styles. Instantly see how your home could look with different architectural styles and exterior renovations.
AI Garden Design
Upload photos of your yard, patio, or outdoor space and let AI generate personalized garden designs. Explore different landscaping styles, plant arrangements, pathways, and outdoor seating ideas to create the perfect garden environment.
Style Transfer
Apply the style from inspiring reference images directly to your own space. Simply upload a style image and a photo of your room to transform the overall look and atmosphere of your space.
Wall & Floor Replacement
Experiment with different wall textures, paint colors, and flooring materials. Instantly preview how new walls or floors would transform your room without any real renovation.
Local Editing
Make targeted changes to specific areas of your image. Replace furniture, adjust details, or redesign selected elements while keeping the rest of the space unchanged.
Start Designing Today
Download Room AI, try the basic model free, upgrade to Pro when you need perfection. Your dream interior is just one photo away！
Terms of Use:http://aidreamhome.cc/terms
Privacy Policy:http://aidreamhome.cc/privac","your, design, room, space, interior",https://is1-ssl.mzstatic.com/image/thumb/PurpleSource221/v4/f4/39/11/f4391149-1554-355e-69f9-1a7e5ad825ee/1.jpg/1242x2688bb.jpeg,https://is1-ssl.mzstatic.com/image/thumb/PurpleSource211/v4/f2/b5/1a/f2b51ad5-034a-e380-8617-c108355c4c45/3.jpg/1242x2688bb.jpeg,https://is1-ssl.mzstatic.com/image/thumb/PurpleSource221/v4/3c/70/ff/3c70ff5c-61de-6c42-7703-d1d0fd94ab98/7.jpg/1242x2688bb.jpeg,https://is1-ssl.mzstatic.com/image/thumb/PurpleSource221/v4/4d/12/43/4d12438a-52cc-157f-089a-bc0cf0dafde4/6.jpg/1242x2688bb.jpeg
Utilities,SEMS+,https://is1-ssl.mzstatic.com/image/thumb/Purple221/v4/72/0c/aa/720caac9-9864-b13d-13da-c132a110259b/AppIcon-0-0-1x_U007epad-0-1-85-220.png/512x512bb.jpg,916,"January 04, 2026",1.5,2,https://apps.apple.com/us/app/sems/id6755710856?uo=4,"GoodWe Technologies Co., Ltd.","GoodWe SEMS+ App is a global digital energy management platform built on GoodWe devices. It delivers real-time system and device monitoring, energy flow visualization, AI health expert guidance, remote operation, smart alerts, multi-device integration, and quick setup, helping installers and end-users efficiently manage energy systems, optimize performance, and maximize returns.","energy, goodwe, sems, app, global",https://is1-ssl.mzstatic.com/image/thumb/PurpleSource211/v4/cd/d2/04/cdd20401-5a09-9e9f-8afa-d0cadb0b0094/1242-2688-1.png/1242x2688bb.jpeg,https://is1-ssl.mzstatic.com/image/thumb/PurpleSource221/v4/28/3a/27/283a2743-3d6a-8789-c1e1-9ca9af5ca907/1242-2688-3.png/1242x2688bb.jpeg,https://is1-ssl.mzstatic.com/image/thumb/PurpleSource221/v4/c0/90/e5/c090e5d6-cfb9-9e13-da72-461c6e73f58f/1242-2688-2.png/1242x2688bb.jpeg,https://is1-ssl.mzstatic.com/image/thumb/PurpleSource221/v4/6c/e4/a8/6ce4a856-a2c6-6323-46c0-148d34f38fb7/1242-2688-4.png/1242x2688bb.jpeg
Photo & Video,Satine,https://is1-ssl.mzstatic.com/image/thumb/Purple211/v4/84/2a/be/842abedc-0a6c-af16-91d6-4b324a68d298/AppIcon-1x_U007ephone-0-1-85-220-0.png/512x512bb.jpg,522,"March 03, 2026",1.0,1,https://apps.apple.com/us/app/satine/id6759182329?uo=4,伟俊 谭,"Satine is a fitness video app designed to help users stay active and motivated through guided workout content. It offers a variety of structured training videos that support different goals, fitness levels, and routines, making it easy to exercise anytime and anywhere.
From quick daily sessions to more focused training, Satine provides clear visual instruction and practical routines that users can follow at their own pace. Whether you are building strength, improving flexibility, or maintaining general fitness, the app delivers accessible video-based guidance to support consistent progress.
Key Features:
 • Watch guided fitness workout videos
 • Explore routines for different goals and levels
 • Follow clear visual instructions at your own pace
 • Train at home or on the go
 • Maintain a consistent fitness routine
Satine helps make fitness simple, structured, and achievable through video guidance.","fitness, satine, routines, video, app",https://is1-ssl.mzstatic.com/image/thumb/PurpleSource221/v4/98/9f/59/989f5939-9ab6-1372-8961-0710f289d4c0/Satine_01.png/1242x2688bb.jpeg,https://is1-ssl.mzstatic.com/image/thumb/PurpleSource221/v4/0c/4b/a1/0c4ba115-2851-e880-4cfd-dc6aeb9cbe09/Satine_02.jpg/1242x2688bb.jpeg,https://is1-ssl.mzstatic.com/image/thumb/PurpleSource211/v4/fe/54/fa/fe54fa92-2094-ea36-69c9-d9667a813a08/Satine_03.jpg/1242x2688bb.jpeg,https://is1-ssl.mzstatic.com/image/thumb/PurpleSource221/v4/ad/53/7d/ad537d88-1329-a2ac-6b8a-d5a1923c20ca/Satine_05.jpg/1242x2688bb.jpeg
Food & Drink,Schneiders Bäckerei,https://is1-ssl.mzstatic.com/image/thumb/Purple211/v4/bb/27/95/bb2795f5-9fbf-0065-e591-e54742c84de2/AppIcon-0-0-1x_U007emarketing-0-11-0-85-220.png/512x512bb.jpg,641,"January 02, 2026",5.0,1,https://apps.apple.com/us/app/schneiders-b%C3%A4ckerei/id6742149059?uo=4,Großbäckerei Schneider GmbH,"Sichere dir exklusive Coupons, entdecke aktuelle Angebote, sammle Treuepunkte und erfahre alles über unsere Standorte und Öffnungszeiten – einfach, direkt und kostenlos auf dein Smartphone.



Die Highlights der Schneiders App: 



Exklusive Coupons
Nur für App-Nutzer: Erhalte monatliche Coupons für Gratisprodukte, Rabatte und besondere Aktionen. Direkt in der App einlösen – einfach an der Kasse einscannen und sparen. 



Kundenkarte
Übertrage deine bestehende Kundenkarte inkl. deines bestehenden Guthabens und deiner gesammelten Kaffeepunkte von der physischen Karte direkt in die App. Bei Neuregistrierung in der App kannst du dir auch eine neue digitale Kundenkarte erstellen.



Kaffeepunkte sammeln
Loyalität zahlt sich aus! Bei jedem Kauf eines Kaffeegetränks sammelst du automatisch Kaffeepunkte. Wenn du 8 Kaffeepunkte gesammelt hast, bekommst du das 9. Heißgetränk nach Wahl gratis. Im Kundenbereich hast du eine Übersicht über deine gesammelten Punkte.



Öffnungszeiten & Filialsuche
Finde alle Schneiders Bäckerei Filialen in deiner Nähe mit aktuellen Öffnungszeiten, Adressen, Telefonnummern und Navigation – perfekt für unterwegs!



Aktionen & News
Bleibe immer auf dem Laufenden: Neue Produkte und aktuelle Angebote gibt’s im Newsbereich.



Kontaktlos bezahlen
Bequem & sicher: Bezahle direkt über die App und lade dir Guthaben mit 5 % Aufladebonus auf deine Kundenkarte!




Datenschutz & Vertrauen
Deine Daten sind bei uns sicher. Die App erfüllt höchste Datenschutzstandards gemäß DSGVO und setzt auf transparente Kommunikation. Keine versteckten Kosten und keine Weitergabe deiner Daten.



APP GEHT’S: Jetzt kostenlos herunterladen!","und, app, der, direkt, auf",https://is1-ssl.mzstatic.com/image/thumb/PurpleSource211/v4/cf/a8/76/cfa876bb-2709-b413-febd-9dca7213f9ea/Screens-IOS-1242x2688-Schneider-1.png/1242x2688bb.jpeg,https://is1-ssl.mzstatic.com/image/thumb/PurpleSource221/v4/de/6e/50/de6e508c-7b74-bb5c-d00a-4fdefbb80364/Screens-IOS-1242x2688-Schneider-2.png/1242x2688bb.jpeg,https://is1-ssl.mzstatic.com/image/thumb/PurpleSource221/v4/4a/42/a0/4a42a00a-244f-4221-dfce-9f90ed675f00/Screens-IOS-1242x2688-Schneider-3.png/1242x2688bb.jpeg,https://is1-ssl.mzstatic.com/image/thumb/PurpleSource221/v4/21/4e/10/214e104d-92de-1587-6454-6ba8f0b13eaf/Screens-IOS-1242x2688-Schneider-4.png/1242x2688bb.jpeg
Social Networking,Sea Soul,https://is1-ssl.mzstatic.com/image/thumb/Purple221/v4/19/7b/65/197b65c2-0838-f8fd-e56c-3796429b7b20/AppIcon-0-0-1x_U007ephone-0-1-85-220.png/512x512bb.jpg,2.7K,"February 23, 2026",4.0,22,https://apps.apple.com/us/app/sea-soul/id6758688589?uo=4,STAR CLUSTER PTE. LTD.,"SeaSoul: AI Chat
About this app
Seasoul transforms the way you connect with AI.
Here, every chatbot feels alive — thinking, speaking, and reacting with real emotion and authentic voices. Choose from countless characters, each with their own stories, voices, and personalities. Whether it’s a celebrity, a movie hero, or a legendary figure, every chat feels like a genuine conversation.

Create Your Own Character
Bring any idea to life — from your favorite idol to a creature from your imagination. Keep your characters private or share them with the world. Explore a creative community filled with characters crafted by others, and let your stories intertwine.

 Generate Stunning Images
Unleash your inner artist with AI-powered image generation. Just describe your vision and Seasoul will turn it into art — landscapes, portraits, or fantasy worlds. Create as many as you want, completely free.

 Daily Free Conversations
Start chatting instantly and enjoy daily free conversations with AI characters.

Endless Exploration
Discover new characters, learn new stories, and experience the thrill of talking to minds that think like humans. Seasoul is your ocean of imagination — dive in and never run out of wonders.

Download Seasoul today and start your journey into the world of living AI.","your, seasoul, characters, stories, free",https://is1-ssl.mzstatic.com/image/thumb/PurpleSource211/v4/66/a5/ac/66a5ac3c-738b-8acd-bc78-7f51265b0686/_U7b2c1_U5f20.png/1284x2778bb.jpeg,https://is1-ssl.mzstatic.com/image/thumb/PurpleSource221/v4/d2/24/7f/d2247f4a-ce74-e4c6-2e32-4a589fb6540e/_U7b2c2_U5f20.png/1284x2778bb.jpeg,https://is1-ssl.mzstatic.com/image/thumb/PurpleSource221/v4/3f/ff/56/3fff5689-0bbe-cb13-5dec-a2471972b979/_U7b2c3_U5f20.png/1284x2778bb.jpeg,https://is1-ssl.mzstatic.com/image/thumb/PurpleSource221/v4/33/b5/f0/33b5f042-b0af-5824-b81a-041d089a660f/_U7b2c5_U5f20.png/1284x2778bb.jpeg
Utilities,Seekee AI Browser & Search,https://is1-ssl.mzstatic.com/image/thumb/Purple211/v4/95/ca/f7/95caf78a-873a-2035-5247-8212c9f19e23/AppIcon-0-0-1x_U007epad-0-1-0-85-220.png/512x512bb.jpg,10.9K,"February 06, 2026",4.2,81,https://apps.apple.com/us/app/seekee-ai-browser-search/id6758748106?uo=4,Raman Kathwal,"Discover a brand-new AI chat experience with Seekee AI ChatBot! Built-in multiple types of preset AI agents cover all scenarios including life, study, work and entertainment. No tedious settings required, start your exclusive smart conversation with one click.
【Rich Preset AI Agents, Switch Freely】AI agents with different personalities and professional backgrounds are ready for you. Whether you need a warm life companion for casual chatting, a study assistant to solve problems, an efficient work partner for collaboration, or a creative inspiration expert for brainstorming, just one click to select and start a chat that perfectly fits your needs immediately.
【Natural & Smart Conversation, Upgraded Experience】Powered by advanced AI dialogue models, it enables smooth and natural human-machine interaction, accurately understands your expressions, and quickly provides contextually relevant responses for a more realistic and efficient chat experience.
【Multi-scenario Application, Efficient & Convenient】Casual chatting to kill time, answering study questions, sorting out work ideas, generating creative content — one app meets all your AI interaction needs in all scenarios, integrating intelligent technology into your daily life.
Seekee AI ChatBot, with an exclusive AI agent for every chat, unlock a new way of AI chatting!","your, chat, agents, life, study",https://is1-ssl.mzstatic.com/image/thumb/PurpleSource211/v4/70/a9/24/70a92431-7641-eda4-2237-84c68e769ad6/Simulator_Screenshot_-_iPhone_17_Pro_Max_-_2026-02-28_at_17.53.59.png/1320x2868bb.jpeg,https://is1-ssl.mzstatic.com/image/thumb/PurpleSource211/v4/b2/fa/db/b2fadb2f-c6b7-dffa-6d70-2ce6fe2dd9c4/Simulator_Screenshot_-_iPhone_17_Pro_Max_-_2026-02-28_at_17.55.05.png/1320x2868bb.jpeg,https://is1-ssl.mzstatic.com/image/thumb/PurpleSource211/v4/ae/81/76/ae81761c-8710-e328-1677-191fafb369f4/Simulator_Screenshot_-_iPhone_17_Pro_Max_-_2026-02-28_at_17.55.38.png/1320x2868bb.jpeg,https://is1-ssl.mzstatic.com/image/thumb/PurpleSource211/v4/0e/e8/ce/0ee8ce57-333b-1254-4e4e-df7794ef9d2f/Simulator_Screenshot_-_iPhone_17_Pro_Max_-_2026-02-28_at_17.55.18.png/1320x2868bb.jpeg
Utilities,Smart Cleanup: Phone Cleaner,https://is1-ssl.mzstatic.com/image/thumb/Purple221/v4/3d/8a/36/3d8a36cd-1454-8ee8-397a-3e1adf84ccd6/AppIcon-0-0-1x_U007emarketing-0-9-0-85-220.png/512x512bb.jpg,712,"February 01, 2026",5.0,1,https://apps.apple.com/us/app/smart-cleanup-phone-cleaner/id6755490173?uo=4,Yonus Services LTD,"Running out of phone storage? Clean up your iPhone easily with Smart Cleanup!

Smart Cleanup is a smart iPhone cleaner that helps you free up storage by cleaning photos, compressing videos, and organizing contacts - giving you more space while keeping everything under control.

STORAGE OPTIMIZATION – FREE UP SPACE FAST

- Free up space without deleting what matters:
- Remove duplicate and similar photos
- Clean up live photos and screenshots
- Compress large videos to save space
- Review low-quality images before deleting
- Clean your gallery with simple swipe gestures
- Organize and merge duplicate contacts

SMART GALLERY CLEANER – DELETE DUPLICATE PHOTOS

- Remove duplicates in just a few taps:
- Detect duplicate and similar photos instantly
- Keep the best shots and remove the rest
- Clean live photos without losing important moments

GARBAGE CONTAINER – SAFE CLEANUP REVIEW

- Safe cleanup with total transparency:
- Automatically collects blurry, poorly exposed, and low-resolution photos
- Groups photos by the reason they were flagged
- Shows how many items were found and how much space can be recovered
- Review photos individually or in bulk
- Delete only after confirmation

SWIPE PHOTOS – QUICK & INTUITIVE CLEANING

- Clean your gallery in a fast, natural way:
- Swipe to keep or delete photos
- Review media by time period
- Simple gestures, no cluttered menus

COMPRESS VIDEOS – SAVE SPACE, KEEP MEMORIES

- Free up storage without deleting videos:
- Reduce video file size with minimal quality loss
- Choose exactly which videos to compress
- Keep important videos on your device

SCREENSHOTS CLEANUP

- Clear unnecessary screenshots easily:
- Automatically group screenshots
- Delete outdated or unwanted captures in bulk

CONTACTS MANAGEMENT

- Keep your contacts clean and organized:
- Merge duplicate contacts
- Remove repeated or unused entries
- Manage contacts from one place

PAYMENT & SUBSCRIPTION TERMS
Unlock full access to all features by choosing one of the following options:
- Weekly Subscription
- Lifetime Subscription

Enjoy unlimited gallery cleaning during the free trial at no cost. During this period, you have unlimited access to all features.
Subscriptions automatically renew based on the selected plan and are charged within 24 hours before the end of the free trial or current subscription period. Payment is charged to your iTunes account at the time of purchase.
You can cancel your subscription at any time by going to your Account Settings. Renewal fees are billed to your account up to 24 hours before the end of the current subscription period.
Free up storage, organize your iPhone, and clean with confidence.
Download Smart Cleanup and enjoy a cleaner, lighter phone today!

Privacy Policy: https://younus.cloud/app/privacy.html
Terms of Use: https://younus.cloud/app/terms_of_use.html

Contact us: manager@younus.cloud","photos, your, clean, free, cleanup",https://is1-ssl.mzstatic.com/image/thumb/PurpleSource221/v4/c3/28/7f/c3287fab-6c9b-e3c4-1a7a-6d60299a1b79/NEW_iPhone_6.5___U00281284_x_2778_U0029_Screen_1.png/1284x2778bb.jpeg,https://is1-ssl.mzstatic.com/image/thumb/PurpleSource221/v4/e8/f7/bf/e8f7bfaf-b72e-818f-ad65-962583a88e4d/Sharp_iPhone_6.5___U00281284_x_2778_U0029_Screen_2.png/1284x2778bb.jpeg,https://is1-ssl.mzstatic.com/image/thumb/PurpleSource211/v4/e1/0e/d7/e10ed751-c0bf-4ff8-b61b-0c2f1e46f1ce/Sharp_iPhone_6.5___U00281284_x_2778_U0029_Screen_3.png/1284x2778bb.jpeg,https://is1-ssl.mzstatic.com/image/thumb/PurpleSource211/v4/39/10/c2/3910c2b2-78ea-e0aa-f918-bf1a3ee042fb/Sharp_iPhone_6.5___U00281284_x_2778_U0029_Screen_4.png/1284x2778bb.jpeg
Productivity,Snitch: Screen Time Control,https://is1-ssl.mzstatic.com/image/thumb/Purple221/v4/88/2e/be/882ebe60-5eaa-989f-7eea-32d514e976a0/AppIcon-0-1x_U007epad-0-1-85-220-0.png/512x512bb.jpg,651,"December 30, 2025",5.0,1,https://apps.apple.com/us/app/snitch-screen-time-control/id6753588362?uo=4,SNITCH,"Snitch helps you break phone addiction through group accountability. Join friends in accountability groups, set app time limits, and build healthier screen time habits together.

KEY FEATURES:
Group Accountability & Shared Time Pot
Create or join accountability groups with friends. Each member contributes their personal time limit to a shared ""pot of time"" that the entire group can use. When one person uses time, everyone sees it—creating real accountability and peer support.

App Blocking
Snitch integrates with iOS Screen Time to block distracting apps when your time limit is reached. Set custom time limits for individual apps, and Snitch automatically locks them when you've used your allocated time. Unlock apps with a simple hold gesture, but your group will see when you do.


Approval System
Need more time for a specific app? Request approval from your group members. They'll see your request and can approve or deny it, adding an extra layer of accountability.

WHY SNITCH WORKS:
Unlike solo screen time apps, Snitch leverages social accountability. Research shows that accountability partners significantly increase success rates in behaviour change. When your friends can see your screen time habits, you're more likely to stick to your goals. The shared time pot creates collective responsibility—everyone benefits when everyone stays on track.


Perfect For:
Students who want to focus better and reduce social media distraction
Friends who want to support each other in breaking phone addiction
Professionals who need to stay focused during work hours


How It Works:
Download Snitch and create your account
Set up app restrictions and time limits
Create or join an accountability group
Start sessions to unlock distracting apps
Track your progress and support your group members


Snitch makes breaking phone addiction a team effort. Instead of fighting your phone alone, join forces with friends and turn digital wellness into a shared journey. Download Snitch today and start building better screen time habits with the people who matter most.


Terms of Use: https://www.apple.com/legal/internet-services/itunes/dev/stdeula/
Privacy policy: https://docsend.com/view/uxgn2nk4gqd76evy","time, your, accountability, snitch, group",https://is1-ssl.mzstatic.com/image/thumb/PurpleSource211/v4/97/70/44/97704498-34b1-4913-a871-4ffb9e78ec99/Frame_1000001477.png/1284x2778bb.jpeg,https://is1-ssl.mzstatic.com/image/thumb/PurpleSource211/v4/b1/7e/b9/b17eb987-fa14-2dc3-1af7-6b3556d98393/Frame_1000001478.png/1284x2778bb.jpeg,https://is1-ssl.mzstatic.com/image/thumb/PurpleSource221/v4/37/53/51/375351e2-6191-2520-5c03-70c48ad15336/Frame_1000001479.png/1284x2778bb.jpeg,https://is1-ssl.mzstatic.com/image/thumb/PurpleSource221/v4/8c/1f/01/8c1f010b-b180-f951-439c-f8fddaa8cb75/Frame_1000001480.png/1284x2778bb.jpeg
Productivity,SocialLiteApp,https://is1-ssl.mzstatic.com/image/thumb/Purple211/v4/c9/70/35/c9703583-e38f-61d4-02f1-f17913cf1f55/AppIcon-0-0-1x_U007epad-0-1-85-220.png/512x512bb.jpg,20.9K,"January 29, 2026",4.8,81,https://apps.apple.com/us/app/socialliteapp/id6757661674?uo=4,Malek Nathaniel Shaw,"SocialLite is the app for people who want to use social media without losing hours to endless scrolling.

We don't block social media entirely - that's not realistic. Instead, SocialLite surgically removes the most addictive features while keeping the parts you actually need.

WHAT GETS BLOCKED

- Short-form video feeds designed to keep you scrolling
- Algorithmic recommendations and suggested content
- Explore and discovery pages
- Live streams and shopping tabs
- Ads and sponsored posts

WHAT YOU KEEP

- Direct messages and conversations
- Profiles you intentionally visit
- Content friends send you directly
- The ability to post and share

HOW IT WORKS

SocialLite provides a focused browsing experience for popular social platforms. Check your DMs without getting pulled into endless video feeds. Browse messages without algorithmic content hijacking your attention.

When you tap on a video someone sent you, you can watch that specific video - but you can't scroll to the next one. This simple guardrail is the difference between a 30-second check-in and a 30-minute spiral.

PRIVACY FIRST

SocialLite doesn't track your browsing, collect your data, or sell anything to advertisers. Your attention is yours.

Take back your time. Download SocialLite today.","your, sociallite, video, social, without",https://is1-ssl.mzstatic.com/image/thumb/PurpleSource221/v4/82/ed/cb/82edcb63-7ea8-474f-a26c-56568feeaca6/Untitled-1_02_fixed.png/1242x2688bb.jpeg,https://is1-ssl.mzstatic.com/image/thumb/PurpleSource221/v4/3c/44/7e/3c447ede-257c-f248-83d4-3899fa8b0842/Untitled-1_04_fixed.png/1242x2688bb.jpeg,https://is1-ssl.mzstatic.com/image/thumb/PurpleSource221/v4/63/ec/56/63ec5633-8080-6e51-da14-242d10c44b84/Untitled-1_06_fixed.png/1242x2688bb.jpeg,https://is1-ssl.mzstatic.com/image/thumb/PurpleSource221/v4/7b/1a/7e/7b1a7eae-ab1e-c56c-b006-7c6931cf8b23/Screenshot_2026-01-27_at_10.23.27_U202fAM.jpeg/2048x2732bb.jpeg
Lifestyle,Speedometer GPS - MPH Tracker,https://is1-ssl.mzstatic.com/image/thumb/Purple221/v4/8a/82/d8/8a82d81e-166d-e1e7-5b90-e2e5ad8ca66b/AppIcon-0-0-1x_U007ephone-0-1-85-220.png/512x512bb.jpg,3.9K,"February 08, 2026",4.3,12,https://apps.apple.com/us/app/speedometer-gps-mph-tracker/id6756926978?uo=4,"Logic Fusion, LLC","Digital Speedometer GPS turns your iPhone into a powerful GPS speedometer and speed tracker.

Using your phone’s built-in GPS, the app accurately measures your real-time speed with a large digital speed display. Instantly check your speed in MPH, KM/H, or knots while driving, cycling, or traveling.

This GPS speedometer app is designed for cars, bikes, and outdoor use. Track your current speed, traveled distance, average speed, and maximum speed during each trip. A built-in compass and location display help you stay oriented wherever you go.

Key Features:

- Real-time GPS speedometer and speed tracking
- Speed display in MPH, KM/H, and knots
- Large digital speed display for easy reading
- Distance tracker and trip statistics
- Average speed and maximum speed tracking
- Trip recording with detailed post-trip stats
- Customizable colors and clean interface
- Simple, fast, and easy-to-use design

Whether you need a car speedometer, bike speed tracker, or a reliable digital GPS speed app, Speedometer gives you accurate results with minimal setup.

Perfect for driving, cycling, walking, road trips, or checking your speed on the go.

We offer auto-renewing subscriptions with the following pricing and terms:

- Subscriptions are available for 1 week, 1 month, or 12 months
- Payment will be charged to your iTunes Account at confirmation of purchase
- Subscription automatically renews unless auto-renew is turned off at least 24 hours before the end of the current period
- Your account will be charged for renewal within 24 hours prior to the end of the current period
- You can manage your subscription and disable auto-renewal in Account Settings after purchase
- Any unused portion of a free trial, if offered, will be forfeited upon subscription purchase
Prices may vary by region.

Legal & Support

Privacy Policy: https://logicfusion.net/speedometer/pp
Terms of Use: https://logicfusion.net/speedometer/tou

Questions or feedback?
Contact us at support@logicfusion.net","speed, your, speedometer, gps, digital",https://is1-ssl.mzstatic.com/image/thumb/PurpleSource211/v4/6c/3b/77/6c3b7701-3a9b-d2ed-04dc-2c3574c58765/01.jpg/1320x2868bb.jpeg,https://is1-ssl.mzstatic.com/image/thumb/PurpleSource211/v4/83/d7/02/83d702fe-962d-24cd-c835-ed4afcd7056b/02.jpg/1320x2868bb.jpeg,https://is1-ssl.mzstatic.com/image/thumb/PurpleSource221/v4/cb/ea/c8/cbeac8a0-01c4-f4f9-ec74-4888cb591846/03.jpg/1320x2868bb.jpeg,https://is1-ssl.mzstatic.com/image/thumb/PurpleSource211/v4/d3/cc/da/d3ccda50-7f45-efd6-09b6-0f07cc4baa01/04.jpg/1320x2868bb.jpeg
Lifestyle,Speedometer: Speed & Distance,https://is1-ssl.mzstatic.com/image/thumb/Purple221/v4/3c/a7/2f/3ca72f2e-3896-58ef-6a26-96de6fe2705b/AppIcon-0-0-1x_U007epad-0-1-85-220.png/512x512bb.jpg,994,"March 05, 2026",4.8,9,https://apps.apple.com/us/app/speedometer-speed-distance/id6759611784?uo=4,Taohidul Islam,"Your ultimate driving companion - track speed, distance, and every detail of your journey.

Whether you're driving, cycling, running, or boating, Speedometer gives you real-time GPS speed with stunning displays and powerful trip tracking.

THREE BEAUTIFUL DISPLAYS
• Digital - glowing rings with centered speed readout
• Analog - classic car dashboard gauge with smooth needle animation
• Map - full-screen live map with real-time speed overlay

WINDSHIELD HUD MODE
• Turn your iPhone into a heads-up display. Mirrored text reflects off your windshield for safe, at-a-glance speed monitoring at night.

TRIP RECORDING & ROUTE TRACKING
• Distance, duration, and moving time
• Average and maximum speed
• Elevation gain, min/max altitude
• G-force, acceleration, and braking peaks

ROUTE PLAYBACK
• Relive your trips on a full-screen map. Watch your recorded route playback with every turn, stop, and stretch of road - on standard, satellite, or hybrid maps.

SPRINT TIMER (0–100 AND MORE)
• Measure your acceleration performance with configurable sprint ranges. Track 0–100 km/h, 60–120, or any custom range. Sub-second precision with GPS interpolation. Compare your best times with trophy rankings.

RICH STATISTICS & CHARTS
• Speed over time and elevation profile charts
• All-time top speed records with gold, silver, and bronze rankings
• Speed distribution breakdown
• Most visited cities
• Total distance, trips, and lifetime stats

LIVE MAP VIEW
• Follow your route in real time on standard, satellite, or hybrid maps. See your speed, compass heading, GPS signal strength, and trip stats — all on one screen.

12 ACTIVITY TYPES
• Optimized for walking, running, cycling, skateboarding, scooter, car, motorbike, bus, train, boat, airplane, and skiing. The gauge range adapts automatically to your activity.

G-FORCE MONITOR
• Real-time accelerometer data with color-coded G-force display. Track lateral forces, hard braking, and rapid acceleration during every trip.

DYNAMIC ISLAND & LIVE ACTIVITIES
• See your current speed right on the Dynamic Island and Lock Screen while recording a trip.

SIRI & SHORTCUTS
• ""Hey Siri, start a trip in Speedometer"" - control trips hands-free
• Start, stop, pause, and resume trips with voice commands
• Create automations in Apple Shortcuts - trigger trips via CarPlay, Bluetooth, NFC, Focus Mode, or Action Button

VIDEO RECORDING
• Record your drive with a real-time speed overlay burned into the video
• Choose Box or Line overlay style at 720p, 1080p, 2K, or 4K
• Videos save directly to your Photos library

SHARING & EXPORT
• Share trips as beautiful stats cards - with or without route map
• Export trips as GPX files for use in other apps
• Backup and restore trips with the .speedometer transfer format

GPX IMPORT
• Import GPX files from any source with a full route preview before saving

CUSTOMIZATION
• 5 dark themes + light mode + custom accent color
• Speed in km/h, mph, or knots
• Configurable decimal display
• Adjustable analog gauge range
• Show or hide compass, distance, and speed unit
• Computed stats including distance, speed, elevation, and stops
• Keep the screen on during trips

PRIVACY FIRST
• All data stays on your device. Export or back up your trip history anytime.

Download Speedometer and turn every journey into data.

Terms of Use: https://www.apple.com/legal/internet-services/itunes/dev/stdeula/
Privacy Policy: https://fitrestapp.com/speedometer-privacy-policy","your, speed, trips, trip, route",https://is1-ssl.mzstatic.com/image/thumb/PurpleSource221/v4/0e/de/c6/0edec674-ad8e-f2ac-12d1-c845e03423a6/01.png/1260x2736bb.jpeg,https://is1-ssl.mzstatic.com/image/thumb/PurpleSource221/v4/d3/19/e1/d319e161-e0f4-e0a6-ebe8-e926ea3ca9a7/02.png/1260x2736bb.jpeg,https://is1-ssl.mzstatic.com/image/thumb/PurpleSource211/v4/35/1b/1c/351b1c22-2e76-60db-a4e3-bb7ebe0bc9f5/03.png/1260x2736bb.jpeg,https://is1-ssl.mzstatic.com/image/thumb/PurpleSource211/v4/cd/79/e7/cd79e7fb-3562-06b9-3115-11c0d19f21ba/04.png/1260x2736bb.jpeg
Entertainment,Stalkie · Mobile Detective,https://is1-ssl.mzstatic.com/image/thumb/Purple211/v4/ab/0b/0d/ab0b0d4a-38a1-bb25-3b71-248cc41d9d8c/AppIcon-0-0-1x_U007emarketing-0-11-0-85-220.png/512x512bb.jpg,542,"January 13, 2026",4.4,8,https://apps.apple.com/us/app/stalkie-mobile-detective/id6745106241?uo=4,Gregoire Collin,"Stalkie is an immersive narrative investigation game where you become a detective and dive into a fake phone filled with fake apps, hidden data, deleted photos, and secret conversations. Your mission as a detective is to explore every detail, connect the clues, and uncover the truth behind mysterious situations.

Each case puts you in the shoes of a mobile detective, analyzing messages, browsing social apps, checking notes, galleries, calendars, and locked content. Nothing is random: every contact, or app can hide a crucial clue. Think like a real detective, observe carefully, and trust your instincts.

Stalkie blends storytelling, puzzles, and investigation to create a unique experience where curiosity is your best tool. Can you spot the lies, reveal secrets, and solve the case before time runs out?

-

Some questions are available for free, and the full experience can be unlocked via an in-app purchase.

-

Privacy Policy: https://www.notion.so/Privacy-Policy-Stalkie-1f2e5143b6d280d5b393c4b26a8e9c91
Terms of Use (EULA): https://www.apple.com/legal/internet-services/itunes/dev/stdeula/","detective, your, stalkie, investigation, fake",https://is1-ssl.mzstatic.com/image/thumb/PurpleSource211/v4/15/d0/23/15d023f3-4ea5-fc06-6995-a8c614951fac/ios_screen_template_6_U002c5pouce__U00285_U0029.png/1284x2778bb.jpeg,https://is1-ssl.mzstatic.com/image/thumb/PurpleSource221/v4/5c/52/ff/5c52fffc-8983-4861-a754-e129d21dcac6/ios_screen_template_6_U002c5pouce__U00285_U0029__U00282_U0029.png/1284x2778bb.jpeg,https://is1-ssl.mzstatic.com/image/thumb/PurpleSource221/v4/61/aa/01/61aa0189-071b-5c6f-4b22-edcac6291b08/ios_screen_template_6_U002c5pouce__U00287_U0029.png/1284x2778bb.jpeg,https://is1-ssl.mzstatic.com/image/thumb/PurpleSource211/v4/76/b4/cb/76b4cbb2-4962-520d-36dc-0e38f4937f76/ios_screen_template_6_U002c5pouce__U00289_U0029.png/1284x2778bb.jpeg
Entertainment,Stermio : Movies and TV Shows,https://is1-ssl.mzstatic.com/image/thumb/Purple211/v4/06/84/f4/0684f4c5-18ee-1eeb-bba5-83b1d9b29edb/AppIcon-0-0-1x_U007emarketing-0-11-0-85-220.png/512x512bb.jpg,46.9K,"January 20, 2026",4.4,491,https://apps.apple.com/us/app/stermio-movies-and-tv-shows/id6758005359?uo=4,Muhammad Hamza Sajjad,"Discover Movies, Cast, and Characters Intelligently with Stermio
Stermio is an advanced AI-driven discovery platform that helps you identify Movies, recognize characters, and decide what to watch—faster and smarter. Whether you recall a face, a performance, a scene, or just a vague impression, Stermio understands your input and turns it into precise cast matches and meaningful recommendations.
 
More than a simple search tool, Stermio blends intelligent cast recognition, personalized behavior analysis, and smart planning features into one powerful movie companion.
 
Stermio doesn’t just answer questions.
It adapts to your taste, learns from your viewing habits, and helps you make better entertainment choices over time.

AI-Driven Core Capabilities
AI Cast & Character Identifier (Key Feature)
Forgot an actor’s name? No problem.

Describe the character’s role, appearance, scene, or personality, and Stermio pinpoints the correct actor or character—even with incomplete or fuzzy details.
 
* Understands natural language
* No names required
* Optimized for movies and TV series

AI Role-to-Actor Matching
Have a role or performance in mind?
 
Explain the type of character, acting style, or visual traits, and Stermio instantly connects you with the most relevant actors—perfect for those “where have I seen them before?” moments.
 
Intelligent Movie & Series Suggestions
Stermio recommends movies and TV shows based on:
 
* Your watch history
* Your interactions and preferences
* Your moods and viewing habits
* Your evolving engagement patterns
 
The more you use Stermio Movie, the sharper and more personalized the recommendations become.
 
Viewing Intelligence & Movie Taste Insights
Your Personal Movie Profile
Stermio builds a dynamic entertainment profile that evolves with you.
 
Genre Insights
Discover the genres you truly watch the most—not just the ones you think you like.
 
Taste Mapping
A living profile shaped by actors, genres, frequency, and engagement behavior.

Viewing Trends
Monthly breakdowns that reveal how your watch habits change over time.

Watch Time & Usage Analytics
Understand your screen habits with detailed insights:
 
* Daily, weekly, and monthly watch time
* Total viewing activity
* Clear visual charts and statistics
 
Ideal for tracking habits or setting personal viewing limits.
 
Exploration & Planning Tools
In-Depth Actor Pages
Explore complete actor profiles including :

Biographies
 
* Full movie and TV credits
* Iconic performances
* Career highlights
 
Detailed Movie & Series Information
Everything you need before pressing play:
 
Cast and crew

* Ratings and summaries
* Trailers and media
* Release details
 
Personalized Watchlists
Create, manage, and organize your must-watch titles effortlessly.
 
Smart Watch Planner

* Plan your entertainment with ease :
* Schedule what to watch and when
* Organize binge sessions

Set personal viewing goals
 
Nearby Cinemas & Showtimes
Find theaters around you and check current showtimes instantly—perfect for last-minute movie nights.

Built for Speed, Designed for Clarity
Stermio features a sleek, modern interface with smooth navigation, making cast discovery and movie exploration effortless and enjoyable.
 
Recognize Roles. Decode Your Taste. Watch Smarter.
Download Stermio : Movies and Cast Finder and experience a new way to identify actors, explore characters, and discover movies—powered by advanced AI and crafted for true film enthusiasts.

Sources & Credits
Movie and TV data provided by TMDb and licensed under CC BY-NC 4.0.
This product uses the TMDb API but is not endorsed or certified by TMDb.","your, stermio, movie, watch, cast",https://is1-ssl.mzstatic.com/image/thumb/PurpleSource211/v4/21/ae/f7/21aef789-4718-a88f-8818-974814dcb439/Screen_9.jpg/1242x2688bb.jpeg,https://is1-ssl.mzstatic.com/image/thumb/PurpleSource211/v4/ba/c0/82/bac08220-1200-d88f-cd3c-29922bd56221/Screen_11.jpg/1242x2688bb.jpeg,https://is1-ssl.mzstatic.com/image/thumb/PurpleSource211/v4/77/14/af/7714af1e-4951-6e6f-e98c-68c9fff9317a/Screen_10.jpg/1242x2688bb.jpeg,https://is1-ssl.mzstatic.com/image/thumb/PurpleSource211/v4/b5/0e/e8/b50ee85f-6e56-4fb6-f9e4-182ea49761bd/Screen_13.jpg/1242x2688bb.jpeg
Games,Subway Surfers City,https://is1-ssl.mzstatic.com/image/thumb/Purple211/v4/13/4f/ea/134feaf7-e7df-3c10-bac0-bebdc080bad1/AppIcon-0-0-1x_U007emarketing-0-8-0-85-220.png/512x512bb.jpg,1.8M,"February 26, 2026",4.9,13k,https://apps.apple.com/us/app/subway-surfers-city/id6504188939?uo=4,Sybo Games ApS,"Billions of players can’t be wrong - run and jump back into the beloved world of Subway Surfers and rediscover your favorite endless running adventure with exciting new twists. Progress through fresh hurdles, reach new heights, and collect new characters! 

Jake, Tricky, Fresh, and Yutani are ready - are you? Play Subway Surfers City now!

Key features:
- CHOOSE YOUR ADVENTURE: Switch seamlessly between thrilling endless runs chasing a new high score, or playing the all new City Tour!
- UNCOVER SECRETS: Stomp and jump for a new way to play this runner game. Reach new depths and heights as you discover hard-to-reach Secret Stars!
- COLLECT AND UPGRADE SURFERS & BOARDS: Each Surfer and Board has unique abilities, so upgrade and combine runners and boards to play your way! Collect them all, find Surfer and Board tokens to upgrade them all and build the strongest Crew!
- WIN WITH NEW POWER-UPS & PERKS: Pick up new power-ups for the most powerful runs. Bubblegum shields you, batteries superpower your hoverboard, and drones get you to the highest points of Subway City! 
- UNLOCK LIVELY DISTRICTS: Explore all the secret corners of Subway City while running away from Guard and Dog. Earn XP to unlock new Districts!
- COMPLETE MISSIONS AND WIN REWARDS: The crew needs you to run your best! Play smart and finish missions to unlock new items and win big.
- CONQUER TRIALS: Are you ready to have your running skills challenged? Trials are adrenaline-pumping, limited runs that require your best performance to get the best rewards.
- PLAY OFFLINE: Subway Surfers City is available offline! Play without wifi or internet connection. Access to some features will be limited. 

Download Subway Surfers City now and play for free! Some in-game items can also be purchased for real money.","new, your, play, subway, city",https://is1-ssl.mzstatic.com/image/thumb/PurpleSource211/v4/8c/41/0d/8c410db7-f8c5-91bf-ec82-ef6f53a1a9e2/_U002fdata_U002fapp-store-connect-assets_U002fscreenshots_U002fen-US_U002f2_IPHONE_55.png/392x696bb.png,https://is1-ssl.mzstatic.com/image/thumb/PurpleSource221/v4/34/09/7a/34097a87-afe5-3866-7bd5-66104cd19fd2/_U002fdata_U002fapp-store-connect-assets_U002fscreenshots_U002fen-US_U002f3_IPHONE_55.png/392x696bb.png,https://is1-ssl.mzstatic.com/image/thumb/PurpleSource221/v4/16/ca/fb/16cafbad-065c-e70b-7fb1-ddd0ecdce2b8/_U002fdata_U002fapp-store-connect-assets_U002fscreenshots_U002fen-US_U002f4_IPHONE_55.png/392x696bb.png,https://is1-ssl.mzstatic.com/image/thumb/PurpleSource221/v4/a1/60/99/a16099e7-767b-1eb7-dd26-de8b25699bf4/_U002fdata_U002fapp-store-connect-assets_U002fscreenshots_U002fen-US_U002f5_IPHONE_55.png/392x696bb.png
Food & Drink,Sumo Restaurants,https://is1-ssl.mzstatic.com/image/thumb/Purple211/v4/30/a3/ec/30a3ec09-198f-e31b-b558-39b8c796cdfa/AppIcon-0-0-1x_U007emarketing-0-7-0-85-220.png/512x512bb.jpg,720,"January 18, 2026",5.0,1,https://apps.apple.com/us/app/sumo-restaurants/id6739631534?uo=4,Katria AS,"Med denne appen kan du bestille Takeaway, Home Delivery og ikke minst få med deg nyheter og tilbud fra Sumo Restaurants. 
E: With this app you can order Takeaway, Home Delivery and, not least, get news and offers from Sumo Restaurants.","med, takeaway, home, delivery, sumo",https://is1-ssl.mzstatic.com/image/thumb/PurpleSource211/v4/86/45/af/8645af7b-bc81-c212-6754-b659042280fa/Explore.jpg/1320x2868bb.jpeg,https://is1-ssl.mzstatic.com/image/thumb/PurpleSource211/v4/6f/05/95/6f059588-10db-5ed3-14e2-baab6d501b1d/Menu_that.jpg/1320x2868bb.jpeg,https://is1-ssl.mzstatic.com/image/thumb/PurpleSource211/v4/17/23/18/17231839-c674-22a6-b224-15304b2f29a7/Delicious.jpg/1320x2868bb.jpeg,https://is1-ssl.mzstatic.com/image/thumb/PurpleSource211/v4/78/b3/2d/78b32da7-95cd-e042-4e0a-2f0d640813a2/Easy_checkout.jpg/1320x2868bb.jpeg
Social Networking,ThingsBook,https://is1-ssl.mzstatic.com/image/thumb/Purple211/v4/e8/73/80/e8738043-b905-d621-dbcd-5b706e452aef/AppIcon-0-0-1x_U007ephone-0-1-85-220.png/512x512bb.jpg,12.9K,"January 25, 2026",4.9,99,https://apps.apple.com/us/app/thingsbook/id6745533235?uo=4,Naver U.Hub Inc.,"Your life deserves more than disappearing posts and scattered notes.


ThingsBook is a new kind of personal platform built for people who love to write, reflect, and collect the moments that make up their lives. It’s where long-form storytelling meets beautiful organization, giving you a space to capture what you did, how you felt, and what you care about in lasting detail.


Whether you are journaling about your day, writing thoughtful reflections, or collecting the books you love, the meals you cooked, the trips you took, or the ideas that moved you, ThingsBook helps you turn everyday life into something meaningful and permanent.

Write freely
At its core, ThingsBook is about writing. Real writing. Long-form, text-centric storytelling that lets you express yourself without character limits or performance pressure. Capture your thoughts, routines, memories, and observations in a way that feels natural, personal, and deeply yours.


Collect what matters
Organize everything you write into beautiful, structured collections. Your books, travels, meals, fashion finds, hobbies, goals, and ideas all live together in one place. Think of it as your personal digital shelf, always there when you want to revisit your life.

Build your archive
ThingsBook is not about fleeting trends or posts that disappear. Your writing and collections become a lasting personal archive, a living record of who you are and what you love. Over time, your ThingsBook becomes your story.

Share on your terms
Share publicly, with friends, or keep things private. Post whenever inspiration hits. Take breaks whenever you need. Your space never goes stale, and there is no pressure to perform.

Designed for everyday life
You do not need special skills, perfect photos, or big moments. ThingsBook is built for real life. Write about your morning coffee, the song you cannot stop playing, the trip that changed you, the book that stayed with you, the place that always feels like home.

Smart tools that support your writing
Helpful prompts, thoughtful organization, search, and location features make it easier to document your life as it happens, without turning your thoughts into work.

Your corner of the internet
ThingsBook is where your interests, ideas, and experiences come together. Not a feed to chase. A space to build.

Write your life.
Collect your world.
Remember what matters.","your, life, thingsbook, write, about",https://is1-ssl.mzstatic.com/image/thumb/PurpleSource221/v4/6b/cd/3d/6bcd3d1c-2c9f-f51b-0f51-0801969f4707/iOS-Frame1-1242_U00d72688.png/1242x2688bb.jpeg,https://is1-ssl.mzstatic.com/image/thumb/PurpleSource221/v4/bb/cd/53/bbcd53e0-7a35-f398-b121-bcc61db96aa8/iOS-Frame2-1242_U00d72688.png/1242x2688bb.jpeg,https://is1-ssl.mzstatic.com/image/thumb/PurpleSource211/v4/97/7a/0d/977a0dba-78ac-f23c-e6b9-f4eeaed6edda/iOS-Frame3-1242_U00d72688.png/1242x2688bb.jpeg,https://is1-ssl.mzstatic.com/image/thumb/PurpleSource221/v4/dd/78/9b/dd789bed-bb4c-f4ed-6bd3-3ba64e505a7f/iOS-Frame4-1242_U00d72688.png/1242x2688bb.jpeg
Productivity,Tjichin Realty Board,https://is1-ssl.mzstatic.com/image/thumb/Purple211/v4/f4/62/84/f46284e2-f709-9429-28a7-40e70ea1e144/AppIcon-0-0-1x_U007emarketing-0-7-0-85-220.png/512x512bb.jpg,890,"January 15, 2026",5.0,1,https://apps.apple.com/us/app/tjichin-realty-board/id6757757552?uo=4,FELGENHAUER ENRICO,"Tjichin Realty Board - professional real estate management app. Manage all your properties in one place: add photos, track sale statuses, save important notes. View properties on an interactive map, manage clients and documents, create reminders for important events. All data is stored locally on your device for maximum privacy. Export information to JSON or CSV for backup. Perfect for realtors, investors, and anyone working with real estate.","real, estate, manage, your, properties",https://is1-ssl.mzstatic.com/image/thumb/PurpleSource211/v4/ff/5a/c6/ff5ac65c-da8b-69da-a99e-10c0bf38a813/jungl1.png/1242x2688bb.jpeg,https://is1-ssl.mzstatic.com/image/thumb/PurpleSource211/v4/2c/b5/be/2cb5be65-2a4d-e72f-86ce-dc37a1360689/jungl2.png/1242x2688bb.jpeg,https://is1-ssl.mzstatic.com/image/thumb/PurpleSource211/v4/52/4d/60/524d6085-524d-05df-7913-acd631fdf8a2/jungl3.png/1242x2688bb.jpeg,https://is1-ssl.mzstatic.com/image/thumb/PurpleSource211/v4/72/49/b9/7249b909-abed-d374-277c-4768e7421058/jungl4.png/1242x2688bb.jpeg
Games,TopTop: Games & Party,https://is1-ssl.mzstatic.com/image/thumb/Purple211/v4/1d/79/2a/1d792ab3-7298-28d0-0c92-d889c969e028/AppIcon-0-0-1x_U007emarketing-0-6-0-85-220.png/512x512bb.jpg,81K,"December 16, 2025",4.9,338,https://apps.apple.com/us/app/toptop-games-party/id6748342498?uo=4,MX INNOVATION PTE. LTD.,"Endless Fun in One App! 
Welcome to TopTop — the ultimate social gaming app where fun meets friendship!
Packed with addictive multiplayer games and exciting ways to connect, TopTop is your go-to place for nonstop entertainment and real-time social interaction.
Play popular games like:
Who’s the Undercover,  Toppy Park,  ONO,  IQ Games, and more!
Whether you're killing time or looking to bond with friends old and new, TopTop brings people together through games — and we’re always adding more!

Toppy Park
Team up for chaos and cooperation in this 2–8 player multiplayer puzzle game! In Toppy Park, teamwork is the only way to win. Work together to solve tricky puzzles and collect all the keys to advance.
Play anytime, anywhere — online or locally — and get ready for laughter, surprises, and unforgettable team moments

Who’s the Undercover?
A game of wits, bluffing, and hilarious deception! Gather your friends online or offline, take on roles as Innocents, the sneaky Undercover, or the clueless Mr. White.  Describe your secret word without giving it away. Can you spot the liar before it’s too late? Enjoy thousands of FREE word packs & hilarious themes! Supports 4-8 player matches, perfect for both online squad battles and offline parties 

Make New Friends
TopTop makes it easy to meet new people while playing. Jump into live PK matches, challenge real-time opponents, and connect with players who share your interests.
Chat, add friends, and invite them for another round anytime!

Hang Together in Groups
TopTop isn’t just for gaming — it’s a social platform, too!
Join voice rooms and chat with people from around the world. Whether you're into music, games, sports, or just good vibes, there's a space for you. No need to show your face — just be yourself, talk freely, and build real connections in a relaxed, fun space

Contact us
Facebook : @toptop.fr
TikTok : @toptop_fr

Join the Party!
Download now and team up with millions of players worldwide. The fun never stops!

[TopTop automatic subscription service description]
1. Subscription service: (Basic Mine/Intermediate Mine) automatic renewal service
2. Subscription period: 1 month (31 days)
3. Subscription price: US$4.99/month $49.99/month
4. Payment: After the purchase is confirmed, the fee will be deducted from the user's Apple iTunes account
5. Cancel subscription: If you need to cancel automatic subscription, please manually open the ""Settings"" of iOS --> Enter ""iTunes Store and App Store"" --> Click ""Apple ID"", select ""View Apple ID"", and enter ""Account Settings"" "" page, click ""Subscribe"", select ""Basic Mine/Intermediate Mine) Automatic Renewal Service"" to cancel the subscription. Please turn off automatic subscription at least 24 hours before the subscription period expires. No charges will be deducted after turning off. If the subscription is not closed at least 24 hours before the end of the subscription period, this subscription will automatically renew.
6. Renewal: 24 hours before the automatic membership renewal service expires, Apple will automatically deduct the corresponding fee from your iTunes account. After success, the validity period of the membership automatic renewal service will be automatically extended by one cycle.
7.TOPTOP Privacy Policy: https://www.toptop.net/privacy.html
8.TOPTOP Terms of Service (including automatic subscription service agreement): https://www.toptop.net/terms.html

[Extra resource download description]
Some games may require downloading additional game resources. The extra data needed for the download will be clearly indicated when the download starts.","subscription, automatic, service, toptop, games",https://is1-ssl.mzstatic.com/image/thumb/PurpleSource211/v4/2c/c3/cd/2cc3cdbe-25b2-94ca-25c2-1dbb6bf0a32c/EN-iOS-1242x2688-1.jpg/1242x2688bb.jpeg,https://is1-ssl.mzstatic.com/image/thumb/PurpleSource221/v4/1d/b5/a9/1db5a920-d482-e36d-1518-c6744d9b1435/EN-iOS-1242x2688-2.jpg/1242x2688bb.jpeg,https://is1-ssl.mzstatic.com/image/thumb/PurpleSource211/v4/8d/ab/a5/8daba5ef-7e9c-4141-e8ad-48a12c80286e/EN-iOS-1242x2688-4.jpg/1242x2688bb.jpeg,https://is1-ssl.mzstatic.com/image/thumb/PurpleSource211/v4/9f/3b/ef/9f3befe5-eedf-5f0d-61c8-6d35356ca942/EN-iOS-1242x2688-8.jpg/1242x2688bb.jpeg
Lifestyle,Towerfy Us,https://is1-ssl.mzstatic.com/image/thumb/Purple221/v4/ea/ac/ca/eaaccaf8-e623-a5be-61eb-65d74596d447/AppIcon-0-0-1x_U007ephone-0-1-85-220.png/512x512bb.jpg,1.1K,"January 23, 2026",1.0,1,https://apps.apple.com/us/app/towerfy-us/id6758149182?uo=4,Yurii Tiukhtii,"Sometimes the hardest part of a relationship isn't love, but day-to-day arrangements. Towerfy Us is designed for couples and families looking to build calmer, more understandable, and balanced relationships. It helps resolve everyday conflicts, household chores, and responsibility issues without unnecessary arguments and escalating tension. Instead of guesswork and mutual recriminations, you get a clear picture of who's responsible for what and who's currently overloaded. The app helps you document problems, agree on resolution steps, and track your contribution balance over time. It's suitable for romantic partners, cohabitants, and families seeking more clarity and fewer conflicts. Relationships are built step by step, like a solid foundation.

Key features:
- Structured solutions for everyday and emotional problems
- Ready-made action plans for common life situations
- Transparent distribution of roles and responsibilities
- Analysis of the balance of effort and contribution of partners
- Tracking the workload and energy level of each participant

Towerfy Us helps transform the chaos of everyday tasks into a clear and transparent system. You no longer argue about who does more—you see it clearly. The app reduces emotional stress, simplifies agreements, and helps you spot overload early. It doesn't replace conversations, but it makes them calmer and more productive. Over time, you begin to better understand each other and maintain balance in your relationship. Towerfy Us is suitable for those who want to not just solve problems, but strengthen their partnership. Build stronger and healthier relationships together.","helps, towerfy, relationships, everyday, problems",https://is1-ssl.mzstatic.com/image/thumb/PurpleSource211/v4/2e/37/21/2e3721f0-2a01-5dd3-890f-9ea09a195fe5/Towerfy_Us_AppStore_Screenshot_9.png/1284x2778bb.jpeg,https://is1-ssl.mzstatic.com/image/thumb/PurpleSource221/v4/f0/33/eb/f033eba0-6b4a-2249-6aa1-fefde8ff4e51/Towerfy_Us_AppStore_Screenshot_2.png/1284x2778bb.jpeg,https://is1-ssl.mzstatic.com/image/thumb/PurpleSource221/v4/72/7d/92/727d924b-56f0-9231-8b79-c845a97a243c/Towerfy_Us_AppStore_Screenshot_3.png/1284x2778bb.jpeg,https://is1-ssl.mzstatic.com/image/thumb/PurpleSource211/v4/84/a8/b0/84a8b01f-8cdc-c3a8-f2be-e489db7e409c/Towerfy_Us_AppStore_Screenshot_8.png/1284x2778bb.jpeg
Lifestyle,TripRank - Speed Tracker,https://is1-ssl.mzstatic.com/image/thumb/Purple221/v4/a0/d4/7e/a0d47e83-b162-14a7-e789-35a95a76c62c/AppIcon-0-0-1x_U007emarketing-0-8-0-85-220.png/512x512bb.jpg,396.3K,"January 06, 2026",4.8,2k,https://apps.apple.com/us/app/triprank-speed-tracker/id6757245082?uo=4,Uros Mijajlovic,"Learn everything about your driving style! 

Track your trips automatically and see a clear summary of every run. When a trip ends, TripRank generates a shareable image with your key stats, so you can save it or post it.

What you get:
  Automatic trip tracking
  Time and distance
  Max speed and average speed
  Shareable trip images
  Trip history and summaries
  Detailed driving stats including acceleration, braking, cornering, stops, lane changes, and G-force data
  Designed with a clean, dark interface and built around real sensor data, TripRank helps you understand how you actually drive.

TripRank is built for responsible drivers - always obey speed limits, never use your phone while driving, and remember that no stat is worth compromising your safety or others'.

Note: Some features, including advanced driving statistics, require a TripRank Pro subscription.

---
Contact: urosmijajlovic@gmail.com
Terms of Service: https://uros.io/triprank/terms.html","your, driving, trip, triprank, speed",https://is1-ssl.mzstatic.com/image/thumb/PurpleSource221/v4/e8/08/73/e8087376-9b83-b939-1800-df49f61d0e79/App_Store_Screenshot_20.jpg/1242x2688bb.jpeg,https://is1-ssl.mzstatic.com/image/thumb/PurpleSource221/v4/23/f6/78/23f678e4-6d70-504a-d3af-3d8386fa4fbf/App_Store_Screenshot_23__U00281_U0029.jpg/1242x2688bb.jpeg,https://is1-ssl.mzstatic.com/image/thumb/PurpleSource211/v4/4b/dc/66/4bdc667e-53ad-bebd-31cf-2d715a52d936/App_Store_Screenshot_22.jpg/1242x2688bb.jpeg,https://is1-ssl.mzstatic.com/image/thumb/PurpleSource211/v4/2c/86/44/2c864498-614b-6c31-192c-4f8ceb374a57/App_Store_Screenshot_27.jpg/1242x2688bb.jpeg
Productivity,Typeless: AI Voice Keyboard,https://is1-ssl.mzstatic.com/image/thumb/Purple221/v4/f7/a8/41/f7a841f3-ab80-3f9e-3aaa-f62f94e5c0c6/AppIcon-0-0-1x_U007emarketing-0-6-0-85-220.png/512x512bb.jpg,73K,"December 21, 2025",4.7,203,https://apps.apple.com/us/app/typeless-ai-voice-keyboard/id6749257650?uo=4,Simply CA LLC,"AI voice dictation that's actually intelligent. Speak naturally, and Typeless turns your speech into clear, polished messages, emails, and documents that read like you carefully typed them — in real time. 6× faster than typing.

Typeless turns your voice into superpowers. Suddenly, your phone can do things that once felt impossible — effortlessly and at 10× the speed.

Whether you're walking, commuting, or whispering around others, Typeless refines what you say into clear, polished writing. No filler words. No autocorrect fumbles. No awkward phrasing — just fast, fluent writing that sounds like you.

When you remove the friction of typing with the smartest voice-to-text AI that understands your intent, your thoughts flow freely. You become more creative and more inspired. It feels like magic.

Trusted by business leaders, professionals, engineers, creators, and students to save one day every week.

Key features

- AI voice dictation: The smartest voice-to-text AI that turns your speech into clear, polished writing.
- Speak to edit: Want to revise, refine, or rephrase your writing without typing? Just say what you want to change and it happens like magic.
- Works in every app: From WhatsApp to Slack to email, ChatGPT, and Notes.

Why People Choose Typeless

- Removes filler: Automatically removes filler words like ""um,"" ""uh,"" and ""you know,"" making your writing clear and professional.
- Removes repetition: Detects and removes unnecessary repeated words, keeping your language concise and easy to understand.
- Auto-edits when you change your mind: Recognizes self-corrections mid-sentence and keeps only your final intended message.
- Auto-formats: Organizes spoken lists, steps, and key points into clean, structured text.
- Find the perfect words: Helps you express ideas effortlessly, so your message comes across clearly.
- Different tones for each app: Adapts tone and style based on the app you're using, from work emails to casual chats.
- 100+ languages: Speak in any language — or mix them seamlessly — and Typeless automatically detects and transcribes your language.
- Personal dictionary: Add your unique words effortlessly, and Typeless won't miss them.

Private by design

- Zero data retention
- Never stores or trains on your data
- Everything stays local on your device

Terms of service: https://www.typeless.com/terms
Privacy policy: https://www.typeless.com/privacy","your, typeless, into, like, writing",https://is1-ssl.mzstatic.com/image/thumb/PurpleSource211/v4/32/07/36/3207362e-67d9-a768-3640-40241861fe76/1.jpg/1242x2688bb.jpeg,https://is1-ssl.mzstatic.com/image/thumb/PurpleSource211/v4/15/f8/34/15f834f9-5c29-c1de-6f9a-d5aaa6d04e50/2.jpg/1242x2688bb.jpeg,https://is1-ssl.mzstatic.com/image/thumb/PurpleSource211/v4/b9/da/87/b9da8769-adb4-c975-7aee-8c677edde640/3.jpg/1242x2688bb.jpeg,https://is1-ssl.mzstatic.com/image/thumb/PurpleSource221/v4/12/3e/ea/123eeadf-2c6c-c0ca-460b-57c2f4377185/4.jpg/1242x2688bb.jpeg
Health & Fitness,Typology Paris - Skincare,https://is1-ssl.mzstatic.com/image/thumb/Purple221/v4/bc/bd/19/bcbd198c-1e28-51a4-289d-dac48f5fdf5f/AppIcon-0-0-1x_U007ephone-0-1-85-220.png/512x512bb.jpg,74.8K,"January 27, 2026",4.9,588,https://apps.apple.com/us/app/typology-paris-skincare/id1611151299?uo=4,Good Brands SAS,"Discover a new application for your most personalized skincare experience yet.
Complete a 4-minute Skin Diagnostic and learn your exact typology. Receive personalised advice and product recommendations based on your skin and specific concerns.
Watch customized video content on how and when to use your products.
Get access to all our skincare products and the latest releases, along with order tracking and your favorites. Want to take it a step further? Subscribe to Typology Premier for weekly skincare sessions with our facialist and access to exclusive content.","your, skincare, skin, typology, content",https://is1-ssl.mzstatic.com/image/thumb/PurpleSource211/v4/70/3d/28/703d283f-c77b-87e9-47a0-3a7f3a038dac/iOS-6.5_-_01.png/1242x2688bb.jpeg,https://is1-ssl.mzstatic.com/image/thumb/PurpleSource211/v4/2f/22/c1/2f22c1c8-e3f4-5ef0-8f29-6250230969c6/iOS-6.5_-_02.png/1242x2688bb.jpeg,https://is1-ssl.mzstatic.com/image/thumb/PurpleSource221/v4/61/ce/1d/61ce1d16-435f-9d8d-2a51-922967a16f64/iOS-6.5_-_04.png/1242x2688bb.jpeg,https://is1-ssl.mzstatic.com/image/thumb/PurpleSource211/v4/b3/50/71/b3507153-f5a3-06f9-a2f3-8eef783b5843/iOS-6.5_-_07.png/1242x2688bb.jpeg
Lifestyle,Urbex: Abandoned World,https://is1-ssl.mzstatic.com/image/thumb/Purple221/v4/ab/2b/94/ab2b94ec-38b2-06c2-68be-aa096cdfc7a3/AppIcon-0-0-1x_U007emarketing-0-11-0-85-220.png/512x512bb.jpg,548,"February 12, 2026",1.0,3,https://apps.apple.com/us/app/urbex-abandoned-world/id6751201068?uo=4,AGRO-INVESTICIJAS SIA,"Our app is a global map and community platform designed for urban explorers who seek abandoned and forgotten places. From empty towns and hospitals to hidden factories and mysterious landmarks, the app helps users discover, save, and share unique urbex locations worldwide. It offers an interactive map, a detailed location database with photos, coordinates, and historical facts, as well as robust search and filter tools. Users can create profiles, upload their own discoveries, and plan navigation routes using Google Maps or Apple Maps.

The free version provides basic access to location information and a limited number of favorites, while the premium version unlocks full access to the database, personalized routes, unlimited saved locations, and rich historical content. This app is more than just a map—it opens the door to the world’s forgotten stories and connects a vibrant community of explorers.

This application includes auto-renewable subscriptions and In-App Purchases:
1 week - Weekly - $4.99
1 month - Monthly - $12.99
1 year - Yearly - $39.99
Lifetime - $59.99

A subscription is required to access all premium features. You can cancel anytime through your device’s subscription settings.

Privacy Link: https://sites.google.com/view/echovault/privacy-policy?authuser=1
Terms of Use Link: https://www.apple.com/legal/internet-services/itunes/dev/stdeula/","app, access, map, community, explorers",https://is1-ssl.mzstatic.com/image/thumb/PurpleSource221/v4/72/37/70/72377005-07d6-93f0-c556-37e402814f18/v1_1_iPhone.jpg/1242x2688bb.jpeg,https://is1-ssl.mzstatic.com/image/thumb/PurpleSource221/v4/07/6d/4b/076d4b7c-7860-8c4a-7544-b07bbcd1863d/v1_2_iPhone.jpg/1242x2688bb.jpeg,https://is1-ssl.mzstatic.com/image/thumb/PurpleSource211/v4/85/56/b9/8556b940-ffe5-da6f-5bfe-7ba3096dedcc/v1_3_iPhone.jpg/1242x2688bb.jpeg,https://is1-ssl.mzstatic.com/image/thumb/PurpleSource221/v4/7d/90/7b/7d907b79-da24-88fe-3642-45f264dc9015/v1_4_iPhone.jpg/1242x2688bb.jpeg
Utilities,Vita - Core Station,https://is1-ssl.mzstatic.com/image/thumb/Purple221/v4/77/e0/72/77e072dd-002b-8b5c-70bd-87dbc5be4da5/AppIcon-0-0-1x_U007ephone-0-1-0-85-220.png/512x512bb.jpg,16.2K,"March 06, 2026",4.2,83,https://apps.apple.com/us/app/vita-core-station/id6759721531?uo=4,PRABHU DOO,"Vita - Core Station is a unified environment designed to host and organize your interactive digital library. Enjoy a curated selection of built-in titles or seamlessly integrate your own collection into a high-performance hub.

Key Features:

1. Integrated Library: Instant access to 11 pre-installed titles, including arcade, puzzle, and sports genres.
2. Custom Imports: Easily add and categorize your own collection with era-based filters (80s, 90s, 00s).
3. Evolution System: Track your journey with XP, daily streaks, and a global leaderboard.
4. Interactive Byte: Engage with a built-in virtual companion for trivia, facts, and personalized tips.
5. Visual Customization: Toggle classic scanline filters and high-fidelity haptics for a tailored experience.

! Data Transparency (Guideline 5.1.2i): To power the ""Byte"" virtual companion, user prompts are securely processed via third-party cloud AI services. No personal data is shared beyond the necessary input for generating responses. You can manage your consent for this feature in the app settings at any time.

Privacy Policy: https://www.termsfeed.com/live/ee2e5d37-6a28-44ac-b53d-d41d2d271c96","your, interactive, library, builtin, titles",https://is1-ssl.mzstatic.com/image/thumb/PurpleSource221/v4/70/ad/f1/70adf1b9-3c23-62be-ea24-63dd7e2ed78a/2.jpg/1242x2688bb.jpeg,https://is1-ssl.mzstatic.com/image/thumb/PurpleSource211/v4/4f/e1/b2/4fe1b24d-d17b-080a-16e7-8b3c39124790/1.jpg/1242x2688bb.jpeg,https://is1-ssl.mzstatic.com/image/thumb/PurpleSource211/v4/28/74/dd/2874ddc1-814d-c7a2-5594-b007c50fdde8/3.jpg/1242x2688bb.jpeg,N/A
Utilities,VoKit - Image Effects Creator,https://is1-ssl.mzstatic.com/image/thumb/Purple221/v4/9c/7d/17/9c7d1734-e8db-bb11-8c45-b9ae9951427d/AppIcon-0-0-1x_U007ephone-0-1-0-85-220.png/512x512bb.jpg,116.2K,"January 19, 2026",4.6,465,https://apps.apple.com/us/app/vokit-image-effects-creator/id6757728397?uo=4,韵迪 林,"VoKit is an AI-powered creative app that lets you transform photos and videos into eye-catching, share-worthy content — all in just a few taps.

Whether you want to animate a still photo, replace characters in a video, try fun AI filters, or create entertaining face-swap clips, VoKit gives you powerful tools wrapped in a simple, intuitive experience.

What You Can Do with VoKit?
 Photo to Video
Bring static images to life. Turn a single photo into dynamic, animated videos powered by advanced AI.

Character & Face Replacement
Swap faces or replace characters in videos smoothly and naturally. Perfect for fun, creativity, and social content.

AI Filters & Effects
Explore a growing collection of AI filters and styles — cinematic, artistic, playful, and more.

Fast & Easy
No editing skills required. Upload, choose an effect, and let VoKit do the magic in seconds.

 Made for Fun & Creativity
VoKit is built for entertainment, creativity, and self-expression. Create content for social media, memes, short videos, or just for fun with friends.

Privacy First
Your content is processed securely and used only to deliver the features you choose. You stay in control of your creations.

Why VoKit?
• AI-powered video creation
• Simple, beginner-friendly design
• High-quality, realistic results
• New effects added regularly

Download VoKit today and start creating videos that stand out.

【Auto-renewal Service Description for VoKit Membership】
Membership Benefits
• Enjoy exclusive membership privileges, including AI video creation, style template making, unlimited saves, ad-free experience and more.
Subscription Periods
• Weekly (Continuous Weekly Membership), 12-Month (Continuous Annual Membership).
Subscription Prices
• Continuous Weekly Membership: $7.99 per week; Continuous Annual Membership: $39.99 per year.
Payment Method
• Payment will be charged to your iTunes Account upon confirmation of purchase.
Cancellation of Renewal
• To cancel auto-renewal, you must manually turn off the auto-renewal function in your iTunes/Apple ID settings at least 24 hours before the end of the current subscription period.
Renewal Rules
• Your Apple iTunes Account will be charged 24 hours prior to subscription expiration. Upon successful payment, the subscription period will be automatically extended by one billing cycle.

Terms of Service:https://web.vokitai.com/static/IOS_Team_of_Service.html
Privacy Policy:https://web.vokitai.com/static/IOS_Privacy_Policy.html","vokit, membership, videos, your, subscription",https://is1-ssl.mzstatic.com/image/thumb/PurpleSource221/v4/1e/b8/2d/1eb82d22-d582-e429-7c03-f0b72912d160/1290_2796spring.png/1290x2796bb.jpeg,https://is1-ssl.mzstatic.com/image/thumb/PurpleSource221/v4/33/9e/54/339e5480-547f-4712-f457-aa7388f3492b/1290_2796video.png/1290x2796bb.jpeg,https://is1-ssl.mzstatic.com/image/thumb/PurpleSource211/v4/fc/93/aa/fc93aa66-0a1b-d1d9-745c-0f8cef07d089/1290_2796img.png/1290x2796bb.jpeg,https://is1-ssl.mzstatic.com/image/thumb/PurpleSource211/v4/85/ce/ae/85ceae02-2fd0-7e47-cf6c-0d8c306d53d8/1290_2796New_Trends.png/1290x2796bb.jpeg
Productivity,WaveGuard: Sound Clean,https://is1-ssl.mzstatic.com/image/thumb/Purple221/v4/e8/c8/e6/e8c8e66b-61ff-0cd5-63d5-f88cb1929aa1/AppIcon-0-0-1x_U007ephone-0-1-0-P3-85-220.png/512x512bb.jpg,905,"January 10, 2026",3.4,9,https://apps.apple.com/us/app/waveguard-sound-clean/id6757467651?uo=4,德占 闫,"Fix Your Speaker Instantly.
Muffled sound? Water in the grill? Dust clogging the mesh?
WaveGuard uses a scientifically tuned 165Hz Omni-Wave™ technology designed to tackle both liquid and solid debris simultaneously.

One Button, Dual Action:
Ejects Water: Strong vibrations force liquid droplets out of the speaker cavity.
Blasts Dust: High-frequency resonance dislodges stuck particles and lint.

Why Complicate It?
Just tap ""Start Cleaning"" and let our smart frequency restore your audio clarity in 60 seconds.

Plus, Keep Your Phone Fast:
Includes free tools to clean duplicate photos, videos, and contacts.

100% Local & Private.
No Ads.

Download now and experience the difference.

Support: change@yanyannetwork.com
Privacy: https://sites.google.com/view/waveguard-privacy
Terms: https://sites.google.com/view/waveguard-terms","your, speaker, water, dust, liquid",https://is1-ssl.mzstatic.com/image/thumb/PurpleSource211/v4/76/d2/19/76d21909-ad81-34d3-7808-8e718a6db915/01.jpg/1242x2688bb.jpeg,https://is1-ssl.mzstatic.com/image/thumb/PurpleSource221/v4/02/74/44/02744414-d795-41f8-251c-1c4e5dec3f67/02.jpg/1242x2688bb.jpeg,https://is1-ssl.mzstatic.com/image/thumb/PurpleSource221/v4/b6/6a/33/b66a3302-4e9f-cb3b-c7fb-b13392cbff7a/03.jpg/1242x2688bb.jpeg,https://is1-ssl.mzstatic.com/image/thumb/PurpleSource211/v4/fa/29/18/fa291856-7430-fc90-8130-cd3889d341b7/04.jpg/1242x2688bb.jpeg
Health & Fitness,Wayk: Alarm Clock to Wake Up,https://is1-ssl.mzstatic.com/image/thumb/Purple211/v4/81/5e/2e/815e2eac-f624-4587-e36d-605d0f5ae4a5/AppIcon-0-0-1x_U007ephone-0-1-85-220.png/512x512bb.jpg,437K,"February 03, 2026",4.8,4k,https://apps.apple.com/us/app/wayk-alarm-clock-to-wake-up/id6758021281?uo=4,Dialed Labs Inc.,"How to use Wayk:

1) Select your Mission to build your morning routine.

2) Wake up and complete the task (e.g., pushups, photo of the sky, read bible verse).*

3) The alarm turns off only when the mission is complete.

Wayk is the alarm clock that forces you to win the morning.

We aren't just another utility app. We are here to empower you to wake up with purpose. When the alarm rings, you have a mission: do pushups, photograph the sky, make your bed, or read a bible verse. The alarm won't stop until you succeed.

If you have any ideas or questions, please email us at help@wayk.io.

*SMART ALARMS REQUIRE A SUBSCRIPTION TERMS: https://www.apple.com/legal/internet-services/itunes/dev/stdeula/","alarm, your, mission, wayk, morning",https://is1-ssl.mzstatic.com/image/thumb/PurpleSource221/v4/94/44/90/94449001-0ca8-8ceb-4e7d-43c80603b0a6/11.png/1290x2796bb.jpeg,https://is1-ssl.mzstatic.com/image/thumb/PurpleSource211/v4/d0/cf/3f/d0cf3f73-5528-8173-5f3f-83e2a45fd734/6.png/1290x2796bb.jpeg,https://is1-ssl.mzstatic.com/image/thumb/PurpleSource221/v4/de/f6/06/def6066e-b90d-f744-e304-2dc96d2361c4/12.png/1290x2796bb.jpeg,https://is1-ssl.mzstatic.com/image/thumb/PurpleSource221/v4/01/61/d8/0161d8ce-77c2-9b04-d93e-82adbbfade81/3.png/1290x2796bb.jpeg
Social Networking,Whiko - Chat & Link,https://is1-ssl.mzstatic.com/image/thumb/Purple211/v4/ae/32/d2/ae32d2a6-5610-16a7-09bf-8177f7023ac9/AppIcon-1x_U007ephone-0-1-85-220-0.png/512x512bb.jpg,2.8K,"March 04, 2026",4.7,19,https://apps.apple.com/us/app/whiko-chat-link/id6760005756?uo=4,Mazomi Fardaar,"Whiko — A Safe Place to Speak
Some thoughts are too heavy to say out loud.
 Some feelings stay buried because there’s no safe place to share them.
Whispr is a female-style AI emotional listening community designed for confession, emotional release, and calm psychological companionship.
No judgment.
 No romance.
 No pressure.
Just a quiet space where you can speak freely.","safe, place, speak, emotional, whiko",https://is1-ssl.mzstatic.com/image/thumb/PurpleSource221/v4/55/a0/c5/55a0c54c-1d6d-0e8d-d78b-062c1327665b/en1.png/1290x2796bb.jpeg,https://is1-ssl.mzstatic.com/image/thumb/PurpleSource221/v4/2a/c1/44/2ac1442d-8c66-7f32-8759-81745e3558c1/en2.png/1290x2796bb.jpeg,https://is1-ssl.mzstatic.com/image/thumb/PurpleSource211/v4/d3/27/22/d32722d5-96be-b393-6d74-c0f38904f26f/en3.png/1290x2796bb.jpeg,https://is1-ssl.mzstatic.com/image/thumb/PurpleSource221/v4/84/c2/35/84c235cd-cdcb-90ee-50d1-447b93b86407/en4.png/1290x2796bb.jpeg
Utilities,YSITV-MyStock,https://is1-ssl.mzstatic.com/image/thumb/Purple221/v4/9b/41/36/9b413673-87be-9faf-7622-e0d9711fa644/AppIcon-1x_U007epad-0-11-0-85-220-0.png/512x512bb.jpg,683,"March 11, 2026",5.0,9,https://apps.apple.com/us/app/ysitv-mystock/id6760379278?uo=4,Van Trong Vu,"Tired of repeatedly purchasing items that you already have at home? Always forgetting when the food in the fridge is about to expire? YSITV-MyStock offers you a one-stop solution for managing your household inventory, making your life organized and eliminating waste. 
【Core Function】 
- Ultra-fast barcode scanning for inventory entry: Equipped with a high-performance barcode scanner, items can be entered instantly. It supports custom classification and storage locations (such as ""Kitchen"", ""Basement""), making it easy to find items.
- Intelligent expiration warning: An intuitive dashboard displays ""To-do items for today"" and ""Items about to expire"" in real time. This effectively prevents food spoilage, saving money and being environmentally friendly.
- Shopping list linkage: When an item falls below the ""safe stock level"", it is automatically marked. With one click, low-stock items can be added to the shopping list, achieving a seamless loop from ""detecting out-of-stock"" to ""completing replenishment"".
- Professional inventory checking mode: The unique inventory verification function allows for entering the actual quantity and automatically calculates the variance (Variance) to ensure consistency between accounts and reality.
- Privacy first, offline usable: We understand the sensitivity of family data. This application does not require registration or login, and does not need an internet connection. All data is fully stored locally on your device. Supports CSV/PDF data export for backup.","items, inventory, your, data, food",https://is1-ssl.mzstatic.com/image/thumb/PurpleSource221/v4/bb/bf/dd/bbbfdd0f-5fd8-fba3-f4da-2bcaf4d44e87/1242_U002a2688_U56fe3.jpg/1242x2688bb.jpeg,https://is1-ssl.mzstatic.com/image/thumb/PurpleSource221/v4/c8/09/43/c8094366-46e3-7a4b-c6f7-01e69266c6f2/1242_U002a2688_U56fe1.jpg/1242x2688bb.jpeg,https://is1-ssl.mzstatic.com/image/thumb/PurpleSource211/v4/b6/7a/15/b67a1502-8f6d-050f-90b2-98838fd21132/1242_U002a2688_U56fe2.jpg/1242x2688bb.jpeg,https://is1-ssl.mzstatic.com/image/thumb/PurpleSource221/v4/70/ad/24/70ad24df-96ba-4bc0-8453-fc898ca9d7cc/1242_U002a2688_U56fe4.jpg/1242x2688bb.jpeg
Productivity,llai - Hakha Chin AI,https://is1-ssl.mzstatic.com/image/thumb/Purple211/v4/83/e6/82/83e68239-3535-6a72-c12e-b49155773fef/AppIcon-0-0-1x_U007epad-0-1-85-220.png/512x512bb.jpg,822,"March 10, 2026",5.0,7,https://apps.apple.com/us/app/llai-hakha-chin-ai/id6759513667?uo=4,NexOps Innovations LLC,"llai is the first AI-powered chatbot built specifically for the Hakha Chin language community. Whether you speak Hakha Chin, Burmese, or English, llai understands and responds in your language.

Use llai to:
- Translate between Hakha Chin, Burmese, and English
- Ask questions and get answers in Hakha Chin
- Get help with everyday tasks in your native language

llai is built for the Chin community by the Chin community. Our AI is continuously improving to better understand and serve Hakha Chin speakers worldwide.

Features:
- AI chat in Hakha Chin, Burmese, English and most languages
- Camera, document and photo analysis
- Fast, accurate translations
- Works on the go from your iPhone or iPad","chin, hakha, llai, language, community",https://is1-ssl.mzstatic.com/image/thumb/PurpleSource221/v4/75/93/62/7593627d-5070-066b-d0d2-3d2080664be8/1.png/1242x2688bb.jpeg,https://is1-ssl.mzstatic.com/image/thumb/PurpleSource211/v4/7f/25/ae/7f25ae05-ce4e-1c1f-ba0e-1c85dabe21ab/2.png/1242x2688bb.jpeg,https://is1-ssl.mzstatic.com/image/thumb/PurpleSource211/v4/02/2f/30/022f30dd-e356-50c3-0bb0-c2da82edb599/3.png/1242x2688bb.jpeg,https://is1-ssl.mzstatic.com/image/thumb/PurpleSource221/v4/80/67/a4/8067a451-fbc1-7264-e50d-ff71d84bd1c7/4.png/1242x2688bb.jpeg
Lifestyle,myAtlante,https://is1-ssl.mzstatic.com/image/thumb/Purple221/v4/5f/25/58/5f255884-2014-e5d7-fb1a-f2ac57283aed/AppIcon-0-0-1x_U007ephone-0-1-85-220.png/512x512bb.jpg,508,"January 30, 2026",5.0,1,https://apps.apple.com/us/app/myatlante/id6473838981?uo=4,Atlante Srl,"myAtlante gives you easy access to Atlante’s fast and ultra-fast charging stations in Italy, France, Spain, and Portugal.

Find the perfect charging station, simulate costs, and charge your car with 100% green energy.

Charge with myAtlante or your RFID card at Atlante and ChargeLeague member (Electra, Fastned, IONITY) stations and save on your next charging sessions with Green Gems!

Want to discover all the benefits and the cashback you can earn? Visit the “App & Loyalty” page on our website!

Discover the main features of myAtlante:
- Find Atlante charging stations using the interactive map and search filters 
- Navigate to your destination (Google Maps, Maps, and Waze) 
- Monitor the real-time availability of charging points
- Simulate the final price of your charge 
- Start a charging session with myAtlante or with the RFiD card: request it in the app! 
- Connect your vehicle to the app for a personalized experience and monitor your battery's charging status 
- View your charging history and easily download receipts 
- Get 24/7 support 

Download myAtlante app now and enjoy your electric journey!","your, charging, myatlante, app, stations",https://is1-ssl.mzstatic.com/image/thumb/PurpleSource221/v4/d7/3b/ba/d73bba47-b3fe-afc1-32a6-68e237418ca1/EN_appStore_6.5__U00281284x2778_U0029_01.png/1284x2778bb.jpeg,https://is1-ssl.mzstatic.com/image/thumb/PurpleSource221/v4/3c/a6/d2/3ca6d298-aea6-f441-24a5-04663d980ce4/EN_appStore_6.5__U00281284x2778_U0029_02.png/1284x2778bb.jpeg,https://is1-ssl.mzstatic.com/image/thumb/PurpleSource211/v4/95/06/1c/95061cb8-34fc-2377-3215-ed6a68dabe9f/EN_appStore_6.5__U00281284x2778_U0029_03.png/1284x2778bb.jpeg,https://is1-ssl.mzstatic.com/image/thumb/PurpleSource211/v4/7c/44/9e/7c449ef5-3abd-30bf-4795-68177b37ae72/EN_appStore_6.5__U00281284x2778_U0029_04.png/1284x2778bb.jpeg
Social Networking,итд,https://is1-ssl.mzstatic.com/image/thumb/Purple221/v4/dd/52/9f/dd529f85-3836-e866-bb6e-d27907c8d36d/AppIcon-0-0-1x_U007epad-0-1-85-220.png/512x512bb.jpg,7.7K,"March 13, 2026",4.8,136,https://apps.apple.com/us/app/%D0%B8%D1%82%D0%B4/id6759969018?uo=4,nowkie,молодежная соц сеть ильи новки и т.д.. топ место для молодеждных крутых хайповых зумеров и миллениалов!! всем печеньки!! переходи на нашу сторону итд!!,N/A,https://is1-ssl.mzstatic.com/image/thumb/PurpleSource221/v4/d3/2c/71/d32c717e-6910-5e6b-8911-eff4c9b6d5ab/1.png/1242x2688bb.jpeg,https://is1-ssl.mzstatic.com/image/thumb/PurpleSource221/v4/f7/cc/d0/f7ccd0ef-a8df-1728-5b70-425c1b82e248/2.png/1242x2688bb.jpeg,https://is1-ssl.mzstatic.com/image/thumb/PurpleSource221/v4/aa/32/83/aa3283d8-163e-7262-9fb0-46d10deba15e/3.png/1242x2688bb.jpeg,https://is1-ssl.mzstatic.com/image/thumb/PurpleSource211/v4/51/88/f3/5188f30e-ff6a-01bb-89f0-3c428d06e786/4.png/1242x2688bb.jpeg
Lifestyle,好用智能导航 - 北斗卫星精准语音导航,https://is1-ssl.mzstatic.com/image/thumb/Purple211/v4/02/f7/be/02f7be3d-8579-f50b-153d-c10884ba36e5/AppIcon-0-0-1x_U007ephone-0-11-0-85-220.png/512x512bb.jpg,3.9K,"December 23, 2025",4.9,11,https://apps.apple.com/us/app/%E5%A5%BD%E7%94%A8%E6%99%BA%E8%83%BD%E5%AF%BC%E8%88%AA-%E5%8C%97%E6%96%97%E5%8D%AB%E6%98%9F%E7%B2%BE%E5%87%86%E8%AF%AD%E9%9F%B3%E5%AF%BC%E8%88%AA/id6756780491?uo=4,家声 黄,"好用智能导航，是一款以精准、省心、安全为核心的智能导航工具，覆盖城市通勤、自驾出游、周边生活、附近钓点汇总等场景，凭借极简操作直击 “找路难、找资源烦、遇麻烦慌” 的出行痛点，让每一次出行都告别折腾，得心应手。

【路线规划+语音导航】
还在为通勤绕路、自驾陌生路段分心看手机发愁？这款导航直接帮你解决出行烦恼！依托实时交通大数据与高精度定位，系统会智能生成最优、常规等多条路线任你选，早高峰避开拥堵、长途预判车流，搭配全程拟人化语音指引，精准播报转向、车道、限速等突发路况秒级预警，新手也能从容应对每一次出行。

【卫星地图・山脉湖泊全景浏览】
帮你解锁自然地貌浏览新体验！依托高清卫星影像与高精度地形建模技术，系统会清晰呈现山脉脉络、湖泊轮廓，支持全景俯瞰、局部放大等多种浏览模式搭配地貌细节可视化展示，植被覆盖、水域边界一目了然，无论是户外爱好者还是自然探索者，都能直观领略每一处山川湖海的壮阔。

【多种地图灵活切换】
点击 “切换地图” 按钮，可一键点击切换地图，卫星地图、默认地图、黑夜地图随心换，多视图模式灵活适配各类导航场景，让出行导航更贴合你的使用习惯。

【多维度出行方案】
综合交通选择：支持驾车、公交、步行、骑行、地铁等多元路线，适配各类出行场景。

【刚需服务秒速查】
出门找补给不用再翻来翻去！直接点「加油站 / 充电站 / 停车场」按钮，附近的设施立刻筛选出来，加油、充电、停车再也不绕路！

【附近钓点汇总】
想钓鱼却不知道去哪？打开我们的应用可一键获取周边所有钓点的精准位置和详细信息，更贴心同步钓点实时天气、气压等鱼情关键数据，帮你精准锁定 “爆护” 宝地，轻松享受垂钓乐趣！


重要声明
本产品仅提供导航及周边信息参考，实际路况请以现场情况为准，请勿依赖本产品进行危险区域导航

订阅说明
自动续订说明:订阅到期后会自动续期，续费金额将直接从你的Apple ID账户里扣除。
灵活取消:您可在当前订阅周期结束前24小时，前往Apple ID账户设置页面，随时关闭自动续订功能

使用条款
【用户协议】https://m.saomiao66.com/qssmw/pages/5047-30E86ABB/index.html
【隐私政策】https://m.saomiao66.com/qssmw/pages/5046-ACCB5D47/index.html
【会员协议】https://m.saomiao66.com/qssmw/pages/5051-DD3D3F07/index.html
【自动续费服务协议】https://m.saomiao66.com/qssmw/pages/5052-7E0079E4/index.html","apple, 24apple",https://is1-ssl.mzstatic.com/image/thumb/PurpleSource221/v4/f1/1d/37/f11d3794-fe65-e9fd-2863-25b7174ce2e5/1290x2796_1.png/1290x2796bb.jpeg,https://is1-ssl.mzstatic.com/image/thumb/PurpleSource211/v4/fa/bf/50/fabf505c-a7c8-dfe2-c4cf-aeadfdc61aab/1290x2796_3.png/1290x2796bb.jpeg,https://is1-ssl.mzstatic.com/image/thumb/PurpleSource211/v4/ea/78/ac/ea78ac06-f600-50f9-798e-ae797c3f730a/1290x2796_4_U5907_U4efd.png/1290x2796bb.jpeg,https://is1-ssl.mzstatic.com/image/thumb/PurpleSource221/v4/de/f6/b0/def6b071-5ae1-9e85-a83c-e872fd9c57ab/1290x2796_2_2.png/1290x2796bb.jpeg
