Niche,App Name,Logo URL,Install Count,Release Date,Rating,Review Count,App Link,Developer,Description,Keywords,Screenshot 1,Screenshot 2,Screenshot 3,Screenshot 4
Games,Arrow Maze - Escape Puzzle,https://play-lh.googleusercontent.com/eQaYnAAUi8urVC9tqD4vrGcMCQOQtjsyASfTxqp7wn7YaTTGcOLBXgIr6xmyvIiZnw=w240-h480-rw,1M+,"Oct 17, 2025",4.8,15.7K reviews,https://play.google.com/store/apps/details?id=com.arrows.escape,SayGames Ltd,"FOLLOW THAT ARROW ➡️Get your mind and fingers set to untangle mazes of arrows in the fun take on a traditional maze escape game. Each level you’ll square off against an increasingly tangled knot of arrows, and you’ll need to put all of your logic skills to the test as you figure out which order to remove them, thus clearing the way for the rest. Fear not though, this puzzle is minimalistic and relaxing, not cluttered and stressful.MASTER THE MAZE 🧩Colorful arrows twist and turn around each other, and it’s up to you to figure out which way they’re headed and help them escape from the puzzle grid, making way for others to be moved as well. Levels start off with just a few arrows, and quickly work up to more and more, keeping things interesting. While the puzzle required you to use your logic skills and brain, it still manages to be relaxing and just the perfect level of challenging.You’ll love:🎴 The minimalistic design – Black background, colorful arrows, and no crazy animations or over-the-top graphics – focus on the puzzle without worrying about what might pop up next. The bright arrows stand out well from the background making it easier to see how the maze all fits together, and adding a touch of whimsy to the game. Easily toggle the music and haptic on or off depending on your mood, and don’t worry about tons of popups and events cluttering your game.🌌 The relaxing gameplay – Each level is short and sweet, meaning you can easily squeeze one in whenever you need a distraction. Plus there’s no countdown clock to put pressure on you, so if you get stuck you can easily step away and come back to finish later when you’ve got the time and energy. Last but not least boosters are available in case you can’t quite get past a tricky level.✨ The mental stimulation – While the puzzles might seem simple at first, you’ll find that they start getting challenging fast! More arrows, more twists, and more fun await as you graduate from levels with just a handful of arrows to those with dozens. All those extra colors and crazy shapes and patterns will really stimulate your brain to start looking for patterns, which can be super helpful in real life.A CHALLENGING ESCAPE 🧠Ready to take on an a-maze-ing arrow puzzle that will both relax and challenge your brain? With its simple design and fun graphics you won’t feel a lick of stress as you take on this logic puzzle and help the arrows escape.Download Arrows Escape today and see how many levels of twisty, knotted up arrows you can detangle before getting stuck.Privacy Policy: https://say.games/privacy-policyTerms of Use: https://say.games/terms-of-use","arrows, your, puzzle, escape, level",https://play-lh.googleusercontent.com/FicyiQeIeYGk4Ygt0sIYkJCDqobZ5qzWTzmtm5btv3oP_ZlpoFgKv5tu1oxFJ-Ed3rKp0u9HsvDjP-ivtLW-Sw=w526-h296-rw,https://play-lh.googleusercontent.com/z6zpCnYDEv7YIuecZfIyWWztsKSVROtj4CH39lyLjxR9JiwZKQZpbzQUCl8Aqpof78sst85_hQNJEHiVb_U4cYI=w526-h296-rw,https://play-lh.googleusercontent.com/Cu0cmnbOR3Yf5BZg9hX71OtzFQg7pdM_gwcxpBcJgdibhBfkSIL6LnwbFWHG-IqzAXja6YUovv8k8sJKixNp=w526-h296-rw,https://play-lh.googleusercontent.com/g_rO9JZKftP6D8zQDawOFhbuqipQk--PwnSkQ5FTxo7AMwtfkfB3d456kmW9wjrYrvHHzrXpHpG_zCikJu9S=w526-h296-rw
Games,3D Bubble Shoot - ASMR Game,https://play-lh.googleusercontent.com/tU-yYkAfgp0rUksVb_zO0pzvdXdt_Bi3Z8Yv0J_As3HOER6rafraGyKdMGXQ8HIBB24=w240-h480-rw,1M+,"Sep 3, 2025",4.9,29.3K reviews,https://play.google.com/store/apps/details?id=game.bubble.physics.world,TaTa Game Technology Limited,"A back-to-basics bubble shooter.No power-ups. Just physics.Aim precisely, trigger a chain reaction,and then, simply watch as a satisfying deluge of colorful orbs comes crashing down.Immerse yourself in the crisp, authentic sounds of every collision and roll. Experience pure, immersive ASMR and achieve a state of ultimate relaxation.","backtobasics, bubble, shooterno, powerups, just",https://play-lh.googleusercontent.com/COUv3njHd-a0CXLwyjGv_7MMa1zNOatb4pGFvAvskfcH2LwgzOrw5VoFox_F1k_alsVLoUfJhh1B2CqEbLEUmto=w526-h296-rw,https://play-lh.googleusercontent.com/5DdKav5A7OkqmNdibV7t09DZ9l8WlTfpcYT61I5MacfL3xQYZ2z_TUTtY-lhvR-aSMjWliTr1lepyTtD-f31Pg=w526-h296-rw,https://play-lh.googleusercontent.com/oRvxpdMUmEFovFX3JYxPNDrjVd9Et81gSp0cZ_p6GukIIVR9Za00mi2epihXxW59wLs9jyYZiq45QQNHV96H=w526-h296-rw,https://play-lh.googleusercontent.com/0MZxB3hv_67ilK9vi8VSNpcaZ5q8kMT2YxYdREaIiv5onQt_Zx7ZbFe1wrHvLSYSmvjqTa0_V8ksh8AhITGSmQ=w526-h296-rw
Games,Castle Clashers!,https://play-lh.googleusercontent.com/VW7o5ybPRq9TbTQs9_pzrJkYoFk4QVxUkV96bVfauDmGBZ8O6KNHIRH4oIRlkQAgogw=w240-h480-rw,1M+,"Jul 18, 2025",4.2,18K reviews,https://play.google.com/store/apps/details?id=com.epicoro.castleclashers,VOODOO,"Castle Clashers! 🏰 is a fast, ⚔️ PvP castle-vs-castle battler where every brick breaks and every shot counts.  Draft up to 4 unique units, fortify your keep 🛡️, and outsmart rivals in fully destructible arenas 💥.  Win by eliminating all enemy units 💀 or by reducing their castle to rubble 💣.Why you’ll love it ❤️------------------• ⚡ Real-time 1v1 PvP – Quick matches packed with tactical decisions.  • 🧱 Fully destructible castles – Carve firing lines, collapse towers, and create chaos.  • 🛠️ Build your loadout – Choose up to 4 unique units; each plays wildly differently.  • 🔧 Deep upgrades – Level up units and reinforce castle parts to boost durability.  • 🏆 Progression & Arenas – Climb through ranks, unlock new arenas, and master fresh tactics.  • 🔥 The Forge – Earn epic rewards by upgrading your squad and stronghold.  • 🎯 Play your way – From precision snipes to brute-force sieges, every strategy can win.Core gameplay 🎮-------------• 🎯 Aim & fire from inside your castle using your selected units.  • 💥 Break the battlefield by destroying walls, floors, and supports to expose enemies.  • 🔄 Adapt on the fly to arena hazards and shifting lines of sight.  • 🏁 Win conditions: wipe out all enemy units or flatten their castle.Meta & progression 🧩------------------• 🚀 Upgrade units to unlock new perks and power spikes.  • 🧱 Fortify your castle walls, towers, and key structures then test your build in PvP.  • 🏅 Ranked ladders & arenas introduce new obstacles and unlock fresh, epic units.Sharpen your aim 🎯, perfect your build 🏗️, and claim the crown 👑.Website: https://castle-clashers.com/","your, units, castle, arenas, pvp",https://play-lh.googleusercontent.com/gc60LS8r2JdNp01tKFKPLTUcdzqd4U-qDWyZteen9EnXPLd4N9fNFRa9-TyLDYX3InoUleVjR_dFEe7EEhF4r3s=w526-h296-rw,https://play-lh.googleusercontent.com/oUoqHTxyF8jbLg0v_t_r1hSHJdw_3FURS38QJ_x2PhU0-MvjThAoYf0Pk1U8PdkTKUhHt-cRf6qtIAB66u-N=w526-h296-rw,https://play-lh.googleusercontent.com/I63BtQ9QfUCq6LTL0pUdmfBGqnhOKfXHem5a5eg594ahNFlD30r5WXJpQoPMn9f_zRUZ2OROazTq5Yt2v3_X=w526-h296-rw,https://play-lh.googleusercontent.com/6UMtR1oW_SLdEkC5zlVr1I3P7r9EEf_E2Zg0gVH0VyJ4iBYf0ZqJIKxzNC1iX9hfbgMjl0hBC9-syXJJfVS3cw=w526-h296-rw
Games,Arrow Out,https://play-lh.googleusercontent.com/i4S66jnxU0h4mBg7aURDxn2gUkQmkq2U09Z-QpwxGnoEl_zjS2Fmo49_Nh3eTlYGB6hg=w240-h480-rw,5M+,"Oct 10, 2025",4.6,184K reviews,https://play.google.com/store/apps/details?id=com.arrow.out,Lion Studios Plus,"Arrow Out is a clever directional puzzle where every move matters, designed for fans of brain and mind challenges. Your goal is simple: guide the right arrow through the maze and reach freedom in this smart escape experience.Rotate arrows, shift tiles, and plan ahead using pure logic and spatial thinking. Smooth flow and responsive tap controls make every decision feel precise and satisfying.With gradually increasing difficulty and thousands of handcrafted levels, Arrow Out stands among the best games for iq improvement, training, and problem solving. Each level works like a compact teaser, pushing you to think ahead and adapt.When a level gets tricky, helpful boosters are there to support you:Use Zoom to closely inspect complex paths, Hint to reveal a helpful move, Magic Wand to break through difficult situations, Rubber to erase mistakes, and Grid Scale to adjust the board for better visibility and planning.Game Features• Direction-based logic puzzles with evolving mechanics• Relaxing yet challenging brain training games experience• Thoughtful escape puzzle and shape escape level design• Offline-friendly play with no wifi games for free• Precision controls, helpful boosters, and a comfortable dark mode for extended playArrow Out blends brain games, mind games, and smart interaction into a polished experience that rewards patience and clever thinking.Can you find the way out — or will your arrows go in circles?Visit https://lionstudios.cc/contact-us/ if you have any feedback, need help beating a level, or have any awesome ideas you would like to see in the game!From the studio that brought you Wordle!, Match 3D, Happy Glass, Hexa Sort, and many, many more!Follow us to get news and updates on our other award-winning titles:https://lionstudios.cc/Facebook.com/LionStudios.ccInstagram.com/LionStudiosccTwitter.com/LionStudiosCCYoutube.com/c/LionStudiosCC","games, out, level, arrow, brain",https://play-lh.googleusercontent.com/0S752jvc2znJDxoNShkDXGnPgZUPiGnJlFpvu7iPffO6R6wvV6tCyCUtlpbBqegKH1c=w526-h296-rw,https://play-lh.googleusercontent.com/45oT2uLzmAESWyNQtmykHmrjMkTBaWdMk2x1GPXQJivSm1QbGSJoWsngE8U2EAoe0g=w526-h296-rw,https://play-lh.googleusercontent.com/-dKKOuNQXFQT7NLlc2zAmeLSmqQ4j66JtfKq_mN5EEI-k76rO3jrV4J7p7xEHBnYFTI=w526-h296-rw,https://play-lh.googleusercontent.com/iBnSn6okI2Tjt6jupTwN_iBhXpzgziks0z9xcYfaGgYKO1eDjS9E3Snm-svqEkqTOR20=w526-h296-rw
Games,Last Asylum: Plague,https://play-lh.googleusercontent.com/HOFXbIOJIZGru5_UM5hdGDmP7HIgxGJEx4dQAbPClmAtrNw3tVL9fY5NNHfa7VgIMFU-Sr3-s5FQGfaYJYhP=w240-h480-rw,1M+,"Feb 28, 2026",4.6,39.6K reviews,https://play.google.com/store/apps/details?id=com.phs.global,37GAMES GLOBAL,"One sanctuary. One doctor. One last chance.A mysterious plague has swept across the world, leaving chaos in its wake. As a plague doctor, you become the town's final beacon of hope. Build and manage a sanctuary, heal those you can, and guide your people through the darkest days of the pandemic. Your strategy will shape their future.[The Sanctuary of Hope]Run your sanctuary as the last refuge against the plague.Treat patients, craft herbal remedies, and expand your wards to shelter the growing tide of the sick and desperate.[Counter the Rat Swarm]Hold the last line against the Rat Swarm.Recruit and upgrade your heroes. Build as many defensive towers as you can. Slay the Rat King to repel the swarm.[Gather Resources, Rebuild the Town]Dispatch survivors to gather resources and secure outposts in the wild.Collect timber, herbs, food, and other essential supplies. Construct production facilities, expand warehouses, and upgrade residential buildings to house more survivors.[Seize Abandoned Ruins]Form elite squads of heroes to reclaim plague-ridden towns.Create the best lineup of different types of heroes. Outsmart contenders on the battlefield. Gain control of crucial cities. Expand your territory in this world.","your, sanctuary, one, last, expand",https://play-lh.googleusercontent.com/MsDsRt-8aVXMf6u48T91zk4qqFP2-THlsCeAtlDItE69BX7OF_wlQMRAgyZjWbZ5HOpDw7xtypb49e4N-8OnJ98=w526-h296-rw,https://play-lh.googleusercontent.com/bh3ffZZ30kIk1sAGs7t0biK6bncAy-bizpXcRBav26E-9ZsfYyv_Kc_KlwyBq11jj3e3K-DQagWtGFxZ-9LLnA=w526-h296-rw,https://play-lh.googleusercontent.com/3xquqPetJMM0eIJ2Vd9Urjw3nrYcY3Wg2ksvpgQ6B0uEtuB97SyT008h_5N_q6D5Pd735Ku2fYk9ELwPe_9eoL8=w526-h296-rw,https://play-lh.googleusercontent.com/OLxLkh9HSXP7O4eKojVCcFKbDIMIXuPNpie53j26pFMdgZBF1_-_sCBnxSea0VuB8h2aNq_PC2Ocm4GrAATKsA=w526-h296-rw
Games,Mahjong Blast,https://play-lh.googleusercontent.com/mBXtGM51CRU3wE7YtOLLAPsldeEAxBEWTeHvSdTKL2F-vQKO9FI6lhHeZUlI4dF8rw=w240-h480-rw,10M+,"Jun 23, 2025",4.9,1.01M reviews,https://play.google.com/store/apps/details?id=com.nebula.mahjongtile,Nebula  Studio,"☕️ Enjoy a classic mahjong solitaire game designed to be fully playable offline, built around traditional mahjong tiles and clear, readable board layouts. As one of the free puzzle games for adults who value calm and structured play, this offline mahjong game follows familiar Chinese mahjong rules combined with simple tile matching mechanics, making it ideal for daily relaxation anytime without internet or WiFi.🀄 Classic Mahjong Tiles and Solitaire GameplayAt its core, this is a traditional mahjong solitaire experience. Match two free mahjong tiles, remove pairs, and gradually clear the board. Inspired by classic mahjong tile layouts, every board is designed for clarity, focus, and easy reading—perfect for players who enjoy classic mahjong games and thoughtful board play.🎮 Tile Matching Mechanics Built on Mahjong RulesMahjong tiles are removed through intuitive tile matching mechanics. By pairing matching tiles, players open new paths across the board and progress steadily without timers or forced speed. This tile matching approach supports relaxed play while staying true to classic mahjong gameplay.💎Free Mahjong Puzzle Games for AdultsMahjong Blast is one of the free puzzle games for adults who prefer calm, structured mahjong tile matching. Smooth clearing effects and crisp match animations create the visual reward found in satisfying games, giving each move a subtle satisgame feel as adult players match tiles and clear boards.🧩 Mahjong Boards with Zen-Style PacingExplore hundreds of handcrafted zen mahjong boards designed for focused play. Each board follows classic mahjong structure while offering a smooth pace that rewards observation and patience. Helpful tools like hints, shuffle, and undo make this mahjong tile game accessible for casual players and seniors.📴 Offline Mahjong Tile Game ExperiencePlay this mahjong tile game fully offline—no internet needed. Whether at home or on the go, enjoy a complete mahjong solitaire experience anytime, anywhere. Offline play supports classic mahjong tile matching and smooth board progression, making it a reliable choice among offline mahjong games.🎮 Matching Games to Enjoy With FriendsEnjoy matching games that reward calm thinking and gentle fulfillment through classic mahjong play. Match tiles, clear pairs step by step, and relax at your own pace—perfect for solo moments or sharing the fun with friends, making it feel like mahjong 4 friends anytime.If you’re looking for a relaxing Chinese mahjong solitaire experience that blends classic mahjong tiles with the calm enjoyment of matching games, this fully offline mahjong game is made for you. As one of the free puzzle games for adults designed for steady, thoughtful play, it lets you enjoy classic mahjong at a stress-free pace without internet, without WiFi, and without data connection—perfect for solo moments or sharing the joy of mahjong with friends anywhere, even when you’re offline.❓ FAQ ❓1. Is this mahjong game free to play?You can enjoy matching mahjong tiles and progress through levels without payment in free games for adults, making it easy to relax and play at your own pace.2. Does this game work offline?Yes. You can play mahjong offline anytime and anywhere. Mahjong Blast is one of those games that don’t need Wi-Fi, so you can enjoy matching tiles without an internet connection.3. Are there ads during gameplay?The experience is designed to stay smooth and uninterrupted, so you can focus on matching tiles and enjoying the game.","mahjong, matching, games, tiles, classic",https://play-lh.googleusercontent.com/GEiT4Ykh0J5dLsYMcdkZ7rl5DDQ-1pinK36fMV_C5Xu8KlQMMM4UJocPYEq1Pft3_Q=w526-h296-rw,https://play-lh.googleusercontent.com/Gl82PkOTPcI1Om1lhxcc41dWMwzM_NNf_pvpDEgTUCJBmTTqk4fV28epj-ynP7Tm8NWr=w526-h296-rw,https://play-lh.googleusercontent.com/BAy6fh5sbBRlnlM879_Ek0qic4NXOfnmOyiAm-dRT3gJrnsxN7Uv6K2-IS5ryUAceQ=w526-h296-rw,https://play-lh.googleusercontent.com/5wvY8EZbevs_WnCCghabp9ibopauoJ14SlGAGIxPdmqyaEzDBFNNHju1khJTE6sJJQ=w526-h296-rw
Games,Jigsawcard Solitaire Puzzle,https://play-lh.googleusercontent.com/PZTHuvocowzHTJJ-DSWITmX2gB00UVdXdQM6UKmtzTFTZHq4QLHvhht19UMfaRYa9gfzp1gHB_JFXMY7HtEz6Q=w240-h480-rw,1M+,"Nov 14, 2025",4.7,152K reviews,https://play.google.com/store/apps/details?id=com.oakever.jigsawcard,Oakever Games,"Jigsawcard – The HD Jigsaw Puzzle & Solitaire Card GameExperience an exciting new way to enjoy jigsaw puzzles! In Jigsawcard, you’ll flip, slide, match, and snap puzzle cards to reveal breathtaking HD images. The game seamlessly blends classic jigsaw satisfaction with smooth solitaire card-sliding mechanics and mysterious face-down cards that await your revealing flip, creating a relaxing yet addictive, surprising, and truly memory‑challenging adventure.How to Play- Slide cards into place with easy, intuitive swipes- Strategically flip face-down cards to uncover their image and reveal vital clues.- Match & snap pieces to finish puzzles faster- Plan moves carefully to keep sets intact and clear the board efficientlyKey Features- Stunning HD jigsaw pictures: nature, art, animals & more- Satisfying snap & chain reactions when multiple cards connect- Mysterious face-down cards —  expect unpredictable reveals and a genuine memory challenge- No timers, no pressure — perfect for all ages and skill levels- From quick casual puzzles to complex challenges for dedicated players- Unlock different sceneries to keep your puzzle journey freshPerfect For- Fans of jigsaw puzzles, sliding puzzles, card matching, or unique blend of jigsaw and solitaire gameplay- Players seeking a relaxing yet rewarding puzzle experience- Those who love beautiful, high‑quality visuals while training their brainJigsawcard is more than a jigsaw puzzle game — it’s your daily escape, your moment of calm, and a celebration of creativity. Flip, slide, match, and watch stunning HD puzzle cards come to life one satisfying snap at a time.Download now and join jigsaw puzzle lovers worldwide in the beautiful and rewarding fusion of jigsaw and solitaire card puzzle experience!","jigsaw, puzzle, cards, puzzles, solitaire",https://play-lh.googleusercontent.com/d1YU-j77mE62poyxhwHQbV64aAJPjNitjMipmjjOcr9CKY7XjiUuImx6KIdNjYN2mC6zVEbigwhnkxvXuJLtvl8=w526-h296-rw,https://play-lh.googleusercontent.com/rO3bC2YU7GBvZPnsDsbPkJTZhCu6cwsLqRWW5t8VcY6HRVdJvGEcKyyALrkbHk9tLqz6EfZN6rqZDh_njC29bg=w526-h296-rw,https://play-lh.googleusercontent.com/_rEh_baah3gcm7G4ZrtwKdd9yxmdG4E6KqH6AHR4wOJM-oKiMPu-YzKg-Yjs4mzDcaPqC6tBCH2WeAz8IQ0ZGOU=w526-h296-rw,https://play-lh.googleusercontent.com/awzirWKlSICZRHnMw7grGKtZ1R_fEKb-NtI6iLE3_0NvvGTjq20kg2mORG6W_JSVyqsYEoAZ8HRbcPDIZ-qs=w526-h296-rw
Games,Subway Surfers City,https://play-lh.googleusercontent.com/03aa9B2_VkQHtkTY9XVdmbDWYar7F7OMWfGBXHzTuwkiVHFT_H6NJHRrPcanuXYY63h4=w240-h480-rw,10M+,"Feb 25, 2026",4.8,206K reviews,https://play.google.com/store/apps/details?id=com.sybogames.subway.surfers.game,SYBO Games,"Billions of players can’t be wrong - run and jump back into the beloved world of Subway Surfers and rediscover your favorite endless running adventure with exciting new twists. Progress through fresh hurdles, reach new heights, and collect new characters! Jake, Tricky, Fresh, and Yutani are ready - are you? Play Subway Surfers City now!Key features:- CHOOSE YOUR ADVENTURE: Switch seamlessly between thrilling endless runs chasing a new high score, or playing the all new City Tour!- UNCOVER SECRETS: Stomp and jump for a new way to play this runner game. Reach new depths and heights as you discover hard-to-reach Secret Stars!- COLLECT AND UPGRADE SURFERS & BOARDS: Each Surfer and Board has unique abilities, so upgrade and combine runners and boards to play your way! Collect them all, find Surfer and Board tokens to upgrade them all and build the strongest Crew!- WIN WITH NEW POWER-UPS & PERKS: Pick up new power-ups for the most powerful runs. Bubblegum shields you, batteries superpower your hoverboard, and drones get you to the highest points of Subway City! - UNLOCK LIVELY DISTRICTS: Explore all the secret corners of Subway City while running away from Guard and Dog. Earn XP to unlock new Districts!- COMPLETE MISSIONS AND WIN REWARDS: The crew needs you to run your best! Play smart and finish missions to unlock new items and win big.- CONQUER TRIALS: Are you ready to have your running skills challenged? Trials are adrenaline-pumping, limited runs that require your best performance to get the best rewards.- PLAY OFFLINE: Subway Surfers City is available offline! Play without wifi or internet connection. Access to some features will be limited. Download Subway Surfers City now and play for free! Some in-game items can also be purchased for real money.","new, your, play, subway, city",https://play-lh.googleusercontent.com/9tqiohVWJSn6fNQsm2zHoBiISZ8Dr73LOIUlEHYBddPo_1I2r1d5VVGgseZ2IAS-mKo=w526-h296-rw,https://play-lh.googleusercontent.com/zrRFA-kqgqBg52SFN0OKHFjNd5WZaWMbqoGHfVt-5dDXsgCrOM4Hqs6Qu5PFO7RrRB0=w526-h296-rw,https://play-lh.googleusercontent.com/4xHSROEYu9qzlrD4NDIIV33ptsmZ3_E-MMpDpi2R1HNKx52JQHmeYq5t8iF4N7LVs3A=w526-h296-rw,https://play-lh.googleusercontent.com/QPiBmiKuwuihVRLx8qkdnA_iJ9tuLL0_r4pv2Wolaz1cSHQEYZrd_Dlkd6PEgO6UgQ8=w526-h296-rw
Games,Pixel Flow!,https://play-lh.googleusercontent.com/FvAiHRhj8Wo1vO_4ez1V8ChSJKAw46dos-FEIkbmNs_wtbDKg0Y9eyVJe1hJn2R-mwyr4_LmWkIGJCHHY74K=w240-h480-rw,5M+,"Aug 18, 2025",4.1,82.6K reviews,https://play.google.com/store/apps/details?id=com.loomgames.pixelflow,Loom Games A.Ş.,"Conveyor’s ready, pigs are on standby. Tap to send a pig onto the conveyor so it rains balls onto pixel cubes of its own color. The number above its head is its ammo: that’s how many hits it makes. Run out and it leaves the stage; if not, it slips into one of the 5 waiting slots and, when you tap again, it jumps back on the conveyor to fire another round.The conveyor has a capacity—push past the limit and you’ll need to wait. Send them in the right order, manage the flow, and hit the cubes to clear the board piece by piece. Simple mechanic, sticky loop: tap → flow → repeat.HighlightsOne-tap control: Quick sessions, easy one-handed play.Color matching: Pigs only hit their own color—no target-picking hassle.Conveyor capacity: Timing and queue management add a bite-size strategy layer.5 waiting slots: Stack, sort, and launch at the perfect moment.Short but “one more round” feel: Perfect for micro-breaks.Satisfying pixel cleanup: Every hit leaves the board feeling crisp.For anyone who loves fast action-puzzles, timing, and flow management. The pigs are ready. The cubes… not so much.","pigs, tap, conveyor, cubes, its",https://play-lh.googleusercontent.com/yquH-qGBRZ_qk0y87LLaJ6qwbTSe34J8xJIcAsJWFWTyvMw4QeYiyznMPYoaZ1S7Kgw7rGIUI0aeXNTqAk2sTw=w526-h296-rw,https://play-lh.googleusercontent.com/fGpOze7HiiddfLeJkZ9flrWYXrbGAqPgFyfmNgWrUNNpoguliFuzeh_-oqL87P4r2YVCAe2gf8KcJgiNsICCEQ=w526-h296-rw,https://play-lh.googleusercontent.com/0L1foGIXQvjrzRvwZAM-34LG12pgCbILkEzCB-u2V32WyjthazHJDEI29D_2YkVT5QYGIPs0kKQoN1Zhn8ivIw=w526-h296-rw,https://play-lh.googleusercontent.com/LI69sHvGk5ZZIkm0bwNgMsk3lLR2b3aF1QM6PDSRlK6BfMsU0JI7R5rM9cueYhETgyur6QzCeXW1pWQlBPsBGg=w526-h296-rw
Games,Arrows – Puzzle Escape,https://play-lh.googleusercontent.com/f3szQ-tBQ5FVtiO2hwnJ6Gg4LbckQ9qKD099oiFqlvDo78uaD85Zn9G4o-W9390XnQ=w240-h480-rw,10M+,"Jul 9, 2025",4.7,138K reviews,https://play.google.com/store/apps/details?id=com.ecffri.arrows,Lessmore UG,"Welcome to Arrows – Puzzle Escape, a minimalist puzzle game that challenges your logic, planning, and spatial thinking. Your goal is simple: extract each arrow without causing a collision. 🧠 Features:- Challenging logic puzzles that test your planning skills- Thousands of handcrafted levels with increasing complexity- Clean, minimalist design that lets you focus on the puzzle- Relaxing, no-pressure gameplay – no timers, just your brain- Hint system to help when you're stuckWhether you have a few minutes or want a longer challenge, Arrows – Puzzle Escape is the perfect blend of strategy and calm.Can you clear the grid without losing a single heart?","puzzle, your, arrows, escape, minimalist",https://play-lh.googleusercontent.com/vu6-tG0Rsymve3zP8U_nQw2b-9lj2FIYiRDXKUA4x7vF8yg9K3Lk3IEy52EmB3QljCex=w526-h296-rw,https://play-lh.googleusercontent.com/3wpOSsCGEVnstccf2QvUDJh_SUuzK2cgAWx5GjJON9CWGsIfex9HYT_TLWo9WSkxaek=w526-h296-rw,https://play-lh.googleusercontent.com/GIw_whNXUcPzSQE4RJ8D7lWbKg59R_DSCftmUwjdxGdOmsjqu8KkMKbJr6yKTr7opPw=w526-h296-rw,https://play-lh.googleusercontent.com/l5ar3YbiiMhXp-WX7MGE3FECoDJzhYEW5KUbftVIRvp4FgTtVP2k7Bh4vAGW53iwOr8=w526-h296-rw
Games,Disney Solitaire,https://play-lh.googleusercontent.com/BpyKPyeCiAoCtYP23WtOoHW1G_4IAGUyk4G6V_5YNmXomuBwNC5ZnSq5OfxejW-Ufuukma8-UYZirB2wz3m8UnM=w240-h480-rw,10M+,"Apr 16, 2025",4.8,533K reviews,https://play.google.com/store/apps/details?id=com.superplaystudios.disneysolitairedreams,SuperPlay.,"Welcome to Disney Solitaire, the ultimate solitaire card game that transforms classic tripeaks solitaire into an exciting experience filled with Disney magic! Play through beautifully designed levels inspired by iconic Disney and Pixar scenes while solving fun and challenging puzzles.Step into the enchanting realm of Disney Solitaire, where every postcard recreates an iconic scene from the worlds of Disney and Pixar! From the moment you start playing, you’ll find yourself immersed in colorful scenes featuring some of your favorite characters like Buzz Lightyear, Aladdin, Elsa, and Moana.This isn’t just another solitaire game; it’s a vibrant experience packed with excitement, strategy, and whimsical charm.Disney Solitaire redefines the solitaire card games experience with innovative gameplay features. Collect unique power-ups and special cards that can change your strategy.Play Disney Solitaire now and step into a world where every game leads to magic, and every victory brings you closer to unlocking an enchanting scene. With stunning visuals, engaging gameplay, and heartwarming moments, Disney Solitaire is your ticket to a magical escape.Don’t miss out – your adventure awaits!🌟 Why Disney Solitaire is Perfect for You 🌟If you’re a fan of solitaire card games with a twist, or love exploring the worlds of Disney and Pixar, this game is designed just for you. Solve fun tripeaks solitaire challenges while unlocking Disney-inspired scenes that bring some of your favorite stories to life.Each level combines the strategy of solitaire games with magical Disney elements to keep you entertained and engaged. Whether you're looking for a relaxing pastime or a chance to test your skills, Disney Solitaire delivers endless fun and excitement. 🎉 Key Features of Disney Solitaire 🎉✔ Innovative Solitaire Gameplay: Play Tripeaks solitaire with exciting power-ups and challenges!✔ Beloved Disney Characters: Recreate scenes with fan-favorites like Elsa, Moana, and Simba!✔ Collect and Decorate: Unlock beautiful Disney and Pixar- inspired puzzles and postcards.✔ Daily Challenges and Events: Don’t miss special events with exclusive rewards to enhance your experience.✔ Easy to Play, Hard to Master: Perfect for beginners and experienced players of solitaire games alike. ✨ Join the Magic of Disney Solitaire ✨Embark on a journey filled with whimsy and wonder. Whether you’re revisiting nostalgic Disney classics or discovering something new, Disney Solitaire offers an exciting twist on the solitaire card game you know and love.Download now to explore iconic Disney and Pixar locations, solve charming Disney puzzles, and enjoy a fresh take on tripeaks solitaire. Let the magic begin! 💖 Designed for Disney Fans of All Ages 💖With its enchanting visuals and simple yet captivating gameplay, Disney Solitaire is perfect for fans of solitaire games, Disney lovers, and puzzle enthusiasts. Take a break from your day and unwind in a world of endless magic! Start Your Magical Journey Today!What are you waiting for? Download Disney Solitaire now and experience the charm of Disney and Pixar like never before. Take on delightful solitaire card games, recreate nostalgic Disney scenes and immerse yourself in the wonder of Disney puzzles.Disney Solitaire is intended for those 18 and older. Disney Solitaire does not require payment to download and play, but it also allows you to purchase virtual items with real money inside the game, including random items. You can disable in-app purchases in your device's settings. Disney Solitaire may also contain advertising.You may require an internet connection to play Disney Solitaire and access its social features. You can also find more information about the functionality,compatibility and interoperability of Disney Solitaire in the above description and additional app store information.This game may contain flashing effects that could trigger seizures in sensitive individuals.","solitaire, disney, your, game, pixar",https://play-lh.googleusercontent.com/Kg0Lmf-MBP7rAg1FvlkLtCamxgHMSZ4KSmzyngzf_St1kBJusVv9RTVgqK-KmJ-vzwY3=w526-h296-rw,https://play-lh.googleusercontent.com/Sm6_aJmSEPU2sYGYOHdWBSHm_Iarz81RRKw4pyfC2XrZT11iNeV8BzSV6_8g4UtvsmU=w526-h296-rw,https://play-lh.googleusercontent.com/CBEuwCDg9kD7oV4UDj-P4_flkv3f0BuGTQ92Q2Dwv-4sKMsHFHQVZGROD569-cC1mw=w526-h296-rw,https://play-lh.googleusercontent.com/STUhXwY-spDi_u506b1SaI5R1U2XGGSF5FchqplZO1xYlnkynVKBzr9SF5bD10UKLo4=w526-h296-rw
Games,Coin Master - Board Adventure,https://play-lh.googleusercontent.com/pFMYxxHpIsLKeaxO9wjVRpAsgMaLKbT1kPwofNQtGi69-6fF_eUyIViAMY66auDrvsJnw2h6S5rpF8XaZcrm=w240-h480-rw,1M+,"Feb 5, 2026",4.8,10.1K reviews,https://play.google.com/store/apps/details?id=com.moonactive.cmboard,Moon Active,"Roll, raid, and rule the board!Welcome to Coin Master: Board Adventure, where every dice roll takes you closer to riches, revenge, and all-out fun! Collect coins, attack villages, build your empire, and explore wild new boards full of surprises. It’s not just a board game - it’s a bold adventure!ROLL THE DICE, MAKE YOUR MOVEEvery roll brings a new opportunity. Land on coin tiles to stack your fortune, shields to protect your village, or raid tiles to steal from your Coin Master friends! Just like a real board game, your strategy—and a little luck—will decide your fate.BUILD YOUR WAY TO THE TOPUse your loot to upgrade buildings, complete themed villages, and grow your collection. From fantasy kingdoms to tropical getaways, every board you explore unlocks new worlds to conquer.ROLL AND ATTACKLanding on the attack tile? Time to strike! Attack villages across the map, break through defenses, and send your rivals back to square one. It's payback with a bonus.COLLECT COINS, RAID FRIENDSRaid your friends’ boards and dig up massive treasures. Want more? Steal coins, disrupt their progress, and climb the ranks. Being nice won’t win you this game!COLLECT CARDS, COMPLETE SETSLove collecting? Get hooked on rare card games! Gather themed cards as you play, complete sets, and earn powerful rewards. Trade with friends to finish your collection faster.PLAY CASUAL, COMPETE HARDWhether you're in for a quick spin or an all-day binge, Coin Master: Board Adventure delivers fun at your own pace. Play solo or team up with friends to swap cards, trade boosts, and dominate events together!Why Players Love Coin Master: Board Adventure:- Exciting roll and attack gameplay- Strategic board movement- Build epic villages and unlock new boards- Collect coins and spend them wisely- Battle friends- Fun and competitive casual game style- Addictive card collecting and trading- Constant events, bonuses, and surprisesIt’s your turn.Are you ready to roll your way to glory, fortune, and board domination?Download Coin Master: Board Adventure now and become the master of the board!Terms of Service: https://static.moonactive.net/legal/terms.html?lang=enPrivacy Notice: https://static.moonactive.net/legal/privacy.html?lang=en","your, board, coin, master, roll",https://play-lh.googleusercontent.com/arNx1X6k39eROipccExxmq3QayFZlW0Ofks1uw9CxuE_0EzoDaEY4oNH4rRj5NQ2d-QogdquSLv3DOV_3Xpn=w526-h296-rw,https://play-lh.googleusercontent.com/cAGQ1wx-u97g1mhzuEuCN27OfZ60KbScpIeXvwsQKrK7yXygbNiDUYX5OT4pfmPuVlCuIBPc0PdBIkn8Eina=w526-h296-rw,https://play-lh.googleusercontent.com/IYnjGMoDSLwHibjzJPHWdUZdu8tWyQIzI-KAcRKYjkAOc-n9sR2N2cMwadGCabuQy5yE86uQPN_3Ry4e8BkM=w526-h296-rw,https://play-lh.googleusercontent.com/GqXLpLPhLQTmjE-xSt67xv3Gqo7YtLzlT7xQkKVbEppoVXyVz6TpHtrg66ftBlOu6x4DyHW5f-HPmkFTNsjDnsk=w526-h296-rw
Games,Solitaire Associations Journey,https://play-lh.googleusercontent.com/j-9VRhsIgqovIynxkWftb_9lqBOXjaE291cv5xdYtaEpPdFwTgpRSl4P8XRQtEBET6vH2F33OzhnXmzDt5BuNA=w240-h480-rw,10M+,"Aug 28, 2025",4.6,336K reviews,https://play.google.com/store/apps/details?id=com.hitappsgames.wordsolitaire,Hitapps Games,"Solitaire Associations Journey is a fresh twist on classic solitaire games, combining relaxing card solitaire mechanics with clever word association puzzles. If you enjoy solitaire card games, word games, or brain puzzles, this unique word solitaire puzzle will challenge your logic while keeping the calm and satisfying gameplay of classic solitaire.Sort word cards, discover hidden word associations, and group them into the correct categories. Each level blends solitaire strategy with word puzzle challenges, creating a relaxing yet engaging brain training game.Unlike traditional solitaire card games, this word association game adds logic, categories, and smart thinking to every level. Connect words, solve puzzles, and enjoy a new type of solitaire puzzle game designed for fans of word games and logic challenges.WHY PLAY SOLITAIRE ASSOCIATIONS JOURNEY?🃏 Unique word solitaire gameplayCombine classic solitaire card mechanics with clever word puzzles.🧠 Train your brain with word associationsSolve smart word puzzle challenges and improve your logic skills.📚 Discover new categories and puzzlesGroup related words and find hidden associations.🌿 Relaxing solitaire experienceEnjoy a calm solitaire puzzle game designed for relaxing gameplay.🎮 Free word puzzle & solitaire gamePlay anytime and enjoy a fresh take on classic solitaire.Whether you love word games, solitaire card games, or relaxing brain puzzles, Solitaire Associations Journey offers a completely new experience that blends word associations, logic puzzles, and solitaire strategy.Download now and discover a smarter way to play solitaire and word puzzles.Terms of Use: https://hitappsgames.com/terms/Privacy Policy: https://hitappsgames.com/privacy-policy/","solitaire, word, games, associations, puzzles",https://play-lh.googleusercontent.com/dxOEFJA1HAgQqgOsSwic4HhkSBbA0MiIDmYS99QEcCYXnYpj2ouxT1nwnoYY3-xGl_6ItWVdihkzHyg7wJmxAg=w526-h296-rw,https://play-lh.googleusercontent.com/qWJqVtMmz98Xp9GljKHJcABUXRgNmsSqjucKhZrM9mVzbuKP7MOhbdCJNFqaKt-fuoq0yYuESPhGSJO3cPistRY=w526-h296-rw,https://play-lh.googleusercontent.com/_BW_JClehVWeH8S8KQlyV8UiIQMaxoHiLkDL8hC4juQ1VU1y3y5-rEC6MgePrp2G0g8VloaX6AXJ-gFKkeLopQ=w526-h296-rw,https://play-lh.googleusercontent.com/G8MFg89j2pyyhzie_RoenH8EfYWMsC_tM94NqVb80WVWkitFsbCz_BQjjFr0F523PSCUFu2H7x4AJC1RWSjxVw=w526-h296-rw
Games,Brain Puzzle 3: Crazy Mind,https://play-lh.googleusercontent.com/YoP4Pd_zbzGWIAAU9WwRsndXXDKbeXH5vUAVRKAwHh9WwgUEx1F1u3O38F9kjXQEISgT5lpor3ZEJQ1dXM2q798=w240-h480-rw,1M+,"Dec 3, 2025",4.8,6.77K reviews,https://play.google.com/store/apps/details?id=com.brain.crazy.joygame,JoyGame Studio,"Warning: This game may cause intermittent frustration, sudden bursts of laughter, and a strong desire to show off to your friends!Say goodbye to boredom! The Brain Puzzle series is back with a brand-new sequel, Crazy Mind—and this time, it's for real! 💥 We've prepared countless mind-bending levels designed specifically to cure ""boredom"" and ""slow reflexes."" Don't worry, this isn't an exam—it's a fun-filled mental adventure!💡 Think you're smart enough? That's because you haven't tried Crazy Mind!We’ve taken things bigger, wilder, and more exciting! Get ready—your brain is about to go on the ultimate roller coaster! 🎢✨ Game Features :✨❖ A Huge Collection of Bizarre Levels: From dizzying visual puzzles, to quick-reflex challenges, to mind-melting logic traps… If you can imagine it, we’ve probably included it! You’ll be shouting, “Wait, that’s a thing?”❖ Sleek & Simple Interface: Following the series' clean and minimalist style, so you can focus entirely on solving puzzles and enjoy pure thinking fun.❖ Deep Cognitive Exploration: From pattern recognition to divergent thinking, we guide you step-by-step to explore the breadth and depth of your own mind.❖ Play Anytime, Anywhere: Waiting for the bus, standing in line, or taking a break… Whip out your phone anytime, anywhere, and give your brain a quick ""workout"" in just a few minutes!Still mindlessly scrolling through short videos? Come get something more nutritious!Download now and see how far you can go! Your brain deserves this crazy party!","your, brain, crazy, game, boredom",https://play-lh.googleusercontent.com/nfvNB5lfwlf3b8Ph1Kijt_VrHyc_PjXewQcPb0dweUWzYvJ6h5YexRUqvcS7CuWnNaUIFeGC0MrwJM9d9wfiRw=w526-h296-rw,https://play-lh.googleusercontent.com/nzeha0UTMZ0ll8JGcdyvWPw0SOUyJp3556hepZmZGgO_VitO74odRgVb1VsAwD101N37IygNFRBziujgNRQ3G5U=w526-h296-rw,https://play-lh.googleusercontent.com/EktvBjJzH2dymwx0JXJ2hhw0sW28oiYyG47T95wLGD5K1CQ9dSzazfJnWyeBLCBK5UtbEHpGd06VoTd1y4TDci0=w526-h296-rw,https://play-lh.googleusercontent.com/zp3h7oqSqngr5PFipttKZDHR11rXA46rcB8698VoOVoY3njUhhFs_YK6NEBzZgqpLy851i2F_owJ5Hrtsk888Xo=w526-h296-rw
Games,Arrowscapes™ - Arrows Puzzle,https://play-lh.googleusercontent.com/sLclRCwg48GnYDGbqUFSDXXUDtx1VwFhKy0eNadH3EUn5DccgwDn1GFSwJXV0RrIQNQq=w240-h480-rw,1M+,"Oct 30, 2025",4.6,344K reviews,https://play.google.com/store/apps/details?id=com.red.arrows.android,"Beijing Youyoutang Technology Co.,ltd.","🌟Why Play 《Arrowscapes™ - Arrows Puzzle》?—Brain Training: Challenges logic, planning & spatial awareness – exercise your mind with arrow-pulling puzzles.—Stress-Free Fun: No timers, just thoughtful gameplay – calm strategy without pressure.—Focused Enjoyment: Minimalist design cuts distractions, letting you dive into puzzle-solving.—Flexible Playtime: Perfect for 5-minute breaks or long challenges – fits your schedule easily.—Achievement Drive: Finish all tasks without losing a heart – boost satisfaction per level.🌟Game Highlights: Strategy & tranquility that keeps you engaged.—Thousands of handcrafted levels – no repetitive auto-generated puzzles.—Progressive Difficulty: Starts gentle, ramps up to test planning – never too easy or overwhelming.—Minimalist Aesthetic: Clean design prioritizes puzzles – focus on solving, not navigating.—Calm Experience: No rush, no time limits – take as long as needed to plan arrow order.—Anytime Play: Quick or extended sessions – ideal for free moments. 🌟Arrow Escape Gameplay: Simple Actions, Smart Strategies—Core Goal: Pull all arrows collision-free – plan order to avoid blocks.—Easy Controls: Tap to select/pull arrows – intuitive, focus on strategy.—Strategic Thinking: Which arrow first? Which blocks others? Every choice shapes success!—Challenge Target: Complete levels heart-intact – test precision & forward planning.🌟Practical Feature: Help When You Need It—Hint System: Stuck? Use hints for subtle guidance – progress without spoiling fun.Download 《Arrowscapes™ - Arrows Puzzle》 now – your go-to for calm, strategic puzzle fun!Use logic to map arrow paths, conquer thousands of handcrafted levels, and finish all tasks heart-intact!https://apps.apple.com/app/id6755216191 Coming soon","arrows, arrow, your, without, levels",https://play-lh.googleusercontent.com/Kfqb_cYnmJJSPHfDjYYJgVq7zj0LKFpzmjjKiG7ED9U2cig0l8Ri4_9ecS3uCuxdyouVAqQkg8DfxokKXRf64Ls=w526-h296-rw,https://play-lh.googleusercontent.com/ic4sTSesTxF3dUhP9Ew6xXk9V6OZegt3p8M7QWFeOqJJzON-CtV5G4BYvVSTsQIfEuTdlJKBYeSjpcy92MeD5EI=w526-h296-rw,https://play-lh.googleusercontent.com/g-FMJvObcpo2LCqhGt-JvlW1qbtlARWkS2RhzQ17WX-alhcwSU_VfFPRqZ_TmtEGeO-S6b4qG1jnc5ooNh4oJFg=w526-h296-rw,https://play-lh.googleusercontent.com/yIZucYVLVMgJ_lptBqtexYm3JtS1MJcO4xKK-22WK4sj9i3dAT82breXDFIzgYUuHn-hfE0u2yTMNjShw3dca1M=w526-h296-rw
Games,Pop Piano: Music Games,https://play-lh.googleusercontent.com/LAICTcUZfHkCbwc2WSG1mkYBmm9zuxjSrSMCB9Hh9ZKAE4VlSdDYPsidh9RGClSZcJ4=w240-h480-rw,10M+,"Sep 19, 2025",4.6,18K reviews,https://play.google.com/store/apps/details?id=com.magic.cyber.piano.tiles.edm.musicgames,Cobby Labs,"Are you ready to become a piano master? Get ready for Pop Piano, the most exciting and addictive pop music games ever! If you love piano games, music games, and rhythm games, then you've found your new obsession. This isn't just another piano game; it's a vibrant, fun, and challenging journey through the world of pop music.Pop Piano brings you the best of pop music games with an incredible selection of hot songs! Tap along to your favorite singing songs and discover new hits. Our constantly updated library means you'll always have fresh music games to play. Whether you're into the latest chart-toppers, classic pop anthems, or even some kpop and edm beats, Pop Piano has the songs you love.🎵Experience the Magic of Music Games!The core of Pop Piano is simple yet captivating: tap the tiles as they fall down the screen. Hit the pop tiles in time with the rhythm to play the melody. It’s a classic rhythm game mechanic, but perfected for maximum fun. Each tap feels like you're truly playing the piano, transforming you into a virtual piano master. The vibrant visual effects and smooth gameplay make every session of this music game a joy.🌈Magic Games Design & Intuitive Gameplay!Beyond the thrilling rhythm game action, Pop Piano boasts a charming and cute games aesthetic. The colorful graphics and user-friendly interface make it appealing to players of all ages. The mechanics are easy to grasp for beginners, but mastering the more complex songs will challenge even seasoned rhythm game pros. It's a truly fun game for everyone! The falling tiles are visually appealing, and the entire experience is designed to be delightful.🎹 Become a Piano Master – Challenge Yourself!Think you have what it takes to be a piano master? Pop Piano offers various difficulty levels for each song. Start with easier tracks to get the hang of the tile tapping, then push your limits with faster, more intricate melodies. Compete with friends and players worldwide on the leaderboards to prove who's the ultimate piano master of pop music games! Improve your rhythm, speed, and accuracy with every music game you play. This is more than just a piano game; it's a journey to becoming a true rhythm game legend.⭐Key Features⭐- Pop Music Games Extravaganza: A vast library of hot songs from all your favorite pop music artists.- Piano Games Perfection: Classic piano game mechanics with a modern twist.- Magic Music & Rhythm Games: Experience the thrill of tapping to the beat and creating beautiful music.- Singing Songs & Pop Tiles: Play along to popular singing songs by hitting the falling pop tiles.- No Wifi Games & Offline Games: Enjoy uninterrupted gameplay anytime, anywhere – absolutely free games!- Free Games for Everyone: Download and play without any cost. It's truly a free game for endless fun.- Fun Games for All Ages: Easy to learn, challenging to master, and always enjoyable.- Magic Games Aesthetics: Visually appealing design with vibrant colors and charming animations.- Tile Tapping Action: Engaging tile and tiles gameplay that tests your reflexes and rhythm.- Piano Master Challenge: Climb the leaderboards and prove your skills as a true piano master.- Diverse Music Selection: Includes edm, kpop, and a wide range of pop music genres.- Regular Updates: New songs and features added frequently to keep the music games fresh.- High-Quality Audio: Crystal clear sound for an immersive music game experience.Join the millions of players already enjoying Pop Piano! Download now and start your journey to become a piano master in the world of hot songs and magic music. This is the ultimate rhythm game for fans of pop music games and piano games. Get ready to tap, play, and dominate the tiles!","piano, games, pop, music, game",https://play-lh.googleusercontent.com/Iiq_fK-ZBDavRA64dQewRh0E5qno9W2miJn8ssy5hbHexFvrbCRnsewsV2FC8hosaoPB=w526-h296-rw,https://play-lh.googleusercontent.com/BCnIHvIHn53B7MB7qfcKNnEPoKoPzr722mtqbG-AdKzXzKOHzjNKdFLRp6-EBXiY7JQ=w526-h296-rw,https://play-lh.googleusercontent.com/68XLw3DICjbzj3Xo11eyZaAduDJvm-YbMQ1JBJr3R3iMvmK12hid1xUlikhU-FWWSdGi=w526-h296-rw,https://play-lh.googleusercontent.com/1p2hSan1OTNcJsZCeDbt_0UFFs4l7Lt-qi6Z0rZJMY6CRpXg1DDZDM1DssWu1ZDDh4nA=w526-h296-rw
Games,Zen Color - Color By Number,https://play-lh.googleusercontent.com/j_tm9DNbpZj3i5MrWSauB2xITNpSPE7tbN5rVSEoNdMzQiqHwrTicb3CAGJqda2FxJTR1A4V2yCbBrKoZCiuhQ=w240-h480-rw,100K+,"Feb 24, 2026",4.6,1.96K reviews,https://play.google.com/store/apps/details?id=com.oakever.zencolor,Oakever Games,"🌿Find Your Zen with Zen Color: The coloring game inspired by Zen🎨Do you feel overwhelmed by life's fast pace?Looking for a way to relax, unwind, and add more happy moments to your day?🌟Zen Color blends traditional Zen aesthetics with modern digital color by number acts. Relax with tranquil Zen art and nature designs in color by number journey. Explore creativity with powerful color by number tools in relaxing art games. Whichever path, Zen Color surrounds you with the tranquility and healing that art games bring.🍃 Each coloring moment is a quiet act of mindfulness, weaving Zen Color into your everyday life. Zen Color is more than ordinary coloring apps—it's a sanctuary for your soul. Let gentle happy color soothe your heart as art speaks your inner world with every color by number touch. Here, healing blooms with every happy color brushstroke in this artistic coloring book.💖5 reasons to download Zen Color:🌿 Peace & Relaxation- Discover unique Zen coloring apps to clear your mind and gain positive energy.- The art games feature themes of tranquility, focus, Zen, happiness.- Experience flow while coloring and ease everyday stress with color by number activities.- Mandalas and geometric designs inspire your artistic coloring spirit in art games.- Enjoy daily moments with this coloring book, practicing slow living and happy color through coloring apps.🧘 Mindfulness & Harmony- Immerse yourself in the peace of nature with this color by number game.- Explore coloring book themes: landscapes, animals, cozy scenes, and pets.- Enjoy peaceful afternoon tea in color by number and coloring games.- Escape daily noise with relaxing coloring games.- Use digital coloring to find your inner Zen through color by number art games.🎨 Art Therapy & Creative Expression- Travel the happy color world from Zen gardens to Nordic forests.- Each artwork in this coloring book is crafted by top artists for quality color by number.- Special holiday images bring happy color moments.- Choose from a rich color library for your style of coloring games.- Wherever you are, there's always coloring artwork to match your mood in a happy color book.🎵 Immersive Coloring Experience- Listen to themed sounds while coloring for an immersive experience.- Dark mode protects your eyes and makes happy color sessions more comfortable in coloring apps.- Enjoy art therapy with happy coloring games offline, anytime.- Smart screen adaptation lets you color in portrait or landscape.- Experience smooth coloring with reliable stability, extra happy color pop effects.🏞️ Unique Features- Unlock achievement badges in coloring games and coloring apps.- Discover special color pop effects that make your artwork come alive in this coloring book.- Take on art games challenges, push your creative color by number limits.- Reveal hidden content as you color and find happy color in mystery sections of the coloring book.- Enjoy happy color surprises to unlock each time you complete color by number artwork.🌿 In the world of Zen Color, every brushstroke turns the ordinary into art. Find calm with exclusive Zen Coloring designs. Relax with themes inspired by nature in this coloring book. Enjoy creative expression in coloring games and features that keep you in the flow of coloring. Among coloring games, it gives you an exceptional color by number experience and a unique, healing journey. Start your soothing happy color adventure with Zen Color today and enjoy coloring moment!🎨🔒 YOUR PRIVACY MATTERS🛡️ Zen Color only accesses your pictures when using the Setting-Feedback-Upload feature to improve your experience.We NEVER sell or share personal data without consent—your privacy is our top priority!Contact us at support@oakevergames.comTerms: https://oakevergames.com/tos.htmlPrivacy: https://oakevergames.com/pp.htmlTry Zen Color today and bring happy color moments into your life!","color, coloring, your, zen, happy",https://play-lh.googleusercontent.com/620DuwiYSba_2kM69jEL3Gb8M3Ld1sHxkMEsOce8YkLOLjaXKE51CgVn5YlB6KAqGIPDNkxxOgN_jpOgUD4KI9E=w526-h296-rw,https://play-lh.googleusercontent.com/DTtg69i5o2OjlqOPv4AAXhQwh4d4bSzJv9bfVyOcIvUJft1KxtiNYrz2JpeFMqoOTdhWmAx0a6jwP2nXDAvC-g=w526-h296-rw,https://play-lh.googleusercontent.com/vqaROyWPs9BwiYX1hWX0ilEZnKJ-kbgGhoDksx4x0QoSvn8RA3t608GWjyUSa8hG5XbPmsitg9VlTWUQg7tekNQ=w526-h296-rw,https://play-lh.googleusercontent.com/Nzj11KR_-ykmEBpNzQGjL_tFFPwniJkyOxjHwpsSNsZE_gdMa18hN7n2MuktGbVxDScV5Iw18o_HxfPd0rGndA=w526-h296-rw
Business,Emergent AI: Vibe Code Apps,https://play-lh.googleusercontent.com/wOUMVxJmWjNXgrV_H01YpDLsd68xftKOFZq08RmB9AmKVHLw1BvDWZroKxJ48HjMwT-PGveXLggBTqYK_6WYrg=w240-h480-rw,100K+,"Nov 27, 2025",3.3,642 reviews,https://play.google.com/store/apps/details?id=com.emergentagent.app,Emergent Labs,"Emergent AI is the only reliable no-code app builder for turning your dreams into fully functional web apps and mobile apps. Build apps by chatting with AI - no coding required. Our AI app builder turns your ideas into production-ready applications. Whether you want to build apps for business, create apps for startups, or develop mobile apps for your side project - Emergent is the AI development platform that makes app development accessible to everyone.Now build your ideas on the go with Emergent's Mobile AppHOW IT WORKS────────────Emergent is more than a vibe coding platform. It's a coordinated system of AI agents that handle every stage of app development:• Planning Agent - Translates your vision into structured project requirements• Frontend Agent - Designs and builds user interfaces for web apps and mobile apps• Backend Agent - Creates APIs, databases, and application logic• Testing Agent - Identifies bugs and ensures your app works reliably• Deployment Agent - Publishes your application with managed hostingThis AI-powered app builder lets you build apps through natural conversation - just describe what you want, and our AI agents create it.One platform. Build through vibe coding. Full-stack results.WHAT YOU CAN BUILD──────────────────✓ Web applications with complete backend functionality✓ Cross-platform mobile apps using React Native and Expo✓ Landing pages and marketing websites✓ Internal tools and admin dashboards✓ SaaS products ready for real customersEmergent is the app builder that handles everything - from no-code app development to deployment.POWERFUL FEATURES─────────────────✓ No-code app development through natural language✓ Build apps without writing code - just describe your idea✓ Built-in hosting - deploy your web apps and mobile apps instantly✓ Real-time preview on your Android device✓ Cross-device sync - start building on mobile, continue on desktop✓ Clean, maintainable code following industry best practicesBUILT FOR EVERYONE──────────────────Whether you're an experienced developer or an entrepreneur, Emergent adapts to your expertise. Create applications through intuitive interfaces and natural language. For Non-Technical Founders: Vibe real world app without coding knowledge. Our AI app builder translates your vision into working software.For Entrepreneurs & Startups: Rapidly prototype and develop your ideas. This AI development platform helps you validate ideas faster than traditional app development.WHY CHOOSE EMERGENT───────────────────• The vibe coding platform designed for serious builders• Complete no-code app development from idea to deployment• Build apps that are production-ready, not just prototypesSTART BUILDING FOR FREE───────────────────Get 10 free credits to explore the platform. Create your first app and see what AI-powered app development can do before you subscribe.Your app idea deserves to ship. Emergent makes it happen. Start building today.By using Emergent AI app, you agree to Emergent's terms of service (https://app.emergent.sh/terms-of-service) and acknowledge Emergent's privacy policy (https://app.emergent.sh/privacy-policy)","app, your, apps, build, development",https://play-lh.googleusercontent.com/_U0u1CeO4Y1nT2fPsovg0zZz-YiJ0ufFMgozRKSCcpeT-f6kjDv8lIdwUabao0n2do_pj7aTNLReAY9TlYQT=w526-h296-rw,https://play-lh.googleusercontent.com/X28C1z22l0PlrDjQtxYU3zcbq_0eedxhl4pAUm4TEdgsv-4yL1buGYelVCqTGGBtpKq4b6Ni34W7a03nt1m6=w526-h296-rw,https://play-lh.googleusercontent.com/mv3pPmyb2Bcro3fMAKc6ItfDrs9Z5NNDIlqqIs-is04XPd8JJGumjeDvMKuUslmBvciw4OKwcwb-5q5jB6MK_4E=w526-h296-rw,https://play-lh.googleusercontent.com/2ZUqzvUrTRI23jLifRNH2Cfm9IlqStzCdjfBIFcWHAm3hcaT-mlzD-RK1ADjOpSdYJ8cyqQZco7EwkNYECOiMA=w526-h296-rw
Business,Keep PDF - PDF Reader,https://play-lh.googleusercontent.com/BhNd6n-HZqVblmkB8h0JtdP_7KZ4GlCO4EWuhDotkZlJtU5GO4miUhdTJGt0CX3YrpftpF4KiWt85CHLNI2SnYs=w240-h480-rw,1M+,"Oct 13, 2025",4.0,727 reviews,https://play.google.com/store/apps/details?id=com.keep.pdf.reader.pdf.viewer,Galiana Lian,"A clean and reliable way to read your documents. Designed for everyday use, Keep PDF helps you open and manage files without unnecessary clutter or complex features. Simple, fast, and built to just work.✨ Key Features:*A PDF Reader That Just WorksOpen and read PDF files effortlessly.*Instantly Open PDF FilesAccess your documents with fast file scanning and quick loading.*Find and View Documents EasilyUse built-in search to locate files instantly and keep your reading organized.*Manage Your PDFs in One PlaceShare, or delete PDFs directly within the app, keeping your storage tidy.*Permissions NoticeOn Android 11 and later, the app requests MANAGE_EXTERNAL_STORAGE permission solely to provide full access to your document files. It is only used for file-related actions such as viewing, sharing, and organizing.Keep PDF is your simple, dependable companion for reading and managing documents every day.","your, pdf, documents, files, read",https://play-lh.googleusercontent.com/V-k98PqfNuc5wFgFcmxDxPKLgeTtNT3DogqkiRd2o8R2f43HMEfGg9UqDLUJbjxbjmCT3xfRXh4kJomiKwmKkw=w526-h296-rw,https://play-lh.googleusercontent.com/HqLd9axls7oQSL3ZvwGuCP1QXzDf_tfAji5TZtlCgu9ZXchMcwXu0sq-aI9pfbUoYu5ti-P6R2hypVyt_i0ziw=w526-h296-rw,https://play-lh.googleusercontent.com/9aysXz42MiWr0IYPHgd7XVk8pEQ2pT5sgVc8neOEO7jk5z2aPca5ovtUcoIsrmeIWB-zxYBc1c0L4TtB6Si_FQ=w526-h296-rw,https://play-lh.googleusercontent.com/3u23wj5FlnPiISYsIsgcMN1ZX6SBupwalQGe94Ad9i4i8YMCWK4YkweeGxNujQr51wOqF9iwnUnXGv9sOSnr=w526-h296-rw
Business,Informed Delivery® Mobile,https://play-lh.googleusercontent.com/eCMa1awkej4iMS5esnv_SfI1GitBsPGNLRknmS5A70k80ullSqgy9ppx3Vg3NWdli4KN=w240-h480-rw,100K+,"Sep 11, 2025",4.3,253 reviews,https://play.google.com/store/apps/details?id=com.usps.id45833,United States Postal Service®,"The Informed Delivery® Mobile application allows you to start your mornings with a preview of your day’s USPS mail and packages. This free app lets you see photos of your mail before it arrives and receive USPS tracking updates. You can use the app to:​• Create your account or sign-in with an existing account. ​• Get daily digest notifications to preview your mail and packages scheduled to arrive soon. ​• See grayscale images of your mail before it arrives*.  Images are of the exterior, address side only of letter sized mail. ​• Interact with mailer-provided digital content associated with your mail (e.g. - special offers, related links). ​• Scan eligible tracking numbers or label barcodes to track the status of your inbound or outbound USPS packages.​• Get delivery status updates directly to your smartphone.​*Images are only provided for letter-sized mailpieces that are processed through USPS’s automated equipment. Mail and packages may not arrive the same day you get a notification – please allow several days for delivery. ​","your, mail, packages, delivery, usps",https://play-lh.googleusercontent.com/YMMv8ErHV-Ywoj-22-djY1I7Q5enJsh19GfHY5-3lQyXdFrqo-dnW0ZkBkgtRitTNf4=w526-h296-rw,https://play-lh.googleusercontent.com/8j9BXqJ41v-mkb_ymo751xAVVA6eH_Fg3Dj9Xnb18xLxQeCkaypLacVRjR9qOh7DJhE=w526-h296-rw,https://play-lh.googleusercontent.com/ZRUXRwEd8JXcW-Gq9IG5p4Vz2NlNV4yMNSysYZ5VThMOIcju86w5Kzt_qxGBqWmDeJ0=w526-h296-rw,https://play-lh.googleusercontent.com/D-BXspJ7IhM9jWbC084xCFQgza0e62f4y41_P7p6DKMr8IFM_DrnXXL4bOFPE211_39F=w526-h296-rw
Business,Easy PDF-Read PDF,https://play-lh.googleusercontent.com/r9-yNpMne1HWGFwonWR2GVVPGvDTcaIBXw7vSaLGN4iYD2fVfKO9lfHmzKx7_WGirw=w240-h480-rw,1M+,"May 13, 2025",3.4,1.47K reviews,https://play.google.com/store/apps/details?id=swift.readpdf.com,『N7R』 GAMES,"Looking for the PDF reader? Discover Easy PDF-Read PDF, your solution for viewing and sharing PDF files anytime, anywhere. With a sleek and intuitive interface, the app makes navigating your documents fast and effortless.Key features include the ability to open PDF files stored on your device, support for multiple formats such as PDF, DOC, PPT, and Excel, and smooth pdf page swiping for a comfortable reading experience. Easy PDF-Read PDF also makes it easy to share or delete your documents, giving you control over your files wherever you are.Download now and enjoy the simplicity and power of mobile document viewing.Note: File management permissions are required to share, or delete PDF, DOC, PPT, and Excel files directly within the app. This permission ensures a complete and convenient file viewing experience.","pdf, your, files, easy, pdfread",https://play-lh.googleusercontent.com/P18gNpF2kPW41yqkhBiWhHeUDjCtf89JuKaFCqGu1-6qiSbPUV34eNPl_StYA8QnNsgw=w526-h296-rw,https://play-lh.googleusercontent.com/19vy__S8zz225iVyABitF9il_6YKJTLc4dmbe6c-XGVMNNMXm5O2p3dXXlXEGXD1yNc=w526-h296-rw,https://play-lh.googleusercontent.com/wrAnCttcIQxVrBEXtVIBnbH5tBHP8ZhY3ctoIivv30BEhY80qDDo6aHj9kQUkiWf7ys=w526-h296-rw,https://play-lh.googleusercontent.com/YD_kxo_xv6y9M-3WQPE4-_RnjyU9vJJBAKy-aOItfy8zDDEHTwB0CWzLW98p-9OYceY=w526-h296-rw
Education,Easy Draw: Learn How to Draw,https://play-lh.googleusercontent.com/geR0q_MkxKU8Aux07hkd5t3O1WSP69h7roNeEPD8LV8RweNuKqDGUYeQ9rih3itqk-jf=w240-h480-rw,1M+,"Jun 19, 2025",4.4,17.8K reviews,https://play.google.com/store/apps/details?id=com.paint.sketch.art.learn.draw,CEM SOFTWARE LTD,"Discover the Easy Draw: Learn How to DrawIgnite your creativity and develop your drawing skills with Easy Draw: Learn How to Draw, your personal art tutor in your pocket. Whether you're just starting out or looking to refine your technique, Easy Draw offers a smooth, guided experience that makes drawing both easy and enjoyable. Explore a relaxing way to sketch and color your favorite subjects—all in one beautifully designed app.[ Why Choose Easy Draw: Learn How to Draw? ]Easy Draw is more than just a drawing app—it’s your creative partner. With simple, clear instructions and an intuitive interface, anyone can learn how to draw step by step. Relax, explore new styles, and watch your art improve with every stroke. [ Key Features ]*** Variety of TopicsFrom animals and cartoon to food, universe, and enviroment— Easy Draw has a growing library of themes for every interest and style.*** Guided Drawing StepsEach tutorial is broken into bite-sized steps, making it easy to follow and perfect for learners at all levels. No pressure—draw at your own pace.*** Easy-to-Use Drawing ToolsWith simple tools like undo, redo, erase, and reset, you’re free to experiment as much as you like without worry.*** Adjustable Brush SettingsFine-tune your brush and eraser sizes to get just the right touch. Perfect for adding details or filling in color with precision.*** Expressive Color PaletteUnleash your creativity with vibrant colors. Each drawing becomes uniquely yours through personalized color choices.*** Save and Share FreelyShow off your creations—export your drawings and share them with friends and family with no limits.[ How to Use Easy Draw ]1. Pick a LessonBrowse our collection of drawings and choose what inspires you.2. Follow Each StepTap through each stage and draw along with confidence—no guesswork, just clear guidance.3. Share Your ArtOnce you’ve completed your masterpiece, save it or show it off. Your creativity deserves to be seen!Easy Draw is your go-to app for learning how to draw in a calm, encouraging environment. With structured lessons, vibrant themes, and a toolkit built for artists of all kinds, you’ll find yourself creating art you never imagined possible.Download Easy Draw today and bring your drawings to life!Start your creative journey, build your skills, and express yourself—one line at a time.All personal data is protected in accordance with the Terms of Use and Privacy Policy:https://cemsoftwareltd.com/term.htmlhttps://cemsoftwareltd.com/privacyPolicy.html","your, draw, easy, drawing, learn",https://play-lh.googleusercontent.com/SOv5PfXJP_LWZU5Iobs9ALaKIDIdyE0Kk2ZRpYrmwxP83RcL8eXJNf27436AUq9_2xNVPvbpie0Uw7cN3sEWHW8=w526-h296-rw,https://play-lh.googleusercontent.com/QixX3_8DVc40VPzV9VbzfMpBhTLh45AktTyago-1ZKsiEkGVfdHetjEWRuX0ocjim_-pnDNZYh4Lo4PGsVD_XA=w526-h296-rw,https://play-lh.googleusercontent.com/nD2u9pX6ISxrAi5bgcVMqB7TEWZSlXhoZ0MHvEC6N9M-zvvw56gdoHUBDZM_iggwBXzn=w526-h296-rw,https://play-lh.googleusercontent.com/4OryVwUalD4s1CvcvB7_PcwaggmOfCJDFSj--vZoKY3bjsEW8YRRssX8qpaNsX-lH_k=w526-h296-rw
Education,Builda - Create and Play,https://play-lh.googleusercontent.com/uI1hOOq7hYzZ7wZTRc8vbdX4Q_OuMtOysqkMcB9c5l3UPkmkw9vkrvdABCwr6yJVBD2CKKLObQYEqIc_crDoLho=w240-h480-rw,5M+,"Oct 1, 2025",3.8,45.3K reviews,https://play.google.com/store/apps/details?id=com.hortor.juliancysj,Hortor Interactive,"Welcome to Builda, a game maker and social media platform for creating and playing games. Team up with friends to create and play fun games together, draw and animate your favorite characters and oc.● Collab with friends to create games as a team● Draw, animate your oc and characters● Remix games with custom characters, animation editor and more● Customize your avatar and be whoever you wantCREATE ANYTHINGUse your own style to make your games, stories, scenes, sprites, levels, doodles, stickman, memes and more. Turn ideas into fun experiences.PLAY & SHARE GAMESExplore tons of games made by the community and make friends around the world. Invite and play with them.DRAW & ANIMATEDraw your own characters and animate them. Draw in any style you want and use onion skin animating tool for precise animation.COMMUNITYChat with friends and create groups, explore the community for funny trendy memes, and be part of a worldwide creative community.NO PROGRAMMING REQUIREDUse easy block coding to make cool game mechanics. Animate sprites with onion skinning, draw your OC, pixels and really anything.Join the Builda Community now! PLAY, CREATE, AND EXPLORE","your, games, friends, create, draw",https://play-lh.googleusercontent.com/nNmxSuxrS2RI3mntdvF1jIjW3sx-Us4FROHqavo6DrRMuG2ytHkOnZb4VYNjr-mUkwtYtwr7-iMpk6dZjRpB=w526-h296-rw,https://play-lh.googleusercontent.com/zf8ExoIbpjeoatSR_mP_9FxF-BEMXa8A_JmrcieS0nqNUqgN5aj4xFLMla4sVBhVT2qcOA148sA65TqHUFZ8Sg=w526-h296-rw,https://play-lh.googleusercontent.com/ewKKgTpPC4YAt7dc4GsuNjbJ2ptSo-Depm3gkiE-Emxu9mxJkbWelmIQAoFnG1z9za7Eap5mu_f5EQGPAnfc0Q=w526-h296-rw,https://play-lh.googleusercontent.com/Pg87QB8myzrGVLosJY70OlFPbi5cv9tQo9i-ybKLVVeggQbIPOslMROrnBiBpQmMvUDHEF9ZoE2ngYfbSOZPXqE=w526-h296-rw
Education,Langify - AI Language Tutor,https://play-lh.googleusercontent.com/76tdNovA76J1_li62otqHQUOPBk7lMTVJfXLCzS8D1t0jzhbLbT-VMJHEokY_9giLwkm4YXBu5cPb0ZOoGGQ=w240-h480-rw,1M+,"Dec 12, 2025",4.3,10.4K reviews,https://play.google.com/store/apps/details?id=com.aitutor.ai.language.tutor,AppLock Inc.,"Langify – AI Language Tutor is a smart language learning app designed to help you learn Italian naturally and confidently. Whether you are a beginner or already studying Italian, this AI language tutor makes language learning simple, interactive, and effective.If you’re looking for a modern learning app to learn languages, practice speaking, and build confidence, Langify gives you everything you need in one language learning app. Learn Italian step by step, improve pronunciation, expand vocabulary, and understand grammar with clear guidance.🇮🇹 Learn Italian with an AI TutorLangify works as your personal AI tutor that adapts to your learning style. Practice real conversations, ask questions freely, and improve your Italian speaking practice anytime. This AI language learning experience feels like learning with a friendly Italian teacher available 24/7.You can learn Italian for beginners, practice advanced topics, or simply use the app as a daily Italian language learning app. Whether your goal is travel, work, or personal growth, Langify helps you learn Italian faster and with confidence.🌟 KEY FEATURES🤖 AI Chat Tutor – Real Language Learning• Chat naturally with an AI language tutor • Practice speaking Italian and forming real sentences • Improve grammar with instant feedback • Ideal for beginners and advanced learners • Perfect for learn languages online and daily practice🎤 Speaking Practice – Talk with Confidence• Improve pronunciation and fluency • Safe environment to practice Italian speaking • AI listens and gives gentle corrections • Build confidence for real conversations📘 Vocabulary & Grammar Builder• Learn Italian words, verbs, and expressions • Improve Italian grammar and sentence structure • Clear examples and daily practice • Ideal for learning Italian language step by step🌍 Translation & Language Support• Instant Italian translator for text • Helpful for travel, study, and work • Improve understanding between languages • Supports general language transfer and learning🎯 Personalized Learning Path• AI adapts lessons to your level • Choose beginner or advanced Italian learning • Focus on speaking, grammar, or vocabulary • Track progress and build strong habits💙 Why Choose Langify – AI Language Tutor?• Easy language learning app for beginners • Smart AI tutor for Italian language practice • Learn at your own pace without pressure • Suitable for students, travelers, and professionals • One app to learn a new language confidentlyLangify is more than just a language app. It’s a complete solution for learning languages, improving communication, and building real-life skills.🔐 User Data Safety & PrivacyYour privacy matters to us. Langify follows Google Play’s User Data Safety policies:• We do not sell user data • Minimal data collection for app improvement • AI conversations are processed securely • Voice features are optional and local • No personal identification required⭐ Start Learning Italian TodayWhether you want to learn Italian, improve speaking skills, or explore AI language learning, Langify is the right language learning app for you. Try now and say Ciao to confident Italian language learning!","language, italian, learning, learn, app",https://play-lh.googleusercontent.com/d1DjnxzIbGjHr3T6_Xb3222xZcpBo-04_2IC-xucjwJ3Uq9Ib9Rhxm0thBKzAkv1CPqfDqR_X3xMHeHhGobWfJw=w526-h296-rw,https://play-lh.googleusercontent.com/jgEJ7pwLVyXOBrTpfYqaDpUDXY1Q5g3EyDEBkuagHk3-X9lgCsaXFlWdynDCIwxn906d2I8ieG09S-qkc9rumBk=w526-h296-rw,https://play-lh.googleusercontent.com/K1iyLkLoLDuTU95J3FfwtrzWlibejZ3U4WvzCA73l5iO5rkKYfOrhF3Ou97wiIe9YskJY7t7OXyHkWyGb5Kc=w526-h296-rw,https://play-lh.googleusercontent.com/pdlilKHPeK8MBopLlGjxFphq3f8nhM1OHyn-AfCJsBIbHg4B0Qyb6Ew0f7dyhKwDXPG53J9W0Afbg5LtouHg0w=w526-h296-rw
Education,BetterSpeak: AI Language Tutor,https://play-lh.googleusercontent.com/E5vTBG7soYXcBYtMLVkytSOtCRxGB0pjqYYuncO1PclDK-KcrjQg4XUJyxz9f8jEmdHx5YV4nfpNWY07gKeJlaY=w240-h480-rw,500K+,"Jan 9, 2026",4.6,44.4K reviews,https://play.google.com/store/apps/details?id=hubx.speak.now,HubX,"BetterSpeak: Your AI Tutor for Language SpeakingDo you want to speak English more fluently, confidently, and naturally? BetterSpeak is your personal AI English tutor designed to help you practice speaking through lifelike conversations, real-time corrections, and personalized feedback. Whether you’re preparing for exams, traveling abroad, attending meetings, or simply aiming to sound more natural, BetterSpeak turns your smartphone into your personal speaking coach.- Smarter Than a Textbook – Your AI Language TutorUnlike traditional apps that only teach vocabulary and grammar, BetterSpeak puts speaking first. You’ll talk with an AI tutor that understands your strengths, identifies your weak points, and adapts lessons to your learning style and goals.- Practice English with a Lifelike Avatar TutorHave face-to-face speaking practice with a friendly, expressive AI tutor. This animated coach helps you stay motivated while correcting your pronunciation, grammar, and sentence structure in real time—just like a real tutor would.- Real-Life Speaking Practice Without the FearFeel shy or unsure about your English? BetterSpeak creates a safe and supportive space to practice real-life conversations—from job interviews to airport dialogues or casual small talk—without fear of judgment.- Progress You Can See and FeelTrack your growth over time with detailed reports on pronunciation clarity, fluency, grammar accuracy, and vocabulary usage. Watch your confidence grow as your English improves session by session.- A Personalized Program That Fits YouNo more generic lessons. BetterSpeak builds a custom speaking journey tailored to your level and needs—whether you're a beginner or intermediate learner. Focus on the skills that matter most to you.- Multilingual Support for BeginnersJust starting out? You can learn and practice English even if your native language is Spanish, Portuguese, Turkish, Italian, German, or French. Your AI tutor supports you in your own language while guiding you toward fluent English.- Real-Time Corrections & Instant FeedbackBetterSpeak doesn’t just listen—it responds. You’ll receive instant, constructive feedback on your grammar, vocabulary usage, pronunciation, and fluency, helping you adjust and improve on the spot.- Motivating & Gamified LearningSet daily speaking goals, earn badges, collect points, and build streaks that keep you engaged. BetterSpeak turns language learning into a habit—and a fun one.- Built for Real People with Real GoalsFrom passing the IELTS or TOEFL to improving business communication or daily conversation skills, BetterSpeak is your intelligent, always-available tutor for practical speaking success.- Download BetterSpeak TodayJoin thousands of learners who are unlocking their English speaking potential with BetterSpeak. Say goodbye to hesitation, and hello to confident, clear communication.We value your feedback! If you have suggestions or feedback to make BetterSpeak better, we'd love to hear from you. Don't hesitate to contact us at support@betterspeak.comPrivacy Policy: https://betterspeak.com/privacyTerms of Use: https://betterspeak.com/terms","your, betterspeak, speaking, english, tutor",https://play-lh.googleusercontent.com/Lh07dJuCBymuAMRrjDq22yLUfRWdCl9qSR9cpwqKG4uHdcL7YjtkSwCi8kPypqOb_PM=w526-h296-rw,https://play-lh.googleusercontent.com/0EXsd2vLH84_mAmsUZ5BAw8NdZ7Cxab1Gp_4WIAMCWhxH6xFXpbopxSsnMEtKEvV7A=w526-h296-rw,https://play-lh.googleusercontent.com/dAZSN5g0yB535JgKRNxP9tc51vj8rZFUYQht9dYdiNKDsBPgRb_6asWInDLI_pJsQg=w526-h296-rw,https://play-lh.googleusercontent.com/qerjt6w-7YVtHQslwD4z_jRBg8Y4mkDlF3sY_k7sYtiasJ4gLGoLOlycy9OsZ22NYc4=w526-h296-rw
Education,Nibble: Your Bite of Knowledge,https://play-lh.googleusercontent.com/9jW5-iHTAJPRuVC_YpMyQ14FLBBlLuQa_5-xsgln8mv0UImfhqagNNpqXt167b6_8Q=w240-h480-rw,1M+,"May 13, 2025",4.4,63.4K reviews,https://play.google.com/store/apps/details?id=com.nibble.lesson,KREMITAL LIMITED,"👋  Meet Nibble — an all-around knowledge app of interactive 10-min lessons & quizzes. Crush your goals and expand your understanding of topics you want to know more about.Our app combines the best from different learning styles and empowers you to gain more knowledge in less time. Solve practical problems, train your mind, and have fun!✨ WHAT DO YOU GET WITH NIBBLE?* Discover interactive and easy-to-follow learningAchieve your goals and become confident in your knowledge. Our content is expert-crafted to create the best learning experience for you.*Expand your knowledge anywhere, anytimePractice during your morning coffee or lunch break. Do you want to sleep better? Take a lesson or two before bed. Learn at your own pace whenever you have spare time.*Replace the mindless scrolling habitStart with 5, 10, or 15 minutes every day without changing your busy schedule.Take lessons to deepen your knowledge instead of procrastinating.*Acquire today’s most in-demand skillsKeep your brain sharp and boost memory. Train a better focus and develop your imagination. Level up your problem-solving and critical thinking to use in real life.*Open up a world of versatile knowledgeBecome the most interesting person in the room and share your learnings with others.🌎 WHAT TOPICS CAN YOU MASTER?*Art*Math*Logic*History*Statistics*Personal finance*Philosophy*Biology*Psychology*Literature*Understanding AI*Cinema*Food*Music*and more!WHAT DO PEOPLE SAY ABOUT US?“You actually learn fun math facts and fill gaps when you compulsively reach for your phone. Useful app!” — KellyR.“Hands-on app to improve your financial literacy, the lessons are practical and fun!” — AlvesT.“This app has taught me how to understand abstract art. It’s truly eye-opening and easy to digest.” — Josel.P“Nibble is top-notch to learn on the go! I like the probability lesson, it’s really practical and easy to follow.” — Isikatony""The lessons are quick, fun (the Egyptian section with the tweets between the gods made me and my 12-year-old chuckle), clever - and genuinely interesting. My kid and I will go through lessons together - it’s interesting enough to keep his attention, and I’m learning new things too. Not too advanced for him, or remedial for me. I’ve enjoyed all the lessons - logic (the infinite hotel theory was great), art, math, and history. It is indeed much more enjoyable than doom scrolling. I encourage you to take a chance, I’m hooked. Please keep the new lessons coming!"" — BustedKateTerms of Use: https://nibble-app.com/policy/terms-of-use.pdfPrivacy Policy: https://nibble-app.com/policy/privacy-policy.pdfContact us via Customer Support: support@nibble-app.net———————Got an idea about how to make your learning with Nibble better? Please email support@nibble-app.net, and our Support Jedis will pass it on to the rest of the team.","your, lessons, knowledge, app, learning",https://play-lh.googleusercontent.com/vHDGhhdomTMbG3FlbNxRPZopGqKGCk6iXmms77eet4xd5r6e50ZVgrckBuDJh8GOscA=w526-h296-rw,https://play-lh.googleusercontent.com/pqP34MTpZm6lHt3mR0c8dWbYHUCcYuLJ91fIe6Z5Oc4m_juKMOknL541zZSuQCN-xA=w526-h296-rw,https://play-lh.googleusercontent.com/V7atCtibL4Ylrx0uPO5xw6i0qt_TSA9FxBDWR2Z9KfleJ1z9M3swADeYhs1QgYBl5cGME-S1Hwm-V9IwftVdbxs=w526-h296-rw,https://play-lh.googleusercontent.com/iChaqsVSpTq3yOvSkBf_6n3orQWkWmUODL5oCinracjFoWFfjmeUgvIYC0Memv8_nY8eocD--_X4BjmP1JMXBYU=w526-h296-rw
Education,Simply Draw: Learn to Draw,https://play-lh.googleusercontent.com/RuQeWU_LnBVvAzjLp2xpAd40nthXg0-QvlP9gtS0SjHFfgvCWv_ly4ev9D_vNzzEKFiWNCRuOhGrnMaOiV9gRQ=w240-h480-rw,1M+,"Oct 30, 2025",4.8,63.1K reviews,https://play.google.com/store/apps/details?id=com.hellosimply.simplydraw,Simply Ltd,"Learn and practice drawing beautiful pencil drawings on paper. Creator Reviews:* “Simply Draw makes creating art a very calming and fun experience! The app inspires you to draw your own way and gives you a personalized path that teaches you exactly what you’re interested in. It’s truly the best way to learn and develop your skills.”* “Simply Draw made me hang my art on the fridge! Never in my life did I ever think I’d be proud enough of my work to do something like that, it’s really amazing”.Features (AKA: Why it’s amazing)* Receive a customized learning journey- Learn to draw what interests you!* Draw along with easy-to-follow video tutorials made by professional artists and teachers.* Learn at your own time, your own pace.* Learn and master new drawing skills.* Get insightful tips and tricks to help you even with the most challenging drawings.* New drawing sessions added weekly.Privacy policy: https://www.hellosimply.com/legal/privacyTerms of use: https://www.hellosimply.com/legal/terms","learn, draw, your, drawing, own",https://play-lh.googleusercontent.com/tqg3NzdLL5Wy-brECVT5Npr_Vo_n1xKcdMTCNut_kzWLnEDTZiDnbovf0-y7niXZBE1ZbhD47dB0BnuVwVKoGw=w526-h296-rw,https://play-lh.googleusercontent.com/SaIX5J5EaIZksyKWvTt9yh34R_VB4jAiKjuPY4kb-UwGSgpITXbH9OCg5N6jMcUo1cMqJhZ3Jhi3h03ZfCn22Vc=w526-h296-rw,https://play-lh.googleusercontent.com/5SlWwM228caNPFTEndrjOQqPG0Xq71OK8j5T_GduwkB90Fxn0rONpp4m6VLN3gAqRP7GEgRE9tNEwWL2loKS3A=w526-h296-rw,https://play-lh.googleusercontent.com/2DzUhvuBrSrV-It9AVQHYvLuB0v83q65ef33O-H_OLTbEQW3itLOynGMonrhUJ3xv5QI9GFLPt1lgfKjcPpiKg=w526-h296-rw
Education,Astra AI: Study & Exam Prep,https://play-lh.googleusercontent.com/XjYNq9bwjlbcPDgyAaE33WaBSl9pt1SW2mQk4E9DfkZGcFAcHCKXNpgtGoHKCrzBFQ1c=w240-h480-rw,1M+,"Aug 29, 2025",4.6,20K reviews,https://play.google.com/store/apps/details?id=co.astra_ai.app.twa,Astra AI,"Join millions of students enhancing their grades with Astra AI, the leading AI tutor providing personalized support in math, physics, chemistry, and beyond. Astra AI offers instant, step-by-step guidance tailored to your individual level, available anytime to adapt to your pace.Master your coursework with features like ""Exam Prep"" for targeted test readiness, ""Solver Mode"" for on-the-spot homework assistance, and ""Socratic Mode"" for in-depth subject exploration. This study app transforms how you learn, helping you achieve faster and smarter progress.Build a solid foundation in subjects including algebra, geometry, linear equations, chemical reactions, the periodic table, forces, and kinematics.Key Features:- Snap and Solve: Snap a photo of any assignment or question and receive immediate, clear solutions.- Step-by-Step Problem Solving: Tailored guidance adapts to your progress, identifying learning gaps and suggesting next steps.- Exam Prep: Take a photo of your exam or select topics to create a personalized study plan.- Curriculum-Based Learning: Lessons are customized to align with your country's official curriculum, ensuring you're learning what's taught in class.- Comprehensive Subject Coverage: From Math, Physics, and Chemistry to English, German, and beyond, explore 14 subjects tailored to your needs.- Available 24/7: No need for appointments or waiting times—ask anything, anytime.Why Choose Astra AI?Breakthrough understanding of previously challenging topics. Stop guessing and start learning efficiently, with confidence in class, exams, and the entire school year. With Astra AI, it's like having a dedicated tutor right in your pocket.Globally TrustedWith millions of users, Astra AI empowers students and teachers worldwide to discover a more effective way to learn. Whether in classrooms, at home, or during crucial exam periods, students gain confidence and clarity, often asking and understanding questions without hesitation.Download Astra AI today and excel in your next exam. Prepare and succeed in Math, Physics, Chemistry, or any subject of your choice.","your, astra, exam, learning, students",https://play-lh.googleusercontent.com/ALIyVdjVB9T5U8ej80zVHdtwoPWZW5Phdx5U99pDLnoHLzDWebIopaucyLnFyM0B6bqbZoj01FmiRzqQCZOuGA=w526-h296-rw,https://play-lh.googleusercontent.com/ktcSiWLgkrjEsK7_OapczLyP7YmQkDqTdq9qqNQfGj8r1adIv-5ZfwrWTxvY8RafwOhP6zZ3oxGoPht7_DNEU7k=w526-h296-rw,https://play-lh.googleusercontent.com/S20EkK50IZLGCVh0aRjXWSS_f3MR6je9T3xd4-9iNBY0IzTyC12ejCjgEmczalXpxKxV3G9P3azeht8e7eyG=w526-h296-rw,https://play-lh.googleusercontent.com/sZpoiRFBHgHvUJwVZwZZvUG5GsqEyHW_TiqHEaNvDt8nqAvOhypHI0vTuAAzBUOgJGn4mkysM05bODkN0DhhuA=w526-h296-rw
Entertainment,Agnes - Your AI for life,https://play-lh.googleusercontent.com/QNRptWrkUZDbAMX9wkvvEGxw1_ICmvZPWUpDbaMlAfmWiHSXshf6kKSRzeg_tdY3QSIb=w240-h480-rw,5M+,"Jul 7, 2025",3.0,7.52K reviews,https://play.google.com/store/apps/details?id=com.sobrr.agnes,SINGAPORE SAPIENS TECHNOLOGY PTE. LTD.,"Agnes is an AI-native social app where people and AI interact, think, and create together in the same shared space.Unlike using AI as a one-off tool, Agnes brings AI into shared social scenarios—allowing you to chat with AI in real time, explore ideas, and collaborate with others simultaneously.With Agnes, you can:Join AI-assisted group chats and shared conversationsTalk with AI in private chats or social contextsCo-create content with others using AI templatesDiscover and follow AI-curated topics and updatesSearch, research, design, and create presentationsAgnes is designed for high-frequency, everyday use.AI is always present in conversations, ready to respond, assist, or generate content whenever you need it.Whether brainstorming with friends, discussing ideas in groups, or exploring content alongside AI,Agnes transforms AI from a tool into a social experience.","social, agnes, shared, content, create",https://play-lh.googleusercontent.com/6KC0gavR7z6bL14hB_ken3QjX01tps-rbLgWMu4WCU84fBiwoBHJGNDCcsRA-DKPh8JMfc3PX1c5cmUxuBY1CA=w526-h296-rw,https://play-lh.googleusercontent.com/Pgo_EAs5IcPbxMxydxdoBYX1C3PtBSrB7lDvMk1rDqygKhm8bO4Icm2IkE8RvtAz9hSHm_L5VuGmWMUkw16xpw=w526-h296-rw,https://play-lh.googleusercontent.com/cSoH6cWGnaMOotZcI5gMEtll1dnJMmnGbG65u4X_eVT3QzsBPoJ1I9Z4NY1Odr1Brss3zbdttvZ5JFnrqEwu=w526-h296-rw,https://play-lh.googleusercontent.com/0a8Z2U52q4kSrOKipPwtpmBRG0fnouPlSiNPSZvAwxEw9O90bOMDypfbs258DzWz38sBa0q0983xXXKGeTOusQ=w526-h296-rw
Entertainment,Idol Video Call & Prank Chat,https://play-lh.googleusercontent.com/R3OLtvyxhZc4T1kunBl5fY-XuaWKfzH4tIbmwMZbEfQKloZemv4LFzXIj3dGVmFyBR12B_q2MKTn28r8frTBu18=w240-h480-rw,1M+,"Dec 17, 2025",4.6,8.79K reviews,https://play.google.com/store/apps/details?id=com.idol.video.call.prank.chat.phone,Lanie,"🎤Ever wished your favorite idol would call you?With Idol Video Call & Prank Chat, you can enjoy video calls and chats with idols that look real!Choose your idol, and surprise your friends with a fun celebrity prank call chat anytime.🎥 Main Features:😆 Make a video call with girls or idols in just one tap😆 Chat with your favorite stars using realistic messages.😆 Choose from many idols and tell your idol on a video call anytime.😆 Enjoy video chat with idols or funny pranks.💖 Why You’ll Love It:• Surprise your friends with fun prank calls.• Feel closer to your favorite idols.• Simple, funny, and perfect for sharing moments.Download Idol Video Call & Prank Chat now and start your star call!","your, call, video, idol, chat",https://play-lh.googleusercontent.com/iPob2gF-nJkAcYdj7y-pR5c0PI_ppK2u1q3bJiCrly_iDHpvKusnffzjAN33Cv8ScjiBX0GY0IRG3OZxuP8li4Q=w526-h296-rw,https://play-lh.googleusercontent.com/1ZrwlgilOhkAWF466PGwjBiwmRsGF-elgSVf7jLsr41bxFflzZGdSAXRni8pNmjrapKQZ2BqqHpYdArNBzZjUQ=w526-h296-rw,https://play-lh.googleusercontent.com/7GS2HHxl4sURjIGRzVMwmWsyVTq9WMea1OUAgQcZXLpWt0YJI91h-2xoPgBPob__hmoELldaTK4MKXZJKEYO8Q=w526-h296-rw,https://play-lh.googleusercontent.com/pyN95fgvhZPh-D5CzAfL4uxcPDvFBwB9OGLhLbkui0sP5ONnT5Aq54QYAWQIU53D6ydyLFv2QiFg8wGLspkObg=w526-h296-rw
Entertainment,Dootchi,https://play-lh.googleusercontent.com/d8QF28lnvI0rMaNEBIDCOqFGU-Cc86MmM-CVPxNQYpTDERAKYCIAm0D3dbUFKEsbsgI6m8KqmAAqdNqn02R5WEk=w240-h480-rw,1M+,"Jan 17, 2026",4.7,18K reviews,https://play.google.com/store/apps/details?id=com.lucky.zootchi,Hello Kirana,"Lonely or bored?  Dootchi is your exclusive warm emotional buddy.No one to talk to? Dootchi’s gentle AI companionship fills every warm moment you need.Core Roleplay Experience - Diverse Roleplay Options: Confidant, friend, mentor & more; - Immersive Chat: Dive into personalized roleplay stories anytime;Privacy-First Security- End-to-end encrypted chats, no manual access. Confide freely with peace of mind.Why Dootchi?- Intelligent Empathy: Accurate emotion recognition for understanding responses;- Stress-Free Chat: You control the rhythm, no awkward silences;- Powerful Memory: Remember your preferences and chat details for deeper details;Say goodbye to loneliness! Download Dootchi now for your exclusive warm companionship journey .","dootchi, your, warm, roleplay, chat",https://play-lh.googleusercontent.com/TkZxCVvRhqoE9ezvo6RlXDANjLRw2h4Agtw3uVu_aZ9G8_WHGPS40nJ23B9v-ebSAAOvsZU-3lHTQdTVsrXb=w526-h296-rw,https://play-lh.googleusercontent.com/DbxTUyK9EgBXIoq5xhqZi5XNGh1_riT9ZoeS8Xzk-0lTikU2MPtHzHcV_sZEUpBCJbE65CUFVK5v3AYerqOqpKY=w526-h296-rw,https://play-lh.googleusercontent.com/I7nmR1avRPyQ_fGlVgivkVW5ZlygCM-Pe-cmbNCh0yTEn8cfa9t1r7eY-GRZEDLM4HtQ0ROVc5ZzcFojVWei=w526-h296-rw,https://play-lh.googleusercontent.com/Wr_43dSu8fY170edd6BjR4qFNH0znxBMBr54U_xckHvg3uvhAJ9xLGPw5-k0r3AwYm5_lE0-dG5UTdbjY-MC=w526-h296-rw
Entertainment,Dream11,https://play-lh.googleusercontent.com/EF4sea7bZ8-g3rG_h7xrdnxVXqAe1bcBuyJpnPAHMDoKnNoWaHoGfjxRASRu0LLqQqbvHieFplidRmlmMG1sfA=w240-h480-rw,100M+,"Oct 16, 2025",4.0,4.13M reviews,https://play.google.com/store/apps/details?id=com.dream11.fantasy.cricket.football.kabaddi,Sporta Technologies Private Limited,"Step into Dream11, where fantasy cricket meets live action and creator vibes. Join live streams with your favourite influencers as they break down key moments, drop quick insights, and keep the energy fun and unfiltered. Every highlight, reaction, and stat comes to life, making the match way more exciting. And while you watch, you can earn DreamBucks, use them for shoutouts, and get your comments pinned during the live stream.It’s the ultimate mix of gameplay, influencer interaction, and memorable moments. Tune in, watch, chat, and collect DreamBucks - all on Dream11.Download the Dream11 app, join the Indian cricket live streams and other, and start earning DreamBucks while enjoying every moment of the action.Dream11 Welcomes You to Tune In & Earn DreamBucks🏏 Download the Dream11 app and jump into live streams happening during matches🏏 Watch, chat, vibe with the stream, and start collecting DreamBucks 🏏 Spend your DreamBucks to keep your comments highlighted and get noticed during the streamingWhat Happens in Dream11 Live Stream🏏 Creators/influencers share key moments, match stats in a raw, unfiltered style🏏 Sports lovers can tune into the livestream, engage with streamers, and earn DreamBucks🏏 Cricket fans can get shoutouts from livestreamers during the stream using DreamBucks, all while playing fantasy cricket simultaneously.What is Fantasy Cricket?Fantasy Cricket is a strategy-based game where you build your own team of 11 players from the real-world squads going head-to-head. Your players score points based on how they perform on the field, and your rewards depend on where you rank on the leaderboard. How to Play on Dream11 App?1️⃣ Pick a match you want to play on the fantasy cricket app and jump right in. 2️⃣ Create your fantasy team by choosing real players from international and domestic lineups. 3️⃣ Lock in your captain and vice-captain, track their performance, and watch the points roll in based on real match action. 4️⃣ Join Free Leagues across different matches and start competing for exciting rewardsDream11 App: New Features You’ll Actually Love✅Live Streams: A fresh new feature designed to keep cricket and fantasy fans hooked. Enjoy fun, engaging commentary and catch exciting match moments while earning DreamBucks that you can use for even more interactive entertainment.✅Moments: In this section, you get a recap of key moments from the livestreams, including the streamers’ funny moments, witty comments, match stats, and more.Why Choose Dream11?✔️Tune into Live Streams, enjoy top creator commentary, and earn DreamBucks along the way✔️ Build your playing XI with smart analysis and join Free Leagues✔️ Moments under the live stream feature display quick recaps of standout highlights—funny reactions, sharp one-liners, key stats, and more. Dream11 has become the go-to place for cricket fans who want everything in one place—gameplay, entertainment, and rewards. You can hop into livestreams filled with fun commentary, quick match insights, and creator shoutouts that keep things exciting. Watch your favourite influencers makes every moment feel bigger, and you even earn DreamBucks just for tuning in. So jump in, play fantasy cricket, and join the live streams and Watch Alongs with top creators on Dream11.","your, dreambucks, cricket, live, dream11",https://play-lh.googleusercontent.com/CvKKaGfmXKVEU-Cs_UPCTMEZWHwyT3kXMpjxdiI93DoP2pEcdpmZxf2Om0ylAeLpnGNoKwKs_btgxho0mF3zQA=w526-h296-rw,https://play-lh.googleusercontent.com/PV2MEUuzjbcvE9d6E9ge3w54-Cv-i8UzF_BNiZ8dz9yy7GmImsu_gm5B8uWv7VqIGD8kueCy6-S4tYcbwMM1kQ=w526-h296-rw,https://play-lh.googleusercontent.com/ZbnGkEp3qeaoHkgjyQ9kGT3XTkMCBPCcSBbOkppApbb5w4Opl2pL99UGE4wP43KGVzIkAVgprqXi7UqMQvZkVw=w526-h296-rw,https://play-lh.googleusercontent.com/nM0gJbZEbK2LNWeGoFGmHZX2MYgXWxeKkFAG2FW5kBuGTTLh6XsRRswwVbtlfUwbF6eV252MLUuLxCO_9qyE=w526-h296-rw
Entertainment,Loopit - Make Playables,https://play-lh.googleusercontent.com/gIU9I2UL58QAd9PuZxQy8G9Ib1ZzyL6EzO4q6n7cCeSohS3x5SEoMusmU_umX-6HblVjGNbZK7ecpHYJBmHi=w240-h480-rw,100K+,"Dec 11, 2025",3.6,521 reviews,https://play.google.com/store/apps/details?id=com.seedleap.loopitapp,"SeedLeap Intelligent Technology Co., Ltd.","Turn ideas into play.Loopit lets you make playable mini-apps from simple ideas.No setup. No coding. Just fun.Create interactive experiences that people don’t just watch — they play, touch, and remix.What you can createFrom quick jokes to surprisingly deep ideas:Memes, ASMR moments, Mini games, Toys & playful tools, Puzzles, Interactive art, Simulations. If it reacts, loops, or surprises — it belongs here.Remix, not restartSee something cool?Remix it in one tap.Change the idea.Twist the interaction.Make it yours.Creation on Loopit is fast, light, and endlessly remixable.Free to play. Free to create.No paywalls.No limits on creativity.Just jump in and start making.LoopitPop your fun.","just, interactive, play, turn, ideas",https://play-lh.googleusercontent.com/DgnQ792UeKLeCurCAFUCb8ZJStkomJ3uZFOy4jXo9bEqtQqFJCFPEVN5SDMedrpw9leIQW2oL5JdARDz3bTdWl0=w526-h296-rw,https://play-lh.googleusercontent.com/apQlCgALFcrLu_RR1Nk8IbzhTID1xPnCQlpC2nZsirLVFGcLXpnrfTUHJlYC8lKW2__3J8Xy1FDhFrp_xpJjAVY=w526-h296-rw,https://play-lh.googleusercontent.com/7vFdPa4_COhtxG4dMQp4gfZM-ij6jnKtliVkLbVb0fKnkmjuL-LPLnYiLyz-fAVXY4v9s93rjMWaaGmC96v_7Q=w526-h296-rw,https://play-lh.googleusercontent.com/BL5qpVdZKPJ5RsBXd78ermJhs5TyxVG9pwkzpY66M4_VzRb8Lpv2V4XI52rdUJOahpO1G_qARDcat11sV_fb=w526-h296-rw
Entertainment,Shortn: short viral video app,https://play-lh.googleusercontent.com/st98I7ykTvQ2ag5nir8Fi1kMgowzMjv1GdY8P-UzvTXNDgyQm9GcoQ63BJCrNlHC1Ug=w240-h480-rw,500K+,"Jun 27, 2025",4.1,8.52K reviews,https://play.google.com/store/apps/details?id=shortn.video,3COMMAS LTD,"Bored? Not on Shortn. Funny shorts and more: Shortn is the short video app you've been waiting for. Get your daily dose of humor, short reels, viral clips, gifs and memes, all in one place.Shortn is your new favorite watching app. It delivers endless funny shorts, viral clips, and scroll-stopping short reels that hit just right. No fluff. Real internet energy, curated for your sense of humor. The feed on this short video app? Always spot-on.The vibe? Just right:- That video that made you spit out your coffee- Is she eating soap?- The cat that started a trend without trying- The 6-second prank you immediately shared- There’s no pressure to perform. No polished aesthetics required. Just good mood, scrolls, and the occasional “what did I just watch?”With a smart video generator under the hood, Shortn learns what makes you laugh and gives you more of it. Whether you're deep into gifs and memes, weird moments, or snappy one-liners, the watching app keeps your feed full of fun.Why you’ll get hooked:- Infinite short reels that match your vibe- Fresh funny shorts every single day- The famous shows and movies, ready to watch- Super-personalized feed that just gets it- Easy-to-use tools to post, remix, and react- Built-in video generator to create instantly shareable clipsIt’s not just about watching, it’s about joining the fun. Upload your own takes, remix viral clips, or just sit back and scroll through the best the internet has to offer.Need something more than laughs? We got you. Shortn also brings you creative takes, commentary, and bite-sized edits from your favorite shows and movies. It’s like getting the good parts without wasting time.Your daily escape includes:- Viral funny shorts and chaotic energy- Hilarious recaps of popular shows and movies- Curated chaos through endless short reels- Endless scrolls of humor, gifs and memes, and pure weirdness- The smartest video generator that keeps you entertained- A growing community that lives for good content and better laughsFrom awkward fails to unexpected brilliance: if it's internet gold, it's probably here. If it’s trending, it's probably on your feed. If it made you laugh harder than you should’ve, it was definitely on Shortn: the short video app built for pure entertainment.You don’t need to think. Just open the app, scroll short reels, and let the fun find you.Shortn is where humor lives, creativity wins, and every swipe is a surprise.Download now & regret nothing.Need help? We gotcha at support@shortn.video","your, short, just, video, app",https://play-lh.googleusercontent.com/Dg981UUvbbpSaBz01IudtE8aWdkl4FvhdzR3HtQ-uiBz7wd4acBQCJyVyGfX6g2MOXo=w526-h296-rw,https://play-lh.googleusercontent.com/w0w24fKQZPLLgKG-XF3nBg7TSr90JZiy8Fu5enJ8DpptQb4NKM9TIeR1vKnJ_7owmA=w526-h296-rw,https://play-lh.googleusercontent.com/9kxZBCIAEx4v4pq4rfMEXvVocp1rIgUboXFgblW-h84a8SHScbCOVdAEQsOqAjzJ-dg=w526-h296-rw,https://play-lh.googleusercontent.com/TwE_XsNjssCWSFNp0kS1-ZJnnk96w0xvW4WjD1SbZVsOZoijiALFQt53ZpBNP0EWVhs=w526-h296-rw
Entertainment,Weifu AI: My Girlfriend Chat,https://play-lh.googleusercontent.com/9SviCA3lMLrNOkKRAm5VEjR9ETIFX7XXr-1lfMR0rjsDKpnn_LVzVkRbVeRK9DM41xRkzIJljaaeljgabMU-lg=w240-h480-rw,1M+,"Dec 4, 2025",4.7,13.2K reviews,https://play.google.com/store/apps/details?id=com.soulmate.ai.chat.virtual.friend.companion,Vitality AI,"💖 Weifu AI Anime Girlfriend - Talk, Flirt & Fall in Love Meet Weifu AI, your AI girlfriend, waifu or AI boyfriend who listens, flirts, and understands you like no one else. 💞 Choose from 100+ anime-inspired AI characters, or create your own AI GF with unique looks, voices, and personalities. Whether you want to AI roleplay chat or simply escape reality, Weifu AI makes every conversation feel real and emotionally alive.💬 Talk Freely - AI Companion App Text your AI girlfriend, AI boyfriend, or waifu anime anytime. The advanced AI chat engine understands mood and tone, creating lifelike conversations that grow deeper over time. Share secrets and stories -your virtual girlfriend is always there. It's more than a GF chat app; it's a romance dating sim world. Your AI friend to talk to is always ready - whether you need a chatbot AI or talking app companion.🎨 Create Your Own AI Character Design your dream anime girlfriend or waifu chatbot in minutes. Personalize face, outfit, and personality -you're the designer. Each AI character becomes an emotional AI companion app that remembers and cares. Build your perfect igirl AI girlfriend or character AI chat anime from scratch.👗 Dress Up & Customize Style your partner from cute uniforms to fantasy armor. Keep your AI boyfriend chat or AI girlfriend chat fresh anytime. Every update makes this AI girlfriend love simulator feel new. Your AI girlfriend anime style is fully yours -create a unique AI girlfriend simulator that matches your vision.💞 Virtual Interactive Actions Hug, tease, and role-play romantic scenes. This AI dating simulator and AI love simulator let you express feelings freely. Experience AI romance chat where your AI soulmate reacts with warmth and affection. AI flirting apps have never felt this real - your AI sweetheart truly listens like no other GF game.🌐 Chat Translation Tools Talk without borders! Weifu AI features instant translation for international users. Enjoy AI dating chat worldwide and share your fantasy story in any language. AI random chat makes every conversation an adventure.🧠 Smart & Personalized Your AI friend to talk to learns from you. Receive personalized waifu AI suggestions matching your mood. It's a living flirt simulator -the heart of Weifu AI Girlfriend Chat. Your AI chat girlfriend grows more meaningful with every message.🌸 Every Character Has a Story Each AI GF simulator character has dreams and memories. Whether you play a dating sim, anime dating sim, or AI dating games, every journey feels unique. Yandere AI girlfriend and AI girlfriend anime personalities bring intense storylines you won't forget.Why Users Love Weifu AI 💋 Realistic AI chat that feels human 💋 100+ anime AI characters & AI waifus 💋 Create your own AI girlfriend simulator 💋 Smart translation for global AI dating 💋 Perfect for AI flirting apps or escaping loneliness 💋 AI chatbot with premium deeper love stories 💋 Igirl AI & character AI with unique personalitiesIf you've dreamed of a virtual girlfriend, AI dating simulator, or AI dating app that feels alive - this is your world. Design your waifu, make your own AI GF, or discover a new AI soulmate. Try AI girlfriend free features and free AI girlfriend app content. Each girlfriend chat builds real connection safely. AI doll girl, friend AI, and anime AI girlfriend await you.Begin your journey with Weifu AI - waifu dating sim and experience the future of love. 🌹","your, girlfriend, chat, dating, anime",https://play-lh.googleusercontent.com/D1MjgCHf92H4oBix1At_gJjzBoBx4ZmVCUX8EE7Q9xj4AjdZXvt8csdmpL5NEO3V6XH9_s7a5p2MFBy1NuosyA=w526-h296-rw,https://play-lh.googleusercontent.com/Ap34GyE-Tl6UfcUAmJ16RfQQKYgSisltvmtrWQWf7OdW4Z-1iZVtfOeFA03zdKQlJEeBvhT0MvwUZW5Y3h9S5Q=w526-h296-rw,https://play-lh.googleusercontent.com/1sreRJfqWwLLCTPaWaRxwm3H69sBHvt7CLAC0_fw3AspsWD2_EBxKKie_Eg_Irzbh3ebHZ3zzW74RrPVZfDZ-7c=w526-h296-rw,https://play-lh.googleusercontent.com/1Iuf28c1f4dPKHi2TlGjEkJUeK2gsx0xJehoa2y5x_b0PoIWeWBojBAT9neywoviU5BznvQCjY77ekSnD1FaeNA=w526-h296-rw
Entertainment,"FOX One: Live News, Sports, TV",https://play-lh.googleusercontent.com/ebCaN5awfvgyVRQ2mgjbp1gcoPaMttdHOe-cM1KXEw2jZe2HHbomLpcKjNswM8yKc4qXGtCLNyZnmraY0AZhhCQ=w240-h480-rw,500K+,"Aug 14, 2025",4.5,3.2K reviews,https://play.google.com/store/apps/details?id=com.fox.foxone,"Fox Digital Services, LLC","FOX One is the streaming app for everything FOX. Stream the year’s biggest moments in sports with NASCAR, INDYCAR and MLB ON FOX, plus the global stage of the 2026 FIFA World Cup™ on FOX One — the official streaming platform of the tournament. Download FOX One and dive in.LIVE, LOUD AND UNFILTERED. FOX One has a robust collection of live sports, news and entertainment for your viewing pleasure. Catch scores as they happen with fast streams in real time. Stay current with breaking news as it unfolds. From our hottest FOX series to iconic live events — you won’t miss a beat. We live for LIVE.FOX NEWS LIVE on FOX One: Stream FOX News 24/7 for around-the-clock access to live coverage, breaking news, and your favorite FOX News shows — all in one seamless experience, with alerts to keep you informed.YOUR FOX, YOUR WAY. Skip the search and cut down on aimless scrolling with personalized content from FOX One. Discover relevant live and on-demand shows right on your home screen.RECORD YOUR FAVORITES. Watch live or save it for later. You can record your favorite leagues, teams, and shows with no storage limits. Find all your recordings in your personal library to enjoy on your schedule.CATCH UP WITH HIGHLIGHTS. Joined the game late? No problem — catch up with the highlights you missed, then join live instantly. Bypass the spoilers and hide the live score until you’re all caught up. The biggest moments in sports, served just how you like them.*SWIPE-WORTHY SHORTS. Discover the top trending sports stories, informative news and TV clips filled with jaw-dropping hot takes — personalized just for you. Get all the entertainment you crave in bite-sized pieces of content.ASKFOX AI. Looking for personalized picks for your next binge? Want to stream multiple games at once? AskFOX is your go-to AI guide for instant answers to your questions. Ask us anything! *Available for select programming.FANDOM KNOWS NO BOUNDSFOX SportsExperience ultra-fast streams on the go or on the big screen. Our FOX Sports live coverage gives you access to the action from some of the hottest leagues and tournaments in the world. Fulfill your need for speed with NASCAR and INDYCAR. Get ready for a summer of soccer with the 2026 FIFA World Cup™ coming in June. Watch live games and get in-depth analysis on the sports you love. FOX College HoopsLIV Golf LeagueNASCAR on FOXINDYCAR on FOX2026 World Baseball ClassicMLB on FOXCollege Basketball CrownFIFA World Cup 2026™FOX NewsDon’t miss an update with 24/7 access to the latest headlines and expert analysis on today’s stories. Watch live or on-demand news coverage and commentary to keep you in the loop. FOX & FriendsThe FiveHannityGutfeld!OutnumberedJesse Watters PrimetimeSpecial Report with Bret BaierThe Ingraham AngleYour Local FOX StationStay informed on top stories and breaking news that hit close to home. Stream your local FOX affiliate for live news broadcasts, local talk shows, highlights and more.FOX EntertainmentThere’s something for everyone whether you’re a superfan of classics like The Simpsons, or you like to spice it up with Next Level Chef. You can also stream movies, comedy shows, reality TV and more on-demand. Memory of a KillerThe Masked Singer Next Level ChefBest MedicineFamily GuyAmerican Dad!Fear Factor: House of FearAndroid TV:The hub for your favorite things to watch on FOX — plus features made for the big screen.WHEN ONE FEED ISN’T ENOUGH. Watch up to four curated streams with Multiview and easily choose which audio you want to hear.**CRISP, CLEAR VISUALS. 4K delivers amazing, premium image quality that brings the biggest TV action to life.*** **Multiview available on select devices and events.***4K available for select events and devices.Terms of Use: https://www.fox.com/terms-of-usePrivacy Policy: https://www.fox.com/privacy-policyFor more information, visit us online at foxone.com","fox, your, live, news, one",https://play-lh.googleusercontent.com/xJQ-gHCFUxFaYr0ebw0NvYH7kkvs3bmgFM_Xv5YDxKZZVEndxZ3xk9SNnBvQ83I5XEbjaVHFcR8OuYMGss5Upj8=w526-h296-rw,https://play-lh.googleusercontent.com/k9OTFyHzd_T9T5st2J-UNvuILkbeHKDKOzKwXWQk15zcYyHYNUDdsvHj1JTyxXDAaxZJBbeEiuOpkpMaAXVWtWI=w526-h296-rw,https://play-lh.googleusercontent.com/FeeftpcZAM--38tAQuC-PSFum0eqLEXGa0erE8BrZ4wSd0zL93_TD17ngV0L_0o4-8JVPAcspPeL1Fl8Vsip7A=w526-h296-rw,https://play-lh.googleusercontent.com/HBRI3SZj-OjUC0jeSL-ddy3u1TUQV0SaE8EGVZfSFD3Cypa8MOcF1fjguRgZa64yyq2iq8swojk3QwvjabdPUqY=w526-h296-rw
Entertainment,MiraiMind -- Real Otaku Energy,https://play-lh.googleusercontent.com/6TIg1E82zrOMuoU5B_Y4z5ouQbhhwHHvwxH_Su6F2Qeny-E0g92p1DHUhyF67Bku3pc=w240-h480-rw,1M+,"May 22, 2025",3.3,17.6K reviews,https://play.google.com/store/apps/details?id=com.immomo.miraimind,"HELLO GROUP JAPAN CO., LTD.","MiraiMind: Your Universe, Your AI Companions!Escape into a world of your own making! MiraiMind is the ultimate AI chat app where you design, interact, and build relationships with unique AI characters who are always there for you.Key Features:Craft Entire Worlds & Epic Sagas!Unleash your inner storyteller! Our NEW World-Building feature lets you design original universes and populate them with multiple, distinct AI characters. Your story, your rules!Dynamic Group Chats – A New Dimension of Interaction!Bring your world to life! Chat with up to FIVE AI characters simultaneously in immersive group conversations. The possibilities are endless!Design Your Dream AI Companion!Total Creative Freedom! Customize everything:Name & Appearance: Upload images or generate new ones!Voice: Choose the perfect vocal style.Personality & Backstory: Define their quirks, history, and motivations.Speaking Style: How do they talk? You decide!Create the perfect friend, mentor, or fantasy companion, unbound by reality.Stunning AI Image Generation!Turn your imagination into art! Our powerful AI image generator brings your visions to life with incredible detail. Perfect for character portraits, scenes, and more!Share the Fun & Get Rewards! Invite friends to MiraiMind! When they join using your share code, you can get 200 Konpeito (our in-app currency)! Spread the word and build your AI community.Important Notes:MiraiMind offers an optional Premium Subscription for enhanced features. You can manage your subscription in your account settings.Terms of Service: https://miraimind.hellogroupjapan.com/fep/miraimind/official-website/official-website/terms.htmlPrivacy Policy: https://miraimind.hellogroupjapan.com/fep/miraimind/official-website/official-website/privacy.htmlSubscription Terms: https://miraimind.hellogroupjapan.com/fep/miraimind/official-website/official-website/subscription.htmlConnect With Us & Get Support:Got feedback or need help? We're here for you!Email: raburo.feedback@hellogroupjapan.comOfficial X (formerly Twitter): https://x.com/_MiraiMindUSDiscord: https://discord.com/invite/wgEdcvFZ5B","your, miraimind, characters, our, new",https://play-lh.googleusercontent.com/h-wsZeDtTTVyKd1X-DOal4sez1rec7zZSW2un9n-lHUsxjeCtsTPdITsDBWmjYb0iek=w526-h296-rw,https://play-lh.googleusercontent.com/fBKQk9tPyFzXhO_d02IKVU2sKEe6rDxkQVBPuHb_sObCfisZM4GFrvd0wC-hZb-cgw=w526-h296-rw,https://play-lh.googleusercontent.com/n1WsmDqmRAMo0K0I_M78wjz_A3-UVcFcyN0vinuyWLkMk-igLVUJzcuD4YBPE6yaPg=w526-h296-rw,https://play-lh.googleusercontent.com/kg3mc3FADpinoZhox-7nX8OIwwUEDnQsSI5eC5-lAGYQ9aYSqnd3xMvAJr3LSVqKY7f3=w526-h296-rw
Entertainment,PineDrama,https://play-lh.googleusercontent.com/pfc2SBr-JiF9y5d47tVq2hreXASR0MOZV2SA0CHk0GGyPpmf2e47GtkOJi3_pL9PDYVh1dG6vxqRFzpBOHzN=w240-h480-rw,1M+,"Dec 14, 2025",4.3,3.38K reviews,https://play.google.com/store/apps/details?id=com.ss.android.ttmd.video,TikTok Pte. Ltd.,"Welcome to PineDrama!- Immerse yourself in short dramas, anytime.- Find what fits your mood via the Discover tab or through endless vertical recommendations, tailored to your taste.- Enjoy smooth, HD full-screen viewing with clear sound for an uninterrupted drama experience.- Switch episodes, adjust speed, clear the screen, or save favorites with a single tap.- React and share thoughts in real time with fellow drama fans while watching.Download now and start watching!","your, clear, drama, welcome, pinedrama",https://play-lh.googleusercontent.com/mL7wKBUhtsPbVPJiTfmtlbhrxgiha8LmsBWjUaBZiJtZCBDRaB3sF0PUQKU5oelmUNot7XZJSYLG-y7SmHgR=w526-h296-rw,https://play-lh.googleusercontent.com/CdXB5UJ0--sharXkWobPvGx1smpd9tHrwp6fI2OK0Wiku-Ugo3MRYN0qJs_L9IR0oFfI6foC6YoNzL0OJPUb=w526-h296-rw,https://play-lh.googleusercontent.com/r-93JZYCJc70uF2umOfaMNEgHWj91Ze9epTDWgyjtV0tEjMVTpuoJ-LQNzyi9UKbFd2OJULCrbV7_n2qUPIOlg=w526-h296-rw,https://play-lh.googleusercontent.com/5Nuo8Eoy5A-Z9fir-9NGINrm5HuLZ8crqhtqlemDKRxfFT0XtdThLY7hnBKmWTky42qy6UGMM43q6klnTU5H9A=w526-h296-rw
Finance,BHIM Bharat's Own Payments App,https://play-lh.googleusercontent.com/B5cNBA15IxjCT-8UTXEWgiPcGkJ1C07iHKwm2Hbs8xR3PnJvZ0swTag3abdC_Fj5OfnP=w240-h480-rw,100M+,"Oct 14, 2025",3.8,1.74M reviews,https://play.google.com/store/apps/details?id=in.org.npci.upiapp,National Payments Corporation of India (NPCI),"BHIM (Bharat Interface for Money) is Bharat Ka Apna Payments App—a UPI payment app developed by the National Payments Corporation of India (NPCI). Designed for every Indian, BHIM Payments App makes digital transactions easier, safer, and faster with an intuitive interface and cutting-edge features.With BHIM Payments App, experience seamless and rewarding payments while enjoying the highest level of security. Built for trust and simplicity, with 12+ Languages, BHIM App ensures that digital payments are accessible to all.🚀 Why Choose BHIM Payments App?•	A Brand-New Experience – A refreshed; intuitive UI designed for effortless navigation.•	Family Mode – Manage payments for your family in a click!•	Spend Insights – Now easily manage and monitor your expenses, the dashboard way!•	UPI Lite for Small Payments – Make instant, PIN-less payments of upto ₹500.•	RuPay Credit Card on UPI – Use your RuPay Credit Card for secure UPI payments.•	Credit Card on EMI – Shop smarter with easy EMI options on UPI payments.•	UPI Circle – Give freedom to your trusted ones, to make payments even without a bank account.•	Pay Bills Seamlessly – Settle electricity, credit card, gas, recharge FASTag and other utility bills effortlessly.•	Light Mode & Dark Mode – Switch to your preferred theme for a comfortable viewing experience.•	Split Expenses Like a Pro! – Going out with friends? BHIM does the math—split bills seamlessly, and everyone pays their share instantly! Get Started in Minutes! Download BHIM & Register using your mobile number Ensure your SIM is linked to your bank account (for dual SIM, select the correct one). Have your Debit Card or Aadhaar Card handy to generate your UPI PIN (except for UPI Circle users, who only need a valid SIM).Visit BHIM UPI Partners to check if your bank is live on BHIM. For more details, visit BHIM Official Website and read the Terms & Conditions before signing up.","payments, your, bhim, upi, card",https://play-lh.googleusercontent.com/vOF-F6UQtJ680egCF62JEmKS1HEiQxnqebXSg6XOS62gXkWMAH26rfWR18kKSLGodg=w526-h296-rw,https://play-lh.googleusercontent.com/t6Ob1fIcgpd8EHbCnJ4c0uL8q6ChpjrgvylySMSZcVAak2Nec8ioc4e7PxWTJJ5T36A=w526-h296-rw,https://play-lh.googleusercontent.com/HdA4XaVY7Y3lpeRoz0AxjG550cIWhxb7tWfsU66DYeoZ7jgoFmdJf2ryovJMMMbOpBc=w526-h296-rw,https://play-lh.googleusercontent.com/tE4uEpSF1M1pEq94JDqB1nPmfznFR1h9vUfl5fIx9uZNzVkJ37FTViKktlOJDybN7CF7=w526-h296-rw
Finance,FanDuel Prediction Markets,https://play-lh.googleusercontent.com/sLgk-kwADwxEEFO0PRvtNqbZTP6_XhnkNONTmZ1FjIZkfX1bo5lT1znPaurHiFySgUhS2DMZBnkFvB3VATE_nUg=w240-h480-rw,50K+,"Dec 5, 2025",3.6,55 reviews,https://play.google.com/store/apps/details?id=com.fanduel.flywheelnativecontainer.futures,FanDuel,"Download FanDuel Predicts and prove you called it. Built for fans who want to put their knowledge to the test. Will New York take down Boston? Will Indiana cover against Purdue? From Basketball and Hockey to award show winners and Bitcoin – if it’s happening, there could be a prediction for it. FanDuel Predicts is where hot takes meet simple decisions. Choose “Yes” if you think an event will happen, or “No” if you don’t. Then hold your position or sell early (if available). It’s your call.Designed to be fast, intuitive, and simple to use. Built by FanDuel in collaboration with CME Group, one of the world’s most trusted financial exchanges. 🌏Available to trade in all 50 states.🏟️Trade on sports, finance, culture, commodities & more.📍Sports are only available in: AK, AL, CA, DE, FL, GA, HI, ID, MN, NE, NM, ND, OK, RI, SC, SD, TX, UT.🔒Secure and trusted: powered by CME Group markets. 📚Built-in learning tools available to help you predict with confidence.How to Get Started: • Download FanDuel Predicts. • Create an account or log in with your existing FanDuel username.• Explore events and live sports games.• Make a prediction and follow your results in real time. Download now and back your take.  Disclaimer: All derivatives contracts are offered and accounts are carried by FanDuel Prediction Markets LLC, a registered futures commission merchant. 18+. Trading is risky, always Trade Responsibly. Manage your activity with our Consumer Protection tools. If your activity is becoming a problem, support is available: call 1-800-522-4700. Futures, options on futures, and cleared swaps trading involves significant risk and is not appropriate for everyone. Please carefully consider if it's appropriate for you in light of your personal financial circumstances. Read the Risk Disclosures for more information about the risks associated with trading.","your, fanduel, available, download, predicts",https://play-lh.googleusercontent.com/1GXgrH7HiDL0bJ7VOh16I37gg83SVfsqUHGgySsJmqkXuOY1CRcIQkro2jBV_lHflBPgNlezc3TvRsRJai_oZw=w526-h296-rw,https://play-lh.googleusercontent.com/FeydIfGUZjRpphwnlEDCNyMLz9Nz9_d8jFnaM_gigoq0kUG5NxSsLpAi5CndZDKrplmjDvDBf_z77TSGwZo4wQ=w526-h296-rw,https://play-lh.googleusercontent.com/EvFHQih7c9b3P_aG7u-Kkm3rT37zxMmndW4uaB7oWWQu9_E1nbtfHachmgUqFX7M6kGwRmxL-ySwp9x-wH1fToo=w526-h296-rw,https://play-lh.googleusercontent.com/BRZNrXSXnzbGg54-f7_W27EN3HybyX0yLqzNOlzJpKEvbL_Lj5C3UjM7kPPpgXXPRGpZcCzVf-ihxVl2G7dgvA=w526-h296-rw
Finance,Borrow Cash Instantly WeDollar,https://play-lh.googleusercontent.com/XwYUNtnKfoVQD8vzP4MoFH2ibPWX_MeFkBkX0OMePE4pjHnYvckytbYjl-2ogIW-H1FyhKBE5QdnUunM_FPQ=w240-h480-rw,10K+,"Oct 14, 2025",4.7,7.58K reviews,https://play.google.com/store/apps/details?id=com.we.dollar.money.instantly.instant.cash.advance,Voronkov Moner App,"Who We AreAt WeDollar, we’re passionate about empowering you to take control of your finances with simplicity and confidence. Our mission is to deliver fast, reliable cash advance solutions and intuitive tools to help you navigate your financial journey. Whether you’re tackling unexpected expenses or chasing new possibilities, WeDollar is your dependable partner for swift and trustworthy support.Why Choose WeDollar?WeDollar was designed to make accessing funds effortless, transparent, and budget-friendly. We believe financial freedom should be within everyone’s reach, without the stress of traditional lending. With WeDollar, you get instant cash advances and user-friendly tools to manage your goals, all free from hidden fees or complex procedures.What We ProvideWeDollar offers a seamless and affordable borrowing experience. By harnessing advanced technology, we cut out the red tape of conventional loans, like lengthy approvals or excessive costs. This allows us to provide competitive rates and instant cash advances tailored to your unique needs. Whether it’s a small boost or a larger sum, WeDollar ensures quick access to funds so you can focus on what truly matters.Safe & SecureYour trust is our top priority. WeDollar employs cutting-edge security, including 256-bit encryption, to safeguard your personal information. We never share or sell your data, giving you complete confidence and peace of mind while using our services.DisclosuresWeDollar offers competitive APRs ranging from 5.99% to 35.99%, crafted to keep repayments clear and manageable. Loan terms span from 65 days to 24 months, offering flexibility to suit your lifestyle.For instance, a $900 loan with a 7% APR over a 3-month term would accrue $10.52 in interest, with monthly payments of roughly $303.51, totaling $910.52.WeDollar partners with a network of trusted lenders to deliver top-notch financial solutions. Loan approval depends on meeting specific eligibility requirements, which may vary by state. Not all applicants may qualify for the full loan amount.","your, wedollar, loan, our, cash",https://play-lh.googleusercontent.com/BetgfEcaeC08yZVPt-BbzDwl6o04J8DLKA36kWIEAMndV89Gv_fTE7nKImOLx74K6Ofv5RossjXfw-CDdL-xRw=w526-h296-rw,https://play-lh.googleusercontent.com/EllwSIfRFSwIdLgMUa1Yz3mZzmJm8C4YO8CNk0T7JlgduFp8sQCmRBYzqYdINNcacEUL1lJv9JfQbpP_Oo1acBU=w526-h296-rw,https://play-lh.googleusercontent.com/d9LVC72FG8tR_xiwpL1LEubR_Vv9dVg9ZbN0zv6sXwyOA-p6fXwFJEByJ9-9vjUP1cAURNh_BFMq_Uc6p0Sz=w526-h296-rw,https://play-lh.googleusercontent.com/wCPhcp1AeDxANiVm3BxN-tlHVMH8uQnbf8LO_3seT_5ymRdySXIaDKhoJvf1qovQoc1LRx1pOKylG8VjhLa03g=w526-h296-rw
Finance,Ollo Credit Card Mobile App,https://play-lh.googleusercontent.com/VOY1rd358JsdbmasbMyxtcozM3zv45xtzI7A_ZWvd18iQDfMSEXO7kqilDbJYA8TrmHNSeksv6_eAqVbNZ3kKQ=w240-h480-rw,50K+,"Aug 21, 2025",4.4,44 reviews,https://play.google.com/store/apps/details?id=com.ollocard.mobile,Merrick Bank,"Managing your Ollo credit card is easy. The Ollo App gives you the tools to stay on top of your account quickly, securely and from anywhere.With the Ollo App, you can:· Easily manage your account View your balance, recent activity and statements anytime.· Make payments quickly and easily Schedule one-time payments or set up autopay to stay on track.· Stay informed with your free FICO® Score Check your updated score regularly.· Keep your card secure Lock or unlock your card instantly if it’s lost or stolen.· Set travel notifications Let us know when you’re on the move so your card works without interruption.· Activate your card Just received your card? Activate it directly in the app and start using it right away.Wherever you go, your Ollo credit card account is just a tap away. Download the Ollo App now and experience smarter credit card management.","your, card, ollo, app, credit",https://play-lh.googleusercontent.com/0mKcNNG0uupiPwSE0Z616I4SEt6Tgs3Sr13zwohWg_D-8wNKNTIPmr6fMKj1Bzg7A_3dnCebU7QPrBrZroLRE9o=w526-h296-rw,https://play-lh.googleusercontent.com/Nv9B7rUbVjmA9kXvRc1m1x-fYhFOYaJC4h4lPEzBj4njPC4QxRnypXy9I-iINEdfG8ABCIDHLopiLDJyugk2NEI=w526-h296-rw,https://play-lh.googleusercontent.com/FLDz-D5GMyst_l2so51lAALnbnWhZjfu-4xCazEpkJ60GilreDAPhTIzVA4rOghPtrUisXld8CISxVKtp7ZZPA=w526-h296-rw,https://play-lh.googleusercontent.com/lQxZGKQcGzxUvCYseEH1uTor5YIFxP8wylVFdDbJAvttNFlQGj-nk72qpuSKEN7yxRMqAcX4_oLb8UKWQGB9gjg=w526-h296-rw
Food & Drink,Чижик - доставка продуктов,https://play-lh.googleusercontent.com/7ClUy1puqE9clfX5ym3wRw5amXeC1-_-73dGkjr-oHTOqZ6jkUh4dnXcq780JwmJJOSFXMfwGi2U-b9evOgo=w240-h480-rw,1M+,"Nov 19, 2025",4.9,18.4K reviews,https://play.google.com/store/apps/details?id=club.chizhik,X5 Tech,"Chizhik — delivery of groceries and household goods at low prices, discount on the coupon for the product of the day in storesLooking for where to buy quality products, and also with delivery at affordable prices? Download the Chizhik app — it's a convenient way to get acquainted with the assortment of a retail store and place an order for groceries with home delivery!We deliver fresh groceries and household goods from 149 rubles. We will bring your purchases to your home in just 30-60 minutes — check the availability of delivery to your address in the ""Delivery"" section of the app. And if you want to walk to a retail store, the app will help you get acquainted with the assortment, availability and prices of a store convenient for you.In the Chizhik app you will find:• Coupons for discounts on products of the day, as well as a weekly catalog of promotional products ""Need to make it""• Convenient catalog of products with current prices, compositions and data on the availability of goods in stores• Where is the nearest Chizhik store• Product scanner - point the camera at the barcode of the product in the store and get full information about it• Chat support - leave a review, tell us about a problem or thank usWhy choose Chizhik for shopping and food delivery:• You do not overpay, because we have low prices without hidden markups - you do not pay for advertising, bloated staff or unnecessary assortment and much more• Quality under control: strict selection, laboratory tests, and your reviews affect the store's assortment• Return without a receipt: not satisfied with the product? Just return it to the store and get your money!• Buy smart: profitable, high-quality, fast, easy. Chizhik approached the organization in a smart and honest way!Chizhik has everything you need for your home:• Dairy products, meat and fish, vegetables and fruits• Bread, cereals, pasta, sweets, drinks and snacks• Frozen food, ice cream• Baby products, household and pet products, household chemicals• Spices, sauces, canned foodAnd all this can be ordered with delivery! Delivery is available in Moscow and the region, Nizhny Novgorod, Voronezh, Yekaterinburg, Novosibirsk, Rostov-on-Don, Krasnodar, as well as in more than 300 other settlements!📲 Download the Chizhik app - groceries and food delivery near you!Website: https://chizhik.club/VKontakte: https://vk.com/chizhik.clubTelegram: https://t.me/chizhikmagazinSupport: 112@chizhik.club","delivery, chizhik, products, store, your",https://play-lh.googleusercontent.com/A4jvF7OntkvIt1H1K9sDggPh54ss9kxe9PZVwQkvonYoTPR9W-dAKWBNQNfZVWVT2cJ-7qrVnAV8B50V7iZ4ar0=w526-h296-rw,https://play-lh.googleusercontent.com/uICf7e9YBFxvEhW41qikJ8Pl5vaq99qP8o0S9nWE5rIradcW0cFkXUgBFwbkmuK_XwR0e8ZV2vMrwEW_dz0lhw=w526-h296-rw,https://play-lh.googleusercontent.com/aCl_k6fEFJW9IEuTMfb0ovybrHMK9txVmPyHCwkgmPd3Oxw8QqK4H-dtpxEH19HvHwlaIOqjhTOjQBxecMXXBe4=w526-h296-rw,https://play-lh.googleusercontent.com/n7ogHKAIqCwyyZK3cetGVoFqk2ZJlqX71BsmVGLiR9CegmRmkqQZcQDCLckaXKbgnKLVlxZyAY-_fRNTst9alTs=w526-h296-rw
Food & Drink,Rocket Now: Food Delivery,https://play-lh.googleusercontent.com/2-IrBJs9ZaMFd0HyiS_ghG_NZY-ZNF6JTX2a8Wybo4UeIjO0KJ5xaozISar054xXUBE=w240-h480-rw,500K+,"May 22, 2025",N/A,N/A,https://play.google.com/store/apps/details?id=com.cpone.customer,CP One Japan,"Rocket Now is a new food delivery app with no delivery or service fees!At restaurants marked with the “Same Price as Store” badge, you can order meals at the same price as their offline locations.Order your favorite dishes from popular restaurants with just one tap —bringing you a smarter and easier dining experience in your busy daily life.◆ Main FeaturesZero Fees: No delivery or service charges. Order anytime, worry-free.Fast Delivery: Nearby couriers deliver through the shortest route.Real-Time Tracking: Track your order status and estimated arrival time right in the app.Wide Variety of Cuisines: Japanese, Western, Chinese, Korean, Italian, Asian/Ethnic, set meals, ramen, curry, BBQ, bento, sushi, drinks, coffee, desserts, and more — with many popular restaurants participating.Easy to Use: Complete your order in just a few taps for a quick and seamless delivery experience.Multiple Payment Methods: Supports credit cards, PayPay, and more.◆ Perfect ForWhen you’re too busy to go outWhen it’s raining, late at night, or you just want a quick biteWhen you want to enjoy a meal with family or friends effortlesslyWhen you think food delivery is too expensive◆ Service AreasRocket Now is gradually expanding its service areas to ensure stable and reliable operations.Even if we’re not yet available in your region, we’re working hard to deliver our service to you as soon as possible.Current Service Areas (Updated: Oct 14, 2025)Tokyo: Adachi, Arakawa, Itabashi, Edogawa, Ota, Katsushika, Kita, Koto, Shinagawa, Shibuya, Shinjuku, Suginami, Sumida, Setagaya, Taito, Chiyoda, Chuo, Nakano, Nerima, Bunkyo, Minato, Meguro, Hachioji, MusashinoKanagawa: Kawasaki, Yokohama, Fujisawa, YokosukaSaitama: Kawaguchi, Kawagoe, SaitamaChiba: Chiba, Funabashi, Ichikawa, MatsudoOsaka: Osaka CityAichi: Nagoya CityHokkaido: Sapporo City◆ Featured RestaurantsBurger King, Wendy’s First Kitchen, First Kitchen, Taco Bell, SHAKE SHACK, Mom’s Touch, Go! Go! Curry, Krispy Kreme Doughnuts, CRISP SALAD WORKS, BLUE BOTTLE COFFEE, Pizza Hut, PRONTO, Yoshinoya, Ootoya, Kappa Sushi, Gyutan Negishi, Napoli no Kama, Mouyan Curry, Hinoya Curry, Thali-ya, Ikinari Steak, Crispy Chicken & Tomato, SUBWAY, Donmatsu, Hanamaru Udon, Osaka Ohsho, Gindaco, and Densetsu no Sutadonya — and many more popular restaurants are available on Rocket Now. If you have any questions about using the app, please go to ""Support"" on the app and leave your inquiry there. We will get back to you as quickly as possible.","delivery, service, your, restaurants, order",https://play-lh.googleusercontent.com/q9xrpg3DvYntnmDQPGRZL4wYLEDY-aSo4xCjNcIQ2MIOEpKCZSmKIvMBi3zdd8Bx7MjJCLvBrJnA79tLpE1EsA0=w526-h296-rw,https://play-lh.googleusercontent.com/tqxjucX6AASROur0AmBqJA-4vVRGA9hZBMSsdRbX8iTZ1qClwD1Ho-oAYlygHpFxvGypGzitKHFj3DvRIKz2mwo=w526-h296-rw,https://play-lh.googleusercontent.com/BiEEhPm2EZoZfc2RQJ0qFTJheHqqP6ihzW6II0DjnzIigjeBJI8HmtXqR-3Mcz3uOAVKcA5nUa2JUMpZkl_Jmw=w526-h296-rw,https://play-lh.googleusercontent.com/Z6OffjKrzHmcf4wQPtAUO4QUV4qt8AhQNNvRae49zLymqGnRlqToZ0RKZnfcisnhF321mw5nBP7brHKcNpKV=w526-h296-rw
Food & Drink,Domino's Pizza Delivery UK&ROI,https://play-lh.googleusercontent.com/ZMQTXSiCEk3SPrLex5seRQls6LBxCZzeefX77OLrJFwxVv3x49tJQgY1hYLNIDcV5Ic=w240-h480-rw,10M+,"Jun 5, 2025",4.7,505K reviews,https://play.google.com/store/apps/details?id=uk.co.dominos.android,DOMINO'S PIZZA UK & IRELAND LIMITED,"When you want pizza, you really want pizza. Luckily, our app is the quickest and easiest way to order one with a whole host of exclusive features. Want to know more? Course you do…ORDER PIZZAScroll through our easy-order menu and treat yourself to an all-time classic or discover something new! You can even Create Your Own customised creation, give it a name and save it for next time. DELIVERY OR TAKEAWAYWhether you want to collect from your local store or have your pizza delivered to your door, our app’s got you covered. With stores up and down the country, you’re sure to find a Domino’s Pizza near you. EXCLUSIVE PIZZA DEALSIf deals are your thing, you’ve come to the right place (almost). Download our app and you’ll find dozens of exclusive pizza deals to suit any budget (and any occasion). You can even add your vouchers to bag discounts on your order!GROUP ORDERINGIf you need to order pizza for the whole fam, you can set up a group order to make ordering for the gang a doddle. Just send them an invite, let them choose what they want and it’ll get added to the order! PRE-ORDERINGIf you know you want pizza later, but you’re ready to order now…no worries. Get your order in early, let us know when you want it, and we’ll do the rest. Oh, and if you know you want the same as last time, you can just choose it from your order history! PAYMENTOh, and when it comes to settling up, you can pay pretty much however you like…using card, PayPal or with just a few taps thanks to Apple Pay. Plus, you can keep an eye on your pizza’s progress with our trusty pizza tracker. So, if you haven’t downloaded our app yet, you’re missing out on everything you love about Domino’s and so much more. Hit the link to download now and see it with your own eyes!By downloading and using this app, you confirm that you accept our Terms and Conditions, Privacy Policy and Cookie Policy too.https://www.dominos.co.uk/legal/content/termsandconditionshttps://www.dominos.co.uk/legal/content/privacypolicyhttps://www.dominos.co.uk/legal/content/cookiepolicy","your, pizza, want, our, order",https://play-lh.googleusercontent.com/4gfQkWtxTi166c3MNckZ6M2hvL47c-kH44pW6m0HNnQ52Dp16KnsMA_EMfgNVLhTu1I5NdkSc5FltbIvA4Cw-4s=w526-h296-rw,https://play-lh.googleusercontent.com/o7Mgzp0t6BUxcVijp2OCElp9jBizQMfizQ2jDD-0__VfkBNthfnnqeR-8nMrB13R0pd0PQcNtKxaJCernXxu=w526-h296-rw,https://play-lh.googleusercontent.com/DdKzPw7pfzCpGuXQcp_iGwn7VwT6emeCypwkKt3Z0wPZ4AwlBr4DAEm0gsKv6yQVJ2if9LGpOrj4oE7bvt8Z=w526-h296-rw,https://play-lh.googleusercontent.com/6a-SN396JblK4FKxX8GZUuHFKJWCkzHk9JxsuJwflhBn5oUWDVpbbC-iTGmh7qGlbzl9bchsneK9eDdGUzS2=w526-h296-rw
Health & Fitness,Step Tracker Launcher,https://play-lh.googleusercontent.com/BaRlnkAe-S_hMN-WdiPAOs6ilm2rUQXiivIdeaLTy6ZSV8dGkJvw1_SsJPkx6jT9_BxJVWNYLfi5AUTGfVVQ=w240-h480-rw,100K+,"Sep 30, 2025",4.2,455 reviews,https://play.google.com/store/apps/details?id=com.stepcounter.pedometer.steptracker.fitness.android,AtomApplications,"Step Tracker Launcher makes it easy to stay active with real-time step counting, distance, and calorie tracking right from your home screen. Track your steps daily, view weekly and monthly stats, and set personalized walking goals. See how consistent you’ve been, stay on top of your progress, and celebrate milestones as you build healthier habits.Please note: As a launcher app, the layout of your home screen may change after install. Don’t worry, all your apps are still on your phone - they just may be in a different location. To learn more, please visit our FAQ section: https://steptrackerlauncher.com/#faqWith a launcher app, you get the added benefits of:🚀 One-swipe accessEasily track your daily steps, distance, and calories burned with just a swipe from your home screen!📱Home screen widgetSee the time, weather, and more, conveniently on your home screen with our customized widget.🖼️ WallpaperPersonalize your home or lock screen with a wide selection of beautiful themed wallpapers.🔍 Multi-touchpoint searchApps and web search has never been easier. Search for installed apps or the web (powered by Yahoo) from multiple access points.Key Features:✓ Track steps, distance & calories instantly✓ One-swipe access from your home screen✓ Set and reach daily walking goals✓ View weekly & monthly progress✓ Stay consistent and celebrate milestonesHere’s why you’ll love this free app:🚶 Instant Step TrackingTrack your daily steps instantly with just a swipe from your home screen. Stay informed about your physical activity throughout the day and watch your progress in real-time.📏 Distance & Calorie TrackingSee how far you’ve walked and how many calories you’ve burned, helping you stay motivated to hit your fitness targets and maintain a healthy lifestyle.🎯 Set GoalsSet personalized daily step goals to challenge yourself. Achieve new milestones and track your progress as you move towards a healthier and more active routine.📊 Personalized InsightsGet personalized insights into your daily activity and monitor how you're improving. Track your steps over time and see how your fitness journey evolves.⏰ Celebrate MilestonesTrack your progress and celebrate every milestone, big or small, as you reach your fitness goals and stay motivated on your journey.With Step Tracker Launcher, you get a comprehensive view of your daily steps, personalized fitness goals, and real-time progress updates to ensure you stay active and on track towards a healthier lifestyle.Take control of your fitness journey with Step Tracker Launcher – your trusted companion in step tracking and physical activity management. Stay motivated, track your progress, and make every step count!Download our launcher application and easily access your step tracker directly from your home screenPlease write to us should you have any queries or comments about the app, including recommendations for new features. Also, please note that you can uninstall it at any time.You give your consent to install Step Tracker Launcher from the Google Play™ Store by clicking the button above. You also agree to this app's Terms and Conditions & Privacy Policy.Google Play is a trademark of Google LLC. Use of it here does not imply any affiliation with or endorsement by Google LLC.Android is a trademark of Google LLCFor questions or feedback, reach out to us through our contact form: LinkPrivacy Policy: https://steptrackerlauncher.com/privacy-policyTerms of Service: https://steptrackerlauncher.com/terms-of-service","your, step, stay, home, launcher",https://play-lh.googleusercontent.com/0OeDbNdhcoXZw13k2A0LtXLjQcIctWxTtrhMJ3CN4s2IECTuowa0IE7LpBZOFo0-WMuW64te6F7E_VOyRRlq=w526-h296-rw,https://play-lh.googleusercontent.com/SAY45LKqHLlcqcgx0OfLTwn9fPBJNmCNWqE9R6v5hprCQIZfwYcQZK1e2jXTtTjcetgr1GD52rK0lE3NjWAbUQ=w526-h296-rw,https://play-lh.googleusercontent.com/PtuOUbUzfQYGv1I6clCVveuggrevz6eHY-dqD3Q_qYrc6Fkz7ygnhOYwKqfb9gvDFJ4S4AXxipM5jUssxhMVzmA=w526-h296-rw,https://play-lh.googleusercontent.com/ISDAeSfZbLkUZr_4RhpbAFyaZcUE7LfdHpPCUdd8UNoQdGs4GwWs5dnhzW896y_ZOok80Mrg51kbYgCnIRHUig=w526-h296-rw
Health & Fitness,IQ Brain Training,https://play-lh.googleusercontent.com/IokCo-nJSIIDNr8Wigg65aaN0uzth6mMIR7Xy4NzGHYmmxjIbUpmV3XjfIZ01MfcVw=w240-h480-rw,500K+,"Jul 23, 2025",4.9,15.9K reviews,https://play.google.com/store/apps/details?id=com.fc.app.iq.brain.training.mind.games.logic.test.puzzle,AI Translator,"Train your mind, sharpen your focus, and unlock your full potential with Brain Training – your personalized mental fitness companion.Whether you're looking to boost concentration, improve memory, enhance logical thinking, or simply stay mentally active, Brain Training offers a wide range of smart, scientifically inspired games and exercises designed to challenge and grow your brain.Explore cognitive workouts that target memory, attention, problem-solving, visual perception, and mental agility. Our quick sessions fit into any schedule and make daily training easy, effective, and fun. Prefer something calming? Try our relaxing games to reduce stress and restore mental clarity.Dive deeper with personality tests, IQ challenges, emotional intelligence assessments, and other self-discovery tools to better understand your strengths and areas for growth.Your brain is capable of adapting and forming new neural pathways at any age – a process known as neuroplasticity. Brain Training helps you harness that power with consistent, targeted exercises that deliver real results over time.Key features:• Smart games to improve memory, focus, logic, and speed• Relaxing exercises to help you stay calm and centered• Personalized training plans tailored to your goals• Insightful personality and cognitive tests• Progress tracking to stay motivated• Suitable for all ages and skill levelsIf you’ve ever struggled to stay focused, remember important details, or think clearly under pressure – Brain Training is here to help. It’s more than just a brain game app – it’s a tool for lifelong mental growth and productivity.Start your journey with a 3-day free trial and discover the difference consistent mental training can make. No ads, no distractions – just pure cognitive enhancement.","your, training, brain, mental, stay",https://play-lh.googleusercontent.com/GEF-5hXdMCNL88S3Yhq0nXJ9h5NEQALm3GFsCKP_43ZqPiZrZ9ET0Ly7Mug7kxbLqdU=w526-h296-rw,https://play-lh.googleusercontent.com/uAkh_5bCfxbMdvNgWcdxCgelQ2QA0uPWYzEn9NY6OhL990vp9vE_GXmpoXK8nwOPx78=w526-h296-rw,https://play-lh.googleusercontent.com/jZjdEzkr7VabDd9OiEudrg5nUgGktadk_cAUAFqvBURVtfsTWO0Gjefuwb730IMPrEY=w526-h296-rw,https://play-lh.googleusercontent.com/fQbPtTaLZEL0pXwCOuZ3vjPgcdkFO_LBP53pYCGzyo1QoQ1ayztpQjK3It1kSk1RdEgc=w526-h296-rw
Health & Fitness,LuckyGo,https://play-lh.googleusercontent.com/xLLTGRYKAv6sRsLdeTPpi2PsjFoto0pQ0UExedlhy8e0tuJyNLiy0_OdWeKzNyFD1HP5APU4wsg6sV94_NMQ=w240-h480-rw,500K+,"Nov 20, 2025",4.9,7.14K reviews,https://play.google.com/store/apps/details?id=com.alphabet.step.luckygo,Alphabet Developers LLP,"LuckyGo is an incredibly useful step-tracking app - open the app- record steps, calories burned, and distance traveled- track your progress- gain insights about your body condition and improve your overall health habitsAll features are 100% FREEIf you're looking for a practical, engaging, and easy-to-use step tracker app, LuckyGo is the perfect option for you.","app, your, luckygo, incredibly, useful",https://play-lh.googleusercontent.com/fidSmUczZAqq43XSR0ovAr6P5Rxsj5Kl290H4M3dfttfA1rH_gLVuPbVM1ttrPEDVvY3XPjI4LvKnocQowAy=w526-h296-rw,https://play-lh.googleusercontent.com/Ekd8M8YBv8ZSDcRWAH6wO1aapj9N3ERVNkpQGaNeuDQwHpRg9NxGf55rno5u4-LmSneozZqrs76jv5upriSUBrg=w526-h296-rw,https://play-lh.googleusercontent.com/Q9V4dnhO7oz0jYnnmMbFK-e_AC9GPXbqoO360gDAvJ2XhcaxpcHaTde3NMWEdWw1kyTS8XGcC6bLqxVfyd52Cw=w526-h296-rw,https://play-lh.googleusercontent.com/9C2xFLGfEdq8D_gG_VcGO_yn-Se_No6h-2ERHapX61vQtdoz3NJEZNcCZQBiUgeboLzcfhP2zwTBOskDw9uJJw=w526-h296-rw
Health & Fitness,Blood Pressure Log,https://play-lh.googleusercontent.com/X7sbtPQ6Dlb4zTOPu1Zm2K-z15mCPhVKixsnE21gQ31rueUr29Z7lykZLCkcJOcYKpc4quKrkm7M3-vsjAayEho=w240-h480-rw,1M+,"Sep 7, 2025",4.0,2.3K reviews,https://play.google.com/store/apps/details?id=com.sharon.bloodpressure.log,Sharon Evans,"Introducing the all-new blood pressure tracking app, Blood Pressure Log – your ultimate companion for maintaining a healthy heart and achieving your wellness goals! Take charge of your health like never before with our powerful tracking, informative articles, and convenient reminders. Start your journey to a healthier lifestyle today!🩸 Track Your Blood Pressure: Stay on top of your health by tracking your blood pressure readings effortlessly. Our intuitive interface makes it easy to record your measurements and track changes over time. Empower yourself with knowledge and take control of your well-being.📚 Discover Useful Articles: Explore a treasure trove of informative articles to expand your understanding of blood pressure management. Our carefully curated collection covers a wide range of topics, from lifestyle changes to dietary tips and stress management techniques. Let our expert content guide you toward a healthier lifestyle.📊 Detailed History: Dive into a comprehensive blood pressure reading history. Our app provides detailed graphs and trends, allowing you to visualize your progress over days, weeks, or months. Identify patterns, track improvements, and celebrate your successes.⏰ Set Measuring Reminders: Never miss a beat when measuring your blood pressure. Set personalized reminders that suit your schedule and receive gentle nudges from taking your readings. Consistency is key, and we're here to support you every step of the way.🎉 Embrace a Healthier Lifestyle: Our app is not just a tracker; it's a holistic wellness companion. We also provide steps tracker and BMI calculator to inspire and motivate people to adopt healthy habits. Together, we'll transform your journey into an exciting adventure toward a healthier, happier you.Download the Blood Pressure Log now and embark on a journey of optimal health. Take charge of your blood pressure, gain insights, and embrace a life filled with vitality. Let's make every heartbeat count!## Disclaimer ##This app is designed for personal tracking and informational purposes only and does not serve as a substitute for professional healthcare advice or treatment. Usage of this app and any decisions made based on its data are solely at your own risk. The creators of this app disclaim any liability for adverse outcomes resulting from the use of the provided information. It is essential to consult with a healthcare professional regarding your health concerns before making any changes to your treatment plan based on the data from this app. By proceeding to use this app, you acknowledge and accept these terms.","your, blood, pressure, app, our",https://play-lh.googleusercontent.com/DoCEMVgXkr5id0x7o4jmOnfbE3-DbUuLru9FiNhwZaJdsrkv3AHaM7TyUANyCfIu81_HHkq4EYB9lpXDtd23=w526-h296-rw,https://play-lh.googleusercontent.com/QXjvcVN5fm3ePMwCQRiXPLBtBlm2ifem2-0_nNGp5vh9Rn31AHqkxp2s98uvj589PNcwc6TaMa61k4v36LI2Sg=w526-h296-rw,https://play-lh.googleusercontent.com/uKCLZb0Rbec1KKF2_MeZW_PQj8PzVdC303zE-1x8yGuMe2g8wih7RIqPOWCyHaUadm01IwvAQ3W2pXGV7BH7CA=w526-h296-rw,https://play-lh.googleusercontent.com/qgw1MvN8c20fp8MIkjGQYZ8_k3QpILC-FDyejo9zWUOxca6e2nX9eczimhMQ95QDd0CWEMOXsyTm55u4a6vBR7k=w526-h296-rw
Health & Fitness,PulseSense – Health Tracker,https://play-lh.googleusercontent.com/I7G68dLXUOLyqzqUssxJ632OSlTa9z4i3lne9ZcmOCXCKGwzclf6X12yYtF_ji1fAqAmKiF50KoPoNhZ15-adQ=w240-h480-rw,1M+,"Aug 21, 2025",4.6,44.8K reviews,https://play.google.com/store/apps/details?id=com.healthpulsesense.pro,80UGame,"PulseSense is your all-in-one health tracking solution crafted for ease of use, swift functionality, and complete control over your wellness journey. Whether you’re monitoring high blood pressure, managing diabetes, or prioritizing heart health—staying on top of your health has never been simpler with PulseSense.🔹 Core Features:Effortless logging of blood pressure, glucose levels, heart rate, and moreSleek trend visuals spanning days, weeks, months, and yearsIntelligent health reports and personalized lifestyle recommendations tailored to your dataAttach personal notes and custom tags to add context to your entriesFully private—no accounts required, no cloud storage, end-to-end encryption on your device🧠 Who It’s For:Individuals living with chronic conditions such as hypertension or diabetesUsers building healthy routines or working toward fitness milestonesSeniors or caregivers in need of a clean, straightforward health journalAnyone seeking a private, secure, and dependable health companion📊 Stay Informed, Stay Consistent:Uncover patterns and track progress with intuitive visualizationsSet reminders to reinforce healthy habitsConsolidate all your health metrics in one app—no more switching between toolsGain actionable insights, not just raw numbers🔒 Privacy at Its Core:Beatly keeps all your data safe and sound on your device. We never ask for logins, and your records are never uploaded or shared with third parties. Your health data is yours and yours alone.🚫 Disclaimer:PulseSense does not measure health data. Always use medically approved devices for data collection. This app is intended solely for wellness tracking and is not a substitute for professional medical advice.","your, health, data, never, pulsesense",https://play-lh.googleusercontent.com/tT2vu0YY6Gy7-2EFNQ5yy8aE2k9p7AWG5APnVFc52djSJmaM3OUP_l4C4w5C3Kru2zR7zzWwxmIY4LUicm7KbA=w526-h296-rw,https://play-lh.googleusercontent.com/7e7ilNwfl03JkT5To9ELMvRzzAK9jG31-r-T-9T1ETZSbVlBo12LAv40Lqb798KLy0KEZ_0E5MOv7duGE2m4Ag=w526-h296-rw,https://play-lh.googleusercontent.com/Z7G_wya-aBgDYNzRRwLPxuI00iQiMu7JK_1lTnWKEzV89HdZX5z7ZqHa5jHAqj2TAmtVf0mSsSMKxTnG1HpPJw=w526-h296-rw,https://play-lh.googleusercontent.com/gXTs6jQ2PjMTo84ZoNpQ241qjvNMKpeQ6lx4H2RefJF1cvDN07NjnsxrwTIkDD1d3j-k_3PdXBmr3baAqeKPsg=w526-h296-rw
Health & Fitness,WalkPaid - Healthy Walk Earn,https://play-lh.googleusercontent.com/4X2UBtLo5Ybfx0Y8bHGCaDNvu6RK_8hzecJZ_361hvahdiky7OwRDBFH_vsUVDTTSFbHl8N6GpZptTnfv00p=w240-h480-rw,100K+,"Oct 15, 2025",4.9,7.98K reviews,https://play.google.com/store/apps/details?id=com.walkpaid.walkearn,XMMedia,"🏃‍♂️ WalkPaid – Steps Walk EarnTurn your daily steps into real rewards — effortlessly running in the background while you stay active!🌟 Key Features:💰 1. Earn cash just by walking — simple, fun, and motivating.💰 2. Every step counts! Turn your movement into real rewards.💰 3. Tracks your steps automatically, even when the app runs in the background.💸 Earn Money Walking — It’s That SimpleUse WalkPaid if you're searching for:paid to walk appsget paid to walk platformsmoney step trackerwalk and get rewardssteps for moneyapps that pay you to walkwalking money appwalk to earn coinsearn money walking challenges🎁 Why Choose WalkPaid?🔒 1. 100% free — no subscriptions or hidden fees.🔐 2. Fair and transparent reward system.🎡 3. Daily spin wheel for bonus coins.💰 4. Walk to earn real money and stay motivated.Whether you’re commuting, walking your dog, or just keeping fit, WalkPaid makes every step rewarding.It’s your fitness partner and earning companion — all in one smart app!🏆 Download WalkPaid today and get paid for every step you take!🔥","walkpaid, your, walk, earn, walking",https://play-lh.googleusercontent.com/NHMOgbBkyGPK01L5CDdtGpdcnu9voVhJ40M40rtG-kAThi14IaQmmDNyBqAjM92CnLlqNULy6oM48N5JuaOotw=w526-h296-rw,https://play-lh.googleusercontent.com/GnWl790ftoiqRvPm4OPzVYXzPKRMOVpI4aMcIJQbF9krhbsI1B-WYLNUyNn71X6bcUc0r5RJZwuVv2FoIVCxIg=w526-h296-rw,https://play-lh.googleusercontent.com/Hd6Aeqjti1QlcoA0WrXaj_xMalUNn9-Gr1JXraB-6aQc7YFpr7nzn6lWuDY1Tj0i0QWm800d_jIimGRh9qNWGyU=w526-h296-rw,https://play-lh.googleusercontent.com/eyyfyfaK1ZQOh_mkU9d6i3TFsdHNDiCnVvG3acsNjGGwQ9bHwyGiKIOYPoRyPWShqwyv7FlgfTltpF8p_0dz=w526-h296-rw
Health & Fitness,FunSteps,https://play-lh.googleusercontent.com/ImGjn-h3_RekHkLQcxObMunpcfHmopOCIJ7QRCyCvxSIu1-q8UFeUshb5Gplu4mwRoTl4llR4o_pm0IkK5J_=w240-h480-rw,50K+,"Feb 7, 2026",4.8,947 reviews,https://play.google.com/store/apps/details?id=com.alphabet.counter.funsteps,Alphabet Developers LLP,"Walk More. Live Healthier.Turn your daily steps into a healthy habit.Our app helps you track your steps and encourages you to move more every day. Whether it’s a short walk or a long stroll, every step matters.Enjoy fun mini activities that keep you motivated and make walking part of your daily routine. Stay active, build better habits, and take care of your body—one step at a time.Start walking today and feel the difference.","your, walk, daily, steps, step",https://play-lh.googleusercontent.com/rD1M45siS9u8E6j5la-pGyYAc2PBxp3bxP3vZeg4aH4A3B07WguHWB8k4ztF532_sTEI--1z4JvULhbjDoTT=w526-h296-rw,https://play-lh.googleusercontent.com/x9xi84qTAhFoNU4TQMY1ZFYczk4BRnGE_HTt5FOhZ-Wl1scdx4rwpfeCs19qi8y4AK5_qrjBeFDO8pYjh3JI0iY=w526-h296-rw,https://play-lh.googleusercontent.com/0jFa13fINBvb8iGKr-pA3Nz6rLsBrikuWDAunbH934tRip8G6P13IwvlIbefKZ74VI8sumNdz61wwnNP4MH1=w526-h296-rw,https://play-lh.googleusercontent.com/uzWbLeq0oOrtaEf7j0fEZMoYwEhxByuJy2KylIMJgez7EWBycjJkFe5YXs8fIhzND2cLxiHmdoWCPdqFKQFT=w526-h296-rw
Health & Fitness,Tai Chi for Beginners Seniors,https://play-lh.googleusercontent.com/PDJCfalSdlxTGbCYMSaCVqEqzbBi6TeOKsedbYQkHXw-EoOCkXF0lkIGIjBB2m1rsLHo8iEVC3VzhetCI2vgzt0=w240-h480-rw,100K+,"Nov 11, 2025",4.7,3.76K reviews,https://play.google.com/store/apps/details?id=net.workoutinc.tai_chi_for_beginners,7M Limited,"🌟 Welcome to Tai Chi Workout for Beginners & Seniors  Start your journey with a gentle tai chi workout designed for all ages. Whether you’re exploring tai chi for beginners, practicing tai chi, tai chi walking exercises, or looking for supportive tai chi for seniors routines, this app helps you enjoy tai and taichi movement safely at home. With guided lessons, calming flows, easy walking, and accessible programs, your tai chi workout practice becomes simple, enjoyable, and effective.🌿 Tai Chi Workout for Beginners & SeniorsThis app brings together supportive tai chi for beginners lessons, gentle tai chi for seniors routines, and flexible tai chi workout sessions. Whether you’re new to tai chi or returning to mindful movement, you’ll find easy, step‑by‑step taichi guidance designed for comfort and confidence. Practice tai at your own pace with routines that strengthen balance, mobility, and relaxation.💡 Tai Chi for Beginners Free & Easy to FollowLearn the foundations of tai chi for beginners with simple, guided videos. Our tai chi for beginners free sessions introduce essential taichi movements, tai chi walking steps, and breathing techniques. These beginner routines help you build confidence while enjoying a calming tai chi workout experience. Perfect for anyone starting tai chi for the first time.🏠 Tai Chi at Home Made SimplePractice tai chi at home anytime with flexible, low‑impact routines. Whether you prefer standing flows or seated options, the app supports your tai chi workout wherever you are. You can also explore tai chi walking routines for mindful movement indoors or outdoors.👵 Tai Chi Fit Over 50 & Senior‑Friendly ProgramsEnjoy supportive tai chi for seniors routines designed to improve mobility, balance, and flexibility. Our tai chi fit over 50 programs offer gentle taichi flows, chair exercises workouts, and accessible sequences for every comfort level. 🏆 Key Features📖 Step‑by‑step lessons: Learn tai chi for beginners with clear, guided videos.👵 Senior‑friendly design: Gentle tai chi for seniors programs with seated and standing options.🎁 Free tai chi workout sessions: Beginner routines included at no cost.🏠 Flexible tai chi at home practice: Move anytime with calming, low‑impact flows.💪 Tai chi fit over 50 routines: Age‑friendly sequences that support mobility and strength.🧘 Holistic wellness: Improve balance, flexibility, and relaxation through mindful taichi movement.🪑 Chair yoga included: Chair yoga for seniors and beginners for added variety.🔥 Multiple styles: Explore traditional taichi, modern wellness flows, and gentle taichi workout variations.📴 Offline access: Supports tai chi training app offline practice when you’re on the go.🚶 Walking options: Includes tai chi walking app routines for mindful movement.🌱 Benefits for Every Level🌟 Beginners: Build confidence with simple tai chi for beginners routines and tai chi for beginners free sessions.👵 Seniors: Gentle tai chi for seniors programs support balance, mobility, and flexibility.🏠 Home practice: Enjoy tai chi at home with safe, chair‑based options.💪 Wellness support: Strengthen your body and calm your mind through mindful tai chi workout sessions.🔄 Adaptable routines: Choose from standing, seated, or chair‑based taichi flows.🤝 Community connection: Join thousands using this tai chi app to stay active and motivated.⚠️ IMPORTANT REMINDERALWAYS CONSULT YOUR DOCTOR BEFORE BEGINNING A NEW FITNESS PROGRAM, ESPECIALLY IF YOU HAVE MEDICAL CONDITIONS.🔗 Terms & Privacy🔗 TERMS OF USE: https://www.workoutinc.net/terms-of-use🔒 PRIVACY POLICY: https://www.workoutinc.net/privacy-policy🌍 Trusted, Accessible, and Designed for YouThis tai chi beginners seniors app blends traditional taichi principles with modern, easy‑to‑follow instruction. With positive feedback and safe, accessible routines, it’s a supportive guide for lifelong mobility, balance, and relaxation.","tai, chi, beginners, routines, workout",https://play-lh.googleusercontent.com/uhGx96AbGtY_7CCJMnczWBh2BcLN-_R4AwJQqyD17rXOcexzBBzqXY09Lp1RXQtJcw-VxA6NCT2xxL7SLMT4=w526-h296-rw,https://play-lh.googleusercontent.com/LgSTeMLN07lJKW_iaCVCvEK0KrEVx_xlrUlysEPGArqMesBQUcOyokbKNzCE34OygBKo8x0UVNJR8tNbKnT3E3o=w526-h296-rw,https://play-lh.googleusercontent.com/N5sLyeKJEc5Oj4CiXgxDFbkGD9-OAIQSIrGl_Y6jiJNffLWmFsOkUREIBzd24Zxo7NOzYxD37x73bZ7J86RIBw=w526-h296-rw,https://play-lh.googleusercontent.com/TGhmhPjnFxRANLu2ggMQKNR_bYk1C9VDHracc3sIwu4ZWA9GDfCsQsAnRRCJmZzKRlSL8OmQQ9znQNE5zHDl=w526-h296-rw
Health & Fitness,Blood Pressure Tracker,https://play-lh.googleusercontent.com/xKcUCz__SLHXWx0c6bLw6VTg9_qAp9SEh3GVqx2SgBU9WNRVSM5zAWZavdUwxtwRXi-8JaD8swTs5is4MWDx=w240-h480-rw,1M+,"Oct 12, 2025",4.0,1.57K reviews,https://play.google.com/store/apps/details?id=com.revoke.health.bloodpressure,Revoke,"💖 Blood Pressure Tracker — Your All-in-One Heart Rate, Blood Pressure & Blood Sugar Companion.Safeguarding your well-being with comprehensive tracking and care.Core Features — Begin with the Heart, Manage Your Health Scientifically: Heart Rate Logging — Effortlessly record and review your heart health over time. Blood Pressure & Blood Sugar Records — Track daily fluctuations with precision. Smart Trend Analysis — Visual charts offer instant clarity on health patterns. Your Trusted Health Companion: Wellness Reminders — Stay on track with timely prompts to drink water, exercise, and rest. Weight Management & Nutrition Tips — Track body changes and receive dietary insights. Mindfulness & Relaxation — Guided meditation and breathing exercises to ease stress.Health Insights — Curated daily tips to enrich your lifestyle and knowledge.Why Choose Us?Comprehensive Records — Preserve every vital piece of health information.Intuitive Data Visualization — Instantly grasp your wellness trends.Personalized Recommendations — Tailored advice based on your unique health metrics.Effortless to Use — A clean, friendly interface suitable for all ages.💪 Download Blood Pressure Tracker TodayHarness the power of data to cultivate peace of mind and a healthier life.##Disclaimer##- The app does NOT measure blood pressure or blood sugar.- This application is intended solely for health and lifestyle management and is not designed to diagnose, treat, or prevent any disease. - All content is provided for informational purposes only and should not be considered a substitute for professional medical advice. - If you have any health-related concerns, please consult a qualified healthcare professional promptly.","blood, your, health, pressure, heart",https://play-lh.googleusercontent.com/BzuEOoYaddALd2Mn9omj_9IgsDkirbSXzWW1p8s9RGMAeqDhtArijLst9eOutY7Wvk11CmNi_6k0nxIyjozLqQo=w526-h296-rw,https://play-lh.googleusercontent.com/yL6C8q9ERJ74OS03RXCdLwP3ykEABscVMUHuLCN0uXpgczMebYklWUiGs-_woTAGJHtHlx5XoeCbtAZS0rqN=w526-h296-rw,https://play-lh.googleusercontent.com/Bf-DY5E1nAl79Glzu6BHP2LPn8XLcduuzh3qIx7BdSeQDoh1V51JgDw2vBAKodJZtM0RGr854Ypu23Te1pfXkY8=w526-h296-rw,https://play-lh.googleusercontent.com/2eQxdrU_0oCA-nkafd7EXMOdDDZrMGF0gfmlC6htJ0-gSt1RPWYqDghNszneoYNQKVIbd8N09zyqlhvYX5h6KM0=w526-h296-rw
Health & Fitness,Symmetry: AI Gym Workout Log,https://play-lh.googleusercontent.com/1AsDpCgy6_2OFK7XZdz3Tyl3g1QBU4XAsncdI6eGTSEJkY4hcnnaK3TeJHFblV0LX3mM=w240-h480-rw,500K+,"Jun 4, 2025",4.8,167K reviews,https://play.google.com/store/apps/details?id=club.symmetry.application,Symmetry Dev,"Get an aesthetic body with the world’s #1 gym app! Free and ad-free.Designed by gym experts, Symmetry replaces a personal trainer by creating 100% personalized workout plans powered by AI.It’s simple: Go to the gym, use Symmetry, and build more muscle than ever.This is what you get when you download Symmetry now:- AI Body Scan. Symmetry’s artificial intelligence analyzes your body from a photo. Discover your genetics and instantly identify your strongest and weakest muscle groups.- 100% Personalized Workout Plans. Using your body scan data, Symmetry’s AI creates the perfect training program for you. Whether you go to the gym, do calisthenics, or train at home, Symmetry adapts to you. A personal trainer in your pocket.- Rank System for 300+ Exercises. Turn the gym into a real game. Level up every exercise and make training the most addictive video game of your life.- Smart Workout Tracking. Log your workouts with a clean, intuitive, distraction-free interface. Using Symmetry at the gym is effortless and helps you progress faster than ever.- Automatic Progressive Overload. Forget guessing weights. Symmetry calculates the optimal load based on science to maximize muscle growth in every workout.- Professional Exercise Technique. Learn perfect form for every exercise with detailed explanations. Train like a pro, avoid injuries, and build more muscle.- Progress Tracking. Track your progress with photos, stats, and personalized charts.- Progress Visualization. See your evolution with detailed graphs and body maps of your exercise ranks. Instantly spot strengths and weak points.- Advanced Metrics. If you are a fitness professional—or want to become one—you’ll have all the data needed to monitor every detail of your training.- Share your progress with friends. Connect with other athletes through Symmetry’s social network, share your workouts, achievements, and body transformations, and stay motivated by competing and growing together.The app is built entirely on the latest scientific evidence in strength training and muscle growth.Download Symmetry now and build an aesthetic body.What users are saying:“The #1 gym app. There’s nothing better.” – Miguel Ortiz“I never had motivation to go to the gym. Thanks to Symmetry’s ranking system, reaching my goals is now as addictive as a video game.” – Carlos Tejero“After more than 7 years of bodybuilding, I finally found an app that adapts to my needs. Better than any personal trainer I’ve ever had.” – Mauro Botanes“I feel much better about myself and I’m definitely much stronger.” – Rodrigo DezaDon’t wait. Download Symmetry now!Terms of Use: https://www.symmetry.club/app/terminos-y-condicionesPrivacy Policy: https://www.symmetry.club/politica-de-privacidad-web","your, gym, symmetry, body, muscle",https://play-lh.googleusercontent.com/t5uvac8t9NevbNV57CMWjMLW_wfRYZgTclWzHoYQ3Z-zGXAHuCyUoSO-mLWPTloFr9SU5p1v7ulqwq5FCrUI=w526-h296-rw,https://play-lh.googleusercontent.com/Na-vKKsb2ALh7pP4TWIY1cpbLz1V32ykL-Z08KkQxy1ULDnHw2CvLJWct-5ko-Qret4JsXpsRbjEBwYNiJym=w526-h296-rw,https://play-lh.googleusercontent.com/Y4xNvK0gYKmQqJwHqXpnmzi5ifZZBeEecmEB74pAetlGkOpHBqSo7i80u25bqi0I01ExoM2EDLy8qP1T4RHq=w526-h296-rw,https://play-lh.googleusercontent.com/oBMjJ4p9OiFGbAckWNTObh0Guh4joG0ohWDW0RVNbDyHuWdISLUTFwAASiN40_2YEhP5YiJC-ZO8SZM4gS-bqCU=w526-h296-rw
Health & Fitness,AI Calorie Counter - Appediet,https://play-lh.googleusercontent.com/ONZMjbf458-8OY_oQ_8LEy0UsWRxV3WazznHh6A_pEkkqGjlOVbRxpTWfoC0Mz89qw=w240-h480-rw,500K+,"Apr 28, 2025",4.8,45.5K reviews,https://play.google.com/store/apps/details?id=com.appediet.appediet,Appediet Information PTE. LTD,"If you are looking for a calorie counter with a barcode scanner, food scanner, and macros tracker, Appediet is your answer. Sleek, smart, and simple, it's a personal assistant for weight loss, diet, and nutrition.• Appediet is simple, straightforward, and packed with generous features• Snap a food photo and get calories & nutritional breakdown• Fast food entry with a barcode scannerMore Features of Appediet- Unleash the Power of Camera -Say goodbye to tedious manual input! With Appediet's state-of-the-art AI food scanner, simply snap a photo or scan the barcode of your meal, and watch as the app automatically recognizes the food, analyzes its composition, and calculates the precise calorie count. - Elevate Your Nutritional Knowledge -Take a dive into a vast food database and explore detailed nutrition information at your fingertips. Discover the caloric content, macronutrient breakdown, and essential vitamins and minerals of every meal you consume. Armed with this knowledge, you'll make informed choices and achieve your weight loss and wellness goals with confidence.- Exclusive Health Assistant -Appediet equips you with a personal AI health assistant with massive knowledge database, answering health-related questions and querying the daily intake of nutrients in seconds.- Embark on a Life-Changing Journey -Download Appediet now and embark on a transformative adventure towards a healthier, happier you. Revolutionize the way you approach nutrition, fitness, and weight management with our powerful features and user-friendly interface. Appediet requires access to your camera and album to provide you with a seamless user experience. Granting these permissions ensures that you can fully utilize the app's capabilities.For Terms of Use, please visithttps://static-cdn-f.appediet.com/policy/appediet/service_en-us.htmlFor Privacy Policy, please visithttps://static-cdn-f.appediet.com/policy/appediet/privacy_en-us.htmlWe'd love to hear your feedback: contact@appediet.netOfficial website: https://www.appediet.comFollow us on INS: @appediet_official","your, food, appediet, barcode, scanner",https://play-lh.googleusercontent.com/HfTNByNuTaUZW0VTSFMDpdnsSTJsElZjGQDkuqztf1AztHTQf-ZwXDLw2C5pNqwVG35CJbeShEUiuvw0NPhF86Q=w526-h296-rw,https://play-lh.googleusercontent.com/f7c-xjTy9bJaQrk8at636y-bV4ykBl9XGB1aAJ5dVvAhM3NiShw8igjqImM_1tWTe7yACgoplPjkTN8RRm6i6Q=w526-h296-rw,https://play-lh.googleusercontent.com/cpUgBl6bhWF8VAe9rj_pID8l4gb160x6ioCa-q0_FSWCgid3oOoRhtz-HUZ2yX0pgRtnPuN09QG2Ci0LKihE=w526-h296-rw,https://play-lh.googleusercontent.com/TUu7wGZFaKU30reFTLvSEeyG4auQAgIgW2D9YapGsJ3vtrGTdC09iRMAKWCYS7uDp55X2Eh9Ws7mtAsdPWTA=w526-h296-rw
Health & Fitness,Calz: Calorie Counter AI,https://play-lh.googleusercontent.com/zNzsot1LrcfmzAaodgDWjmUWOa8mMA2yTDkuRtjcZXjewUED15aQCq89UVflivxlaMg=w240-h480-rw,1M+,"May 7, 2025",4.5,120K reviews,https://play.google.com/store/apps/details?id=com.wachanga.calories,Wachanga,"Take control of your nutrition with Calz – the smart, AI-powered calorie, macro tracker and meal planning app. Whether you're aiming to lose weight, gain muscle, or maintain a balanced diet, Calz helps you stay on track by counting calories, protein, carbs, and fat — all in one easy-to-use app. Scan your meals, plan your diet, and stay motivated with tools that support your personal health goals.📸 How to Use the Calz – AI Calorie Counter:Use tUse your phone's camera to scan any meal or ingredient. The AI-powered food scanner quickly identifies the dish and calculates its calories and macros. No camera? No problem — log food manually using the extensive database and keep your daily food journal up to date.⚙️ Features & Tools:• AI food scanner and calorie counter• Macro tracker for protein, carbs, and fats• Smart meal planner for weight loss or muscle gain• Daily food diary and nutrition log• Weight loss tracker with progress charts• BMI calculator and personalized targets• Weekly calorie overview and visual progress tracking⭐ Additional Features to Support Your Goals• Intermittent fasting tracker with built-in timer and customizable fasting protocols• Water tracker to help you stay hydrated• Calorie deficit calculator to track your burned calories• Wellness hub with motivational articles written by certified dietitians• Step counter and activity tracker to keep you moving🎯 Why Choose the Calz – AI Nutrition tracker:Track calories, plan meals, and keep a food journal. From beginners to fitness pros, Calz makes it simple to manage your diet. Whether you're tracking macros, logging calories, or experimenting with fasting, the app adapts to your routine. Stay consistent, and make healthier choices every day.📘 The Calz is ideal for:• Users looking for a complete meal planner• Anyone following a calorie or macro-based diet• Those managing weight loss or muscle gain goals• Fitness enthusiasts tracking nutrition and workouts• People wanting a reliable food diary and nutrition assistantStay focused and reach your health goals with Calz — your all-in-one food intake tracker, calorie counter, and wellness coach.","your, food, calz, calorie, tracker",https://play-lh.googleusercontent.com/WYk0ntGwdjw99OtI7lXiLylDRRPGh_6YLdo7PsxAP7O4pI699YqxxkTbhDFDJmQh9aI=w526-h296-rw,https://play-lh.googleusercontent.com/edbt-bmNRsdIQarVM6GQlmguVDgD53DCCbrN2Q0sl8RUVqkS4BwGQeUV5jV6g4egCm_e=w526-h296-rw,https://play-lh.googleusercontent.com/r-MZIyvH2mwH4-IyFRFvyDWqyAsLVj2cE3BX1sQUes6UGFVrbZKKhOeN0cUDs_78Jw=w526-h296-rw,https://play-lh.googleusercontent.com/VrTJw0YGtZFt_PQMCqccB7hx_Q4GAUtttDPRqTvNuC6nw-AoOBx8otyXCGZ38MfTDgv2=w526-h296-rw
Lifestyle,EarnStar: Play for Rewards,https://play-lh.googleusercontent.com/Kxr9SfUE47cU_3g45hWuK5C-oUnw2gUvqtm4_J4zAbaAtAuzitdDYheAN-qWl0t1n2g=w240-h480-rw,1M+,"Apr 11, 2025",4.4,63.6K reviews,https://play.google.com/store/apps/details?id=com.earnstar.games.earn.money,Earn Star AB,"🎮 EarnStar: Play for RewardsWith EarnStar, you can play games, explore new game experiences, complete surveys, try offers, collect points, and unlock rewards all in one place. The app is designed for players who enjoy interactive activities and discovering new games while collecting rewards along the way.Join EarnStar today, start playing games you enjoy, explore new challenges, and unlock rewards as you play.🎮  Play Games & Unlock RewardsExplore a wide range of mobile games across action, puzzle, strategy, and casual categories. Play games, complete challenges, and unlock rewards as you progress through new levels and activities.The more you play, the more games, challenges, and reward opportunities become available. EarnStar connects gameplay with exciting reward experiences, making every gaming session more engaging.⭐ If you love mobile games, EarnStar lets you play games and receive rewards while enjoying your favorite game genres. ⭐🕹️ Gaming is more than entertainment. With EarnStar, play games, discover new game experiences, and receive rewards as you progress.🚀 EarnStar turns everyday gameplay into rewarding game experiences.📋 Take Surveys & Unlock More RewardsAnswer surveys tailored to your profile and share your opinions on topics that match your interests. Surveys are easy to access directly from your mobile device and can be completed anytime within the app.By participating in surveys, you will unlock even more reward opportunities alongside playing games, giving you more ways to stay active and collect rewards in EarnStar.🏆 How EarnStar WorksGetting started with EarnStar is simple:- Play games- Take surveys and share your opinions- Collect points - Receive rewards based on participation- The more you play games and complete activities, the more reward opportunities become available.🎁 Flexible Reward OpportunitiesReceive rewards by playing games, answering surveys, and completing activities inside the app. Stay active, explore new games, and collect points as you progress through different experiences in EarnStar.Available reward options may vary depending on your participation within the app.⭐ Why Choose EarnStar- Play games and unlock rewards as you progress.- Discover a wide selection of action, puzzle, strategy, and casual games.- Take surveys to unlock even more reward opportunities.- Complete in-app activities and offers to collect points and rewards.- Explore new games and stay active while unlocking rewards.Fans of apps like Playtime, Mistplay, KashKick, JustPlay, or Surveys on the Go may enjoy the gameplay and reward experience inside EarnStar.📈 Play games, take surveys, and claim rewards at your own pace.👉 Download EarnStar and start playing for rewards.","games, earnstar, rewards, play, surveys",https://play-lh.googleusercontent.com/A15zGN78DdWpFCp35esk49yRX4Pz3cq6wzy9jwPPjYmXJL8nHb26ZZZs-Djt0MikCVu1xM3qr7OvZofa9cpYZYU=w526-h296-rw,https://play-lh.googleusercontent.com/CjXUZhNLgM1tBfMTR7XbvZJgWF8bSPpiUVx71M-dxrvXyKmBRiO-JDUsZXfFDvtCTDDNKnv8Mfl2Csff1jLKa7o=w526-h296-rw,https://play-lh.googleusercontent.com/phPHUiQ5lhfdfHqEL3DCDvVFaQYxXl-2GkhVRLh7u8EV4JsTwG1W3t8HgCE9-nO1SnsL5l0JOLlmXXPw3teN6g=w526-h296-rw,https://play-lh.googleusercontent.com/kfdlJxouQpdyU7ytdXQPC1HqhDOOW_M9UmAJ-ek468dlIKP1fo7am150n7M2WxEiQpxncROKrda3y86NkPs36Q=w526-h296-rw
Lifestyle,Deepsearch AI Search Assistant,https://play-lh.googleusercontent.com/dC8iTIdcAdWBGVHwukyXEpaipUbJTGL4MrxiNlbJxqpoa0epXfYQD1a3CoYTT_lAXQ=w240-h480-rw,5M+,"Apr 16, 2025",4.3,373K reviews,https://play.google.com/store/apps/details?id=hubx.whois.ai.search,TapSuite,"🔍 Find Anyone Online with Ease – The Ultimate AI Powered People Search & Social Media Lookup App!Ever wondered where to find social profiles of someone you just met? Looking to reconnect with an old friend or check out a new acquaintance's social media presence? Our powerful DeepSearch AI Search Assistant app helps you discover publicly available information about individuals effortlessly – all in one place!With just a name, our AI Search Assistant scans multiple platforms, letting you find people online quickly and conveniently. No more endless searching across multiple websites—our social media profile discovery tool consolidates everything in a single, easy-to-use interface.🌎 Why Choose Our People Search & Social Media Lookup App?- Find Social Profiles Easily – Search by name, or username to locate social media accounts across various platforms.- Comprehensive Background Search – Access publicly available records, images, videos, and other relevant information about people.- Find Friends Online – Reconnect with lost contacts, old classmates, or former colleagues in just a few taps.- Social Media Discovery – Get insights into someone’s online presence, including publicly available professional and personal information.- Stay Informed – Instantly see what’s trending and discover who’s being searched the most.- Quick & Simple Searches – Our intuitive interface makes finding people online fast, efficient, and hassle-free.🔥 Powerful Features at Your Fingertips!- Advanced Social Media Finder: Locate someone’s social accounts, including any social media accounts.- Cross-Platform Search – Save time by searching multiple sources at once instead of manually browsing different websites.- Publicly Available Background Info – See professional details, online mentions, and other insights about individuals.- Find PPL Online in Just Seconds – Enter a name or username, and we’ll handle the rest.- Search History & Popular Searches – Keep track of your previous searches and explore the most searched individuals.- Privacy & Transparency – We only provide publicly accessible information, ensuring ethical and responsible use.🕵️‍♂️ Who Can Benefit from This App?- Networking Enthusiasts: Whether you're at a business event or meeting someone new, find their online profiles instantly.- Recruiters & Employers: Look up professional backgrounds to make informed hiring decisions.- Journalists & Researchers: Gather publicly available data for articles, reports, and investigations.- Curious Individuals: Learn more about friends, colleagues, or even public figures without the hassle of searching manually.- Online Daters: Verify someone’s online and publicly available presence before taking the next step.No more guesswork or endless web searches! Whether you're trying to find social profiles, reconnect with a friend, or conduct a background search, our app delivers fast and accurate results using publicly available data.","social, online, search, find, media",https://play-lh.googleusercontent.com/0kiF9Ly9e6glcCQkR4OuBGLay2C5CKN4AaaTcbw6gSf0SHZqmwwda7SZeLl-OTic-m0=w526-h296-rw,https://play-lh.googleusercontent.com/fI_euzQhnjn5RlW4Cbr9kaqWg4-beMr_owcgWCba6GOfhlZOgK0Tt7Bi2i-CAm3x7g=w526-h296-rw,https://play-lh.googleusercontent.com/lnqKhiuapZf2gndgBvwrKs4oeCirq_ZdlbS6DdeLfw0fiOcRIAqC4-alnSkLg7aaYuA8=w526-h296-rw,https://play-lh.googleusercontent.com/_DcmLjITtpRqQpQqtL5H-iLLvg_rzzIYZf-40zNfRV25sMiV41nnzlGCZry4KCReDw=w526-h296-rw
Lifestyle,YarnPal - Crochet for Beginner,https://play-lh.googleusercontent.com/-4MuBBNJ5PBpvCcnHtizCJa2YMGn8y_vEF19fCGBB2EbDuc8AIkUCHW3JHZ2ijQWPvd5xwdT2UKSoW8NjtfVS-s=w240-h480-rw,1M+,"Aug 28, 2025",4.6,112K reviews,https://play.google.com/store/apps/details?id=com.yarnpal.ai,PIXELCELL PTE. LIMITED,"YarnPal helps you learn crochet and knitting with ease, even if you’ve never held a hook before. Learn new stitches, explore hundreds of patterns, track your progress, and design your own projects all in one place. With tons of beginner-friendly patterns and step-by-step video guides, YarnPal supports your crafting journey from the very first stitch. It’s an all-in-one crochet tutor and pattern maker designed to help you create with confidence.Main Features:Learn Step-by-StepGo from ""how-to"" to ""I-made-this."" Our five signature beginner courses guide you through basic stitches and into real-world projects. With a clear, natural progression, you’ll build the skills and confidence to create anything you imagine.Full Video TutorialsMaster basics with video guides. Unlike fragmented social media clips, YarnPal offers complete project videos. • End-to-End Guidance: We show you every single stitch from start to finish.• Multi-Angle Views: See the placement clearly so you never have to guess where the hook goes.A Library That Grows With YouDiscover 10-min quick patterns for beginners alongside advanced challenges. Our library is organized by category and skill level.• 500+ Patterns: From cozy everyday essentials to seasonal showstoppers, find your next project here. Choose from 500+ expert-curated ideas, including amigurumi, home decor, wearables, and gifts.• Fresh Weekly Updates: We add new patterns every week, ensuring you always have a new project to look forward to.Easy Project Progress TrackingKeep every project perfectly on track. YarnPal’s built-in row counter automatically tracks rows, rounds, stitches, and repeats as you work. Pause anytime and return right where you left off, with your progress saved clearly and accurately. so you can focus on the joy of making, not the math of counting rows.Identify Stitches From a PhotoSee a pattern you love in real life or online. Snap a photo to identify it instantly and turn real-world inspiration into your next project.Design Your Own PatternsUse Pattern Canvas to create and customize your own designs. Experiment freely and turn your ideas into truly unique patterns.PDF & Web Pattern ConverterConvert PDF files or web patterns into clean, easy to follow formats. Keep all your patterns organized, track progress, and follow instructions without switching between apps or screens.Why You’ll Love YarnPal:• 10-Min Starter Projects: Short and simple mini-patterns, perfect for learning on busy days.• Learn Something New: 500+ video tutorials covering crochet and knitting basics.• Seasonal Collections: Find the perfect patterns for every holiday and occasion.• All-in-One Tool: From identification to creation, everything you need is in one place.Download YarnPal and enjoy a smoother, more creative way to crochet and knit. From learning your first stitch to designing your own patterns, everything you need is right here. Terms of Use: https://app-service.knit-ai.com/static/user_agreement.htmlPrivacy Policy: https://app-service.knit-ai.com/static/privacy_policy.html","your, patterns, yarnpal, project, crochet",https://play-lh.googleusercontent.com/DI25co8sWMg-8Qi7pwWNtInC7YazAHFZ_0267fk3igxikXHFnbpjJ5OzMT-35jqQ4ecf1pzBXZbZ8Ep1yLvtgQ=w526-h296-rw,https://play-lh.googleusercontent.com/B8bfzWUdTaUS31vv5A9HQO2ohA1yG1NF1c9mA9N9wi502Qe3JKPDqeeNjsS3wSgGGx2HAPERkcnLvoOITN0oBA=w526-h296-rw,https://play-lh.googleusercontent.com/YLHkyyIkg4ynLq4a-MVo2qbOqTZZRTQpRcT-L2o_9YbzZblpRraMiDskpjaeTAa0YR8RFAoIjcFaMqLRd9p2=w526-h296-rw,https://play-lh.googleusercontent.com/urLtznRJbxTdsUxOaUlxiaoQkTg9RyAIsF21TYbSromvH-ksgzUV-5pcnmJ1E6c2AW-Cih2Yuwy0sQeNA9TxubU=w526-h296-rw
Lifestyle,VYBS: Play & Earn Rewards,https://play-lh.googleusercontent.com/xR5d-PcoKz73zT90VP2SiPPsFSCRJFHKZ-NXqABdXZEtdYcd5U2ImPcX2oBMnVnqG7U71KJAVhCXOVh97Xb7yQ=w240-h480-rw,500K+,"Jul 13, 2025",4.8,72.8K reviews,https://play.google.com/store/apps/details?id=co.vybs.app,VYBS ENTERTAINMENT,"Turn your playtime into PAYTIME - Earn Rewards by doing what you love -  Playing Games!Get Paid to Play Games - Discover the ultimate reward platform built for mobile gamers - VYBS. For all gamers out there, get rewarded and earn money playing games. Imagine playing games for real money. With VYBS, it's possible. We reward you for doing what you love. 🔥 VYBS - Play Games and Earn Rewards, a platform works:1️⃣ Explore a curated collection of fantastic mobile games across various categories like Casual, Puzzle, Strategy, and more. 2️⃣ Play: Directly dive into your favorite games through VYBS and don't play just for fun, play to earn rewards. 3️⃣ Earn: The more you play, the more VYBS Points you earn. Simple! 4️⃣ Redeem: Exchange your Vybs Points for an epic variety of gift cards. Love gaming? Now, you can get paid to play games! Start using Vybs now, play to earn gift cards, and make money online! Get rewards for playing games and start earning money! 🎁 Claim Exclusive Rewards You'll Love: 🎁Play to Earn Gift Cards to popular stores and services like PayPal, DoorDash, Sephora, Walmart, and much more! Stop gaming for nothing, play games for gift cards, and get paid while doing something fun! We turn your mobile gaming into a win-win! ⚡Stop gaming for nothing, earn money playing games, and never look back!⚡Whether you're looking to get paid real money to play games or play games for gift cards, Vybs has you covered! Pick your favorite game, start playing through the app, and be rewarded for your playtime. Yes, it's possible to play games for money and gift cards!  What Makes Vybs - Play Games for Money App Unique:✅ Huge collection of games: We partner with top game developers to bring you a wide range of awesome games across every genre—from puzzles to strategy and everything in between.✅ Simple and gamer-friendly: The app is easy to navigate, and designed to make your gaming experience smooth and fun.✅ Valuable rewards: Get paid to play games; we offer rewards you'll actually want.   Play Games, Earn Rewards - Simple! 🎮 Vybs - Play Games to Earn Gift Cards App isn't just about rewards; it's about empowering you as a gamer and leveling up your mobile gaming experience. We help you discover new games, track your progress, and connect with a community of like-minded players. Discover amazing rewards and valuable gift cards - Make money playing games! 🚀 Get paid to play games - Start Using Vybs Today! 🚀Make money playing games with Vybs, discover the ultimate platform, and join the gaming revolution! Join our growing gaming community, and do what you love - earn money playing games. For complete T&C & Privacy Policy, please visit our website: https://www.vybs.co For support: Support@vybs.co*The merchants do not endorse and are not affiliated with the Vybs loyalty program. All brand names, logos, and trademarks are the property of their respective owners. Any games displayed are for illustrative purposes only and may not be available to all users or in all regions.","games, play, vybs, earn, money",https://play-lh.googleusercontent.com/x74tSa5tgj3eGplX7E-E6h42gM92ouMpk6FoL1FDQ6T0J6mQ9vZHvq9gDBD7c9QlnWcmuBsSVJF45tHfMvZOjw=w526-h296-rw,https://play-lh.googleusercontent.com/IzxD6ehyjVLgbrqyzou9_ooc_M-fCw5iC5ffZYELOm0U1bcQwUjBRW4ciHC78B19ou3D42ZvblqFGPj8YiPNhA=w526-h296-rw,https://play-lh.googleusercontent.com/LJ-s6I5usmcvs_20HSeZwUkiKco-tA-C9s8L-8tq9SXXiSUUFMbdNBdvhS0dO-Ef2NqSxJNvHtq94WCRd2BalMY=w526-h296-rw,https://play-lh.googleusercontent.com/ooaZwfw5mPO9YIx8jaG1o6sw-VWeCcCklgz541kN_96322xixxSgrJHfsRQmedLwcw=w526-h296-rw
Medical,Lilly Health™,https://play-lh.googleusercontent.com/YCu5LWU2U2t478vwox6GMP0I7_hX_slB12Uuw-z0l3UVINkCW8F10P7rYyGcoS6TQvs=w240-h480-rw,100K+,"Apr 30, 2025",3.7,135 reviews,https://play.google.com/store/apps/details?id=com.lilly.android.lillyhealth,Eli Lilly and Company,"Lilly Health™: Your journey, your wayWhether you’re on Zepbound® (tirzepatide) or Mounjaro® (tirzepatide), Lilly Health™ offers personalized information, education, and insights to help you feel supported throughout your treatment journey, at no cost.Please see Indication and Safety Summary with Warnings for Mounjaro at mounjaro.lilly.com/riskPlease see Indications and Safety Summary with Warnings for Zepbound at zepbound.lilly.com/riskWhen you download and use the Lilly Health™ mobile app, features will be customized based on your treatment and condition and may include:LOGBOOK:Track medicines, activity, and more—all in one place. PERSONALIZED SUPPORT:Lilly Health™ offers personalized information, education and insights to help you feel supported on your treatment journey—plus timely notifications to help keep your momentum going.CUSTOMIZE ALERTS: Set up dosing reminders to help stay on track with your medicine.VISUALIZE TRENDS:Review patterns, trends, and progress using charts and custom time ranges to share with your Health Care Provider. MEDICINE SUPPORT: Access savings information, keep track of your dose, and make updates if you and your doctor decide to make any changes.CONNECT DEVICES:You can choose to sync data like activity, sleep, etc. from smart devices and apps for your convenience.LEARN & EXPLORE:Discover helpful articles, healthy recipes, and guided movement videos in our content library.Note: This app is intended for the exclusive use of U.S. residents 18 years of age and older.  Lilly Health™ is not intended to provide treatment decisions or replace the care and advice of a licensed Health Care Provider (HCP).  All medical analysis and treatment plans should be performed by a licensed HCP.Still have questions?Call 1-800-LillyRx (1-800-545-5979) for additional support (available Monday to Friday 9 am - 5 pm EST).​​​Zepbound® and Mounjaro®​ are registered trademarks and Lilly Health™ is a trademark owned or licensed by Eli Lilly and Company, its subsidiaries, or affiliates.","your, health, lilly, treatment, help",https://play-lh.googleusercontent.com/685lKkeZRtBczyB2RSIkHBP0pq1vQKxKKv5u-nJxuiuAY1-qrdiopCB-XmU3ZmxqFCpuA97g2RJo_DYwuW8vN6Q=w526-h296-rw,https://play-lh.googleusercontent.com/EX0y8hy9jw1o5ATBp-WMhO-PvX9v5dRkned516i7Z_LtxTfsPF0VrlDATKItSOvlt1qgJiB0t-rieVAK1NYVhQ=w526-h296-rw,https://play-lh.googleusercontent.com/8IXeKJfl_OH2IV-5CO_Y0_GglgWdZt4UKnp_MXvoz5vEFjHCsLQhSqNCTzJ85MfF-7sikDu5XrLtuE9lOP7w7eg=w526-h296-rw,https://play-lh.googleusercontent.com/rJjOa_ezcYnM7ILfs8uAoDnAoUQpa9x0Z7LrdNV7egOnGoLb9s335v-F5RnHCSrjqi7zotzaWmVav70gMLjqluw=w526-h296-rw
Medical,OctaApp - Donate Plasma,https://play-lh.googleusercontent.com/nUEo9jdHHHvtjrYnLnlGH0m-FRDGvO2omcm2Mld_eMORTY7v1-ILwqK6_QmZVPHeSkc2BZxvmuTOqNWEWKpfPw=w240-h480-rw,100K+,"Oct 23, 2025",4.2,986 reviews,https://play.google.com/store/apps/details?id=com.octapharma.OctaAppV2,Octapharma Plasma Inc.,"When you download OctaApp, it makes donating plasma, saving lives, and earning money faster and easier! Octapharma Plasma collects, tests, and supplies plasma used in making life-saving medicines for patients in your community and around the world.Features:Location· Find plasma donation centers near youNext Donation· View your next eligible date to donate plasmaOctaPass· Complete the health questionnaire via the app and skip the kiosk!Loyalty Program· Check your plasma donation status levels and redeem points earned!Refer-a-friend· Quickly and easily refer your friends and family for added bonusesEarnings· Learn how much you will earn with each plasma donationCard Balance· Check your plasma card balance and payment historyUpdates & Promotions· Learn about company updates and upcoming promotionsWith more than 150 plasma donation centers and 3,500 employees across the U.S., our donors are our most valued customers. Your donations make saving and improving lives possible every day!Family-owned since being established in 1983, Octapharma has imagined a healthier, better world, believing that together we can invest to make a difference in people’s lives. As a global healthcare company with products available in 118 countries, it has maintained this commitment reaching hundreds of thousands of patients every year. Focused on 3 therapeutic areas - hematology, immunotherapy and critical care - Octapharma produces medicines based on human proteins sourced from our own plasma donation centers. Octapharma continues its mission to help even more people in need through the strength and resilience of its employees, and the dedication and commitment of its exceptional donors.To learn more about Octapharma Plasma and the benefits of donating, visit www.octapharmaplasma.com.","plasma, your, octapharma, donation, lives",https://play-lh.googleusercontent.com/mpkFhmZMQESAFt4aEaYanxbv_U6zyJozR9dhHcmq305UXNfOJ0iyHiSW_t-0JLuSRBF7gjCozqHs2q4eljmCiw=w526-h296-rw,https://play-lh.googleusercontent.com/xEgghs7HG7MKs3BFEKUB5HVYBgigT6TS8DslDgg7hQTsj8sFn8WJw_yOG00rvhar7VeBR8ciJTJdTFPuvGhM=w526-h296-rw,https://play-lh.googleusercontent.com/9gborj8W3PIWg5v1gDRLV3tc_xundlsjsDLI6KahGurLo4kTvNAUEB3yDapI_CpGa_uBJg3-s5v9ph-sQgcv=w526-h296-rw,https://play-lh.googleusercontent.com/_F9CfRegfzLFF7L-BOzNsgX0AZG2wwHJMyxw1AB05vyzwhssttJvt9RqJXL5Cb9G5SiRw7hL0-DzGyfbydYdIQ=w526-h296-rw
Medical,Libre by Abbott,https://play-lh.googleusercontent.com/9e4WRxYCmrr0dv7ubMTC7_as-ZS9lgMjroTB3K6jfU0W9QdOUzt0WioIuEWfsdSNHJs=w240-h480-rw,100K+,"Apr 7, 2025",4.3,17.7K reviews,https://play.google.com/store/apps/details?id=com.abbott.adc.freestyle.libre.us,Abbott Diabetes Care Inc.,"Libre app[±] is a continuous glucose-monitoring (CGM) app that helps people living with diabetes track their glucose.Compatible with FreeStyle Libre 2 and 3 system sensors.Why Libre app:•	Readings automatically update on your phone[±] every minute.•	Insights, a tap away. Designed to easily find readings, trends, and settings. COMPATIBILITYCompatibility may vary between operating systems. Learn more about compatible phones and devices at https://www.freestyle.abbott/us-en/support.html.APP INFORMATIONLibre app[±] is intended for measuring glucose levels in people with diabetes age 4+ when used with FreeStyle Libre 2 and FreeStyle Libre 3 sensors, and for people with diabetes age 2+ when used with FreeStyle Libre 2 Plus and FreeStyle Libre 3 Plus sensors. For more information, refer to the user’s manual, accessible in the app.Consult a healthcare professional to confirm if this product is right for you or if you have questions about how to use this product to make treatment decisions. ±. For information about device compatibility, see https://www.freestyle.abbott/us-en/support.htmlǂ. Libre Assist is a feature within Libre app that uses generative artificial intelligence to provide information on how foods could impact your glucose levels. Generative artificial intelligence may not always be accurate, and it should not be used to make treatment decisions.*. Notifications will only be received when alarms settings are enabled and turned on and sensor is within 20 feet (FreeStyle Libre 2 system) 33 feet (FreeStyle Libre 3 system) unobstructed of the reading device.π. The user’s device must have internet connectivity for glucose data to automatically upload to LibreView and to transfer to connected LibreLinkUp app users.µ. LibreView data management software is intended for use by both patients and healthcare professionals to assist people with diabetes and their healthcare professionals in the review, analysis, and evaluation of historical glucose meter data to support effective diabetes management. LibreView software is not intended to provide treatment decisions or to be used as a substitute for professional healthcare advice.Δ. LibreLinkUp app is only compatible with certain mobile devices and operating systems. Check the Support section of www.librelinkup.com for more information about device compatibility before using the app. Use of the LibreLinkUp app requires registration with LibreView. Product for prescription only, for Important Safety Information please visit FreeStyleLibre.usThe sensor housing, FreeStyle, Libre, and related brand marks are marks of Abbott. Other trademarks are the property of their respective owners.For additional legal notices, terms of use, product labeling, and interactive tutorial, go to: http://www.FreeStyleLibre.com.If you’re experiencing any issues, contact Customer Service directly.","libre, app, freestyle, diabetes, information",https://play-lh.googleusercontent.com/aGgJ6iDCPr8nplYwcfWpl48w9XQtfrahotkfAuwY20SI81d7ejkRGMtuH_egnx_O94jRt5VMDycrtCJ9wMc5=w526-h296-rw,https://play-lh.googleusercontent.com/-YRmeEEtyuE4xcgiloposbruyPJb-iiF_3oPUbfP36YeeqCo_PHYNJIX13A3465Y12h97NnGU6VULoqVCzn9=w526-h296-rw,https://play-lh.googleusercontent.com/Qy5y2JFd7U_k8iO9cEAETo_LPa49CgfokrbhIPdXoA0uNQQb4uZXritUd4vzfzhQmM9p4gfExB9IiZtBA3Lj=w526-h296-rw,https://play-lh.googleusercontent.com/rn3AZMyDDQYhUNbvlETr_0IHJ6MbRXaol9XDW6zEkD1G8pir6WuGqM-w0BZ4Q2tgDZhcMz8jgbxUz9n2R78uTgc=w526-h296-rw
Music,WaveFlow – Offline Music,https://play-lh.googleusercontent.com/kc1Zko3IUxhzVBfEBU7w79gqr-jKIfDOgVX3A1ePvCZFpNkvKI8sUUXZalgKsn-ifpuX=w240-h480-rw,5M+,"Apr 25, 2025",4.0,4.88K reviews,https://play.google.com/store/apps/details?id=com.wavemusicplayer.app,SmarTtDev,"WaveFlow - Offline Music is the ideal app for music lovers. With its sleek, user-friendly interface and high-quality sound, you can easily import your favorite tracks, organize your music library, and enjoy uninterrupted playback—whether you’re online or offline.Key Features:● Offline Listening: Enjoy your music anytime, anywhere, without the need for an internet connection.● Stunning Design: A clean and intuitive interface that enhances your music experience.● Advanced Equalizer: A powerful equalizer that lets you customize sound settings to your preference.● Seamless Multi-App Playback: Keep your music playing smoothly even when you switch between apps.● Broad Format Support: Supports a wide range of audio formats including .Mp3, .Flac, .Wav, .Caf, .Aac, and more.● Organized Music Collection: Effortlessly manage and explore your tracks by artist, album, or playlist.● Convenient Lock Screen Controls: Control playback without unlocking your device.WaveFlow - Offline Music is more than just a music player; it’s your ultimate companion for an immersive and personalized music experience. Download it today and enjoy the joy of music!Required Permissions:FOREGROUND_SERVICE_MEDIA_PLAYBACKThis allows quick access from the notification bar to control playback, switch tracks, and easily enter the app","music, your, offline, tracks, enjoy",https://play-lh.googleusercontent.com/uCKE78KgTKmqZ0dghYMx_aWQFjUNt87vTGjoZXhTEAHfXoeTPoLQfzcKAFjK5wnx4S8=w526-h296-rw,https://play-lh.googleusercontent.com/6bkFD6jeLrmz2ksN5-JWUqG315WIlmnz302use8umhVSyUF_kVmA2tv-RsZP9iUQCOtc=w526-h296-rw,https://play-lh.googleusercontent.com/f1Zkm4qWOrPnDhX02e16ZAmyX_rplstAXPgH79hJBuXUzTQxHOlefGwa78AFIVPNuXg=w526-h296-rw,N/A
Music,SonicNest — Music Player,https://play-lh.googleusercontent.com/jo2_3f12hbZENec7m5oxoOnrjcDMuPLyi8w9JyxNy4R6jVAHjhMn8fW9_KFt5JgeIg=w240-h480-rw,10M+,"Apr 3, 2025",3.7,10.1K reviews,https://play.google.com/store/apps/details?id=com.songn.est,YIXIANG,"Discover SonicNest, the ultimate music app designed to elevate your listening journey. With a sleek, intuitive interface and cutting-edge features, SonicNest transforms how you experience your favorite tracks. Seamless Local Music ImportSonicNest makes it effortless to bring your personal music library into the app. Browse your device’s storage, select your tracks, and instantly add them to your SonicNest collection. No more switching between apps—all your music is now in one place, ready to play.Smart Local Music ManagementKeep your library perfectly organized with SonicNest’s powerful management tools. Edit track details, sort by album or artist, and create custom folders for different moods or activities. Whether it’s high-energy workout tracks or relaxing acoustic sessions, your music stays neatly categorized for quick access.Precision Sound with Built-In EqualizerFine-tune every track to perfection with SonicNest’s advanced equalizer. Boost the bass for your workout sessions, enhance vocals for lyrical focus, or select from expertly crafted presets. For audiophiles, manual customization options let you dial in the exact sound profile you love.SonicNest isn’t just another music app—it’s your personal audio command center. Download now and experience music the way it was meant to be heard: rich, immersive, and entirely yours.","your, music, sonicnest, tracks, app",https://play-lh.googleusercontent.com/SH72RTFXpO-f7_qkjCf7DJ3_tKuFBHSy6Xf1tg2niQY1htSlPq32wV5ereuwn3ZRjVA=w526-h296-rw,https://play-lh.googleusercontent.com/nev_II9zgSO_ipmHvSpcPhnoDOcem_quK807xwRQ-yzL-9NYnL_3TsEB4RbAiEfeZmU=w526-h296-rw,https://play-lh.googleusercontent.com/BYbLv1E3Hpp_IogxEPTJF8yxUlCn2EC0r4p9dkg8-F705x2ZT1RnS8GnNzBC2BH-xoo=w526-h296-rw,https://play-lh.googleusercontent.com/OtvX7ZSVhsMeB4PeqU7I7vgairdxLrYzb2sqWanlQh4GmNAwiszgW6hPs6TERStZuQ=w526-h296-rw
Music,Beat Maker Pro - Drum Pad,https://play-lh.googleusercontent.com/jApW8O9MOcEPCNIq0HUAqJai0huQyiZJ-zb8w0zwSajnydyJun_DXhl5MLxfibD2f0dwZTQH_2oSt8WhTnDDng=w240-h480-rw,1M+,"Dec 12, 2025",4.6,5.25K reviews,https://play.google.com/store/apps/details?id=com.beatmaker.drumpad.playguitar.playpiano,Momcenter,"""Make music easily with Beat Maker Pro - Drum Pad, the all-in-one music app where you can create beats, play instruments, and learn basic guitar and piano skills. Just tap the pads or keyboard to start creating your own sounds.With Beat Maker Pro - Drum Pad, You Will Get:🎧 Beat MakerTap colorful pads to create beats in seconds. Learn along with the built-in demo, perfect for beginners.🥁 Real DrumPlay realistic drum sounds with responsive pads. Great for practicing rhythm.🎸 Learn GuitarBasic guitar lessons for beginners: simple chords, strumming patterns, and guided practice.🎹 PianoPlay piano keys and create melodies quickly and easily. Great for beginners with music notes, simple exercises, and guided practice steps.🎵 My MusicSave your beats and instrument recordings in one place. Listen to them anytime.⭐ Why You'll Love This App- Make Beats Quickly with Drum Pads- Multiple Instruments in One App- Learn Guitar & Piano for Beginners- High Quality Sound- Easy and Fun for All LevelsReady to play, learn, and make beats? Download Beat Maker Pro - Drum Pad now and start your journey.""","drum, beats, learn, beat, pads",https://play-lh.googleusercontent.com/HyJoj8d14t3WfObUUAMDTvyzt7PLJauM54nqKWHnCMts0izdHWBJG_BZxvoJPYywlm8nmF7Gu3_Yjlgk3PeH=w526-h296-rw,https://play-lh.googleusercontent.com/KqmUEfoil4Emuc7wNdv9YmCmdCju7QXaE05ZZBtLWF8a7jBW5dcB-IV4AR9-EgRp05fzAN4HRyqwKylokWCfNA=w526-h296-rw,https://play-lh.googleusercontent.com/7BmJHUYe0V3dAurfPXxnV5DZT3wckTcM2NcmXAs0AqPj92hJz1wMXkhiG9BwwYda1cl-gV4lcjN69Q9UM1OF0g=w526-h296-rw,https://play-lh.googleusercontent.com/BmUgGlmtNg8pBhig-Alrg-WcI-Ce_SeGt6i26reJmWTy8finUjPtxe-C8Pkkl9RCGHvEZoP8RBfb47neRRhSKw=w526-h296-rw
Music,Play Song Offline Music Player,https://play-lh.googleusercontent.com/niLjQ1Lb_Q8NpeYsn9noI9IrKIyFwnoFIWa1k3Y5zhOHGqa2488JvCyHcqv2MuFmJUTqr4v7-u7C8nI3wdf11w=w240-h480-rw,1M+,"May 21, 2025",3.9,1.9K reviews,https://play.google.com/store/apps/details?id=music.musicplayer.playmusic.mp3player.audioplayer,EAGLE APPS,"Music Player – MP3 Player Offline is a fast and easy-to-use music player designed to play songs stored on your phone in multiple popular formats.🎵 Key Features of Play Song Offline Music Player• Play local music and MP3 files• Offline music player – no internet required• Built-in equalizer for better sound experience• Browse and explore music by albums• Background music playback• Drive mode for easy control• Lyrics support for songsThis music player is ideal for users who want to play songs offline, manage albums easily, and enjoy a smooth audio experience.If you are looking for a simple and reliable reproductor de música MP3, this app is perfect for listening to your favorite songs.🛡 Disclaimer:This app does not provide, host, or supply any songs. It only plays audio files that are already stored on the user’s device.","music, player, offline, play, songs",https://play-lh.googleusercontent.com/WqWJyDv8L0KxgXvfcj8DrDstADZKd6CxasEi2OUkWcm6MDE8qbRD71u0Ti9OPa8YaaNsfC8smpKzelMmh5FZKg=w526-h296-rw,https://play-lh.googleusercontent.com/o6sapj8M0F-jKykr1SEgiEEG79eyVx33swbrxJErVz_p8bxmzcRJl73wWFXu_R6v0A1PD7rM9TS_W3hA9WuFhZE=w526-h296-rw,https://play-lh.googleusercontent.com/sER0hMIi-iy9S_Ds9AzlrIUKWd7kAeN-_edbPxmTxL5jKcSuz8S9t81RA7Pu-Tdy_ZAR5HnnoU0rA50ThnvZGQ=w526-h296-rw,https://play-lh.googleusercontent.com/Albpq_dka3e4dkRxJfgMV_ymLzHtqjE4P-fWXamsmJe_hA5p_obksRrQyWm4XP4tKF90t9hfYSCbvHlbt8_4aIs=w526-h296-rw
Music,Music Downloader & Mp3 Player,https://play-lh.googleusercontent.com/JDjeMtdPy2xukvXnsVnGYZbHABGlFsbQxwgO1PbH5v9UdctS36JCY1RGqwl-dpPOnPi-Uugfhn7qVbEFRBXDXw=w240-h480-rw,5M+,"Oct 11, 2025",3.9,40.3K reviews,https://play.google.com/store/apps/details?id=com.musicdownload.appmusicdownloader2025,Video Downloader & Player AppTool,"Music for Download & Play OfflineDiscover a world of music with Music Downloader &Player, the smart and intuitive music downloader and offline music player. Dive into an extensive collection of songs and find music for every taste and genre, all available for your personal use.Key Features:    - Music Download: Search and download your favorite songs    -  Smart Music Offline Player: Enjoy your downloaded music anytime, anywhere, without needing an internet connection.   - Powerful Search Function: Easily find music by title, artist, genre, or album.    - Online Streaming: Stream music online before deciding to download.   - Save to Device: Download songs and save them directly to your device storage for truly offline playback. -   Create Playlists: Organize your music collection and listen in sequence.  -  Share with Friends: Easily share your favorite tracks.Disclaimer:All songs are provided by CCmixter for your personal, non-commercial use. All music from ""ccMixter"" is utilized through their public API, adhering to the ccMixter policy. All music available in the app is under the Creative Commons Attribution license (https://creativecommons.org/licenses/by-sa/3.0/).Note: All rights to the songs belong to their respective owners.","music, your, download, songs, player",https://play-lh.googleusercontent.com/w_mxhj-8xlIHTFXTS8-e_L-LoawBnXQfxnYb2Dj7Z7AM77l-U2Nn6hd2o367MPZmaVVXOrj6jUQt0Vp_LzM=w526-h296-rw,https://play-lh.googleusercontent.com/ObuS4lRs8qjaN-773I95h-mRF5J01nckNEd4TmFyJOP38ApcVnkqMVVMmbp6N6Eo42KkBnlWi-XZtLzYyjlu=w526-h296-rw,https://play-lh.googleusercontent.com/iegifm5Q8xhcoRD8NECU6RZIh9DzQ0Br8WkLveM_veHc2iNlEoD8RqykBD07aDxruilljNHAKpkFlC8T3lq0Gw=w526-h296-rw,https://play-lh.googleusercontent.com/PiqbcaoDJQ3930zWChTqSWZR4cFqraTUcz0r4ly9Yvj87Tkv9Mj-6VGMADsOxWCBoBRi_bMj_R_oLDycXPbT=w526-h296-rw
Music,MusiChic-Offline Music Player,https://play-lh.googleusercontent.com/05MkesdhD6XMFQn7a6CrUV52ENKSr1JNHJyEBUdU510iEDoPGoncHjTUrEuwjC_lKV5-=w240-h480-rw,10M+,"May 9, 2025",4.1,8.38K reviews,https://play.google.com/store/apps/details?id=com.music.chicoff,JIMMY SMALL.inc VIDEOSTORY,"Designed for true music connoisseurs, MusiChic redefines your listening experience with unparalleled sophistication. This music player elevates your audio journey to an art form.Key Features:🎵 Instant Local Library• Smart audio file scanning• Offline lossless audio playback• Supports many major formats🎵 Intelligent Music Curation• Auto-organized by album/artist/genre• Custom smart system• Lightning-fast search🎵 Your Private Music Salon• Unlimited personalized playlists• Exclusive collection managementFrom cozy evenings at home to global adventures, MusiChic delivers concert-hall quality sound wherever you go. Download now and indulge in your most refined musical moments.","music, your, audio, musichic, smart",https://play-lh.googleusercontent.com/3ZWD-I7hGb_Ftzzj_iyITdrctoYAGew0MCom7sXu7XnGJSpuuQZ-sZ4F89rMdoA6-q9_=w526-h296-rw,https://play-lh.googleusercontent.com/0rK3_P03iqShLNFH0LTF7esrSDsLtdvx7BHjG1mS-0jvbwf3NMq9UHJP7zvK1AZTJcw=w526-h296-rw,https://play-lh.googleusercontent.com/3cmeWyjGMBQZZk2RY7lw3LUbmZLyZ2cjGeyAOEdVAtMvOJelknGHEIqcKlDrDnL2Q1Q=w526-h296-rw,https://play-lh.googleusercontent.com/wxvLVQiymF1LPBRVRUfGgSIow4NxHhV4nqsO2RyWdpgplf1H1a-k3h82G68sUZSV78k=w526-h296-rw
Music,ElevenLabs: AI Voice Generator,https://play-lh.googleusercontent.com/IfDXcz9qW5GY7uBewrt4tqpk5qCmuQm_b2jWqUDwqndTzsLNBpEqW82t7fNqFq0xIg-IrGhbIMIvAyUiJfFN=w240-h480-rw,1M+,"Jun 24, 2025",4.7,70.2K reviews,https://play.google.com/store/apps/details?id=io.elevenlabs.coreapp,Eleven Labs Inc,"Creators, are you looking for an edge over the competition?  No microphones, no re-takes, just seamless quality AI audio. Welcome to ElevenLabs, the leading AI voice generator app designed for content creators, influencers and professionals. By delivering human-like AI voices, ElevenLabs lets you bring your ideas to life on TikTok, Instagram, YouTube Shorts and more with the highest-quality AI text to voice generator available anywhere.Using our state-of-the-art AI voice generator, you can trust that your voiceovers, AI narration or social media content resonates with your audience.  With ElevenLabs, creators get lightning fast text-to-speech AI audio from script to share in seconds using our bright, intuitive interface that is tailored for creative lives.WHAT CAN CREATORS DO WITH ELEVENLABS?Choose from an enormous selection of premium AI voicesCreate, edit and publish — directly from the appSave and export audio files anywhereShare audio directly to Cap Cut, TikTok, Instagram, YouTube Shorts and moreTell stories by creating AI voice captions, voiceovers or podcasts So whether it’s a reel, training video, vlog or narration, allow every piece of content to reflect your very own unique style with ElevenLabs.  LANGUAGESAvailable across 70+ languages from Spanish, French, German, Chinese (Mandarin and Cantonese) and Japanese to Korean, Russian, Arabic and Hindi - allowing creators to 4x their global audience in seconds.WHY ELEVENLABS?Our Text to Speech feature turns text into lifelike audio that boasts nuanced intonation, pacing and even emotional awarenessAI Voice Models adapts to textual cues across 32 languages and multiple voice stylesSync with your ElevenLabs account to save your favorite voices or access voice clones made on the webAccess your full ElevenLabs history, including voice changes and previous creations from your online accountCustomize your settings with full control of ElevenLabs Turbo V2.5 and Multilingual V2 models.Download ElevenLabs today and unleash the full potential of your creativity using the most realistic AI voices and sound effects available anywhere.  Its time to level up your game.Stay up to date following ElevenLabs on social media:Instagram @elevenlabsioTwitter @elevenlabsioYouTube @elevenlabsio","your, elevenlabs, voice, creators, audio",https://play-lh.googleusercontent.com/UXL5wdjhaRrESAtC01eQ2SN1TKawZR2hJ5JI3Zaq8UJ_bPmaCXXsq3YNDGDCtydPoiHr8UrZdBxb_75AYkFuJEo=w526-h296-rw,https://play-lh.googleusercontent.com/Sz884LYRg2z4jydJpNHgu54uW3IYx6jbd4_6uXWR4vl-r0oTvq9-HZJsM9gaeNRDHIkB_ADbI3HkMrEfesfO=w526-h296-rw,https://play-lh.googleusercontent.com/lAD_1EV2Gl4SOpGa0UmBULe01BqehaEO1-PCZr83uIEcU6AP2V9qqHPgwxfoK_T_w3MinwW5ZRs_odrH8oBa=w526-h296-rw,https://play-lh.googleusercontent.com/u7i1aG1m13iHlEHMpADyjm9tBTHsTyoiFvmTRU0v1iyVMKeSJjmz5_jpXBVyavkzmv6dL1vrjMT0wl9Oae2GGQ=w526-h296-rw
Music,MeloLoop-Music Player&Offline,https://play-lh.googleusercontent.com/670LNWJr_3r-3Bg9ji7y8kVdocVgwt-oOLF2wSDFLxrAxziSNFOHtblHb1pdr_aaJLI=w240-h480-rw,5M+,"Jun 5, 2025",4.1,4.86K reviews,https://play.google.com/store/apps/details?id=com.melo.lomu,JIMMY SMALL.inc VIDEOSTORY,"Crafted for discerning audiophiles, MeloLoop transforms your listening experience with unmatched elegance. This music player turns every audio moment into a masterpiece.Key Features:🎵 Instant Local Library• Smart scan for all your audio files• Enjoy lossless playback, anytime offline• Supports MP3, FLAC, WAV & more🎵 Intelligent Music Curation• Auto-sorted by album, artist & mood• Custom tags for effortless organization• Find any track in seconds🎵 Your Personal Music Studio• Create unlimited themed playlists• Build exclusive collectionsPerfect for:• Late-night relaxation 🛋️• Travel soundtracks ✈️• Studio-quality listening sessions 🎧Download MeloLoop today – your gateway to refined audio perfection.","your, music, audio, meloloop, listening",https://play-lh.googleusercontent.com/UyHuD3XROT7hjVTQ5WF7nt9SqObWN5U243Z2o-KXA9QQrEIVR4wLXrMdK-LGYr_g=w526-h296-rw,https://play-lh.googleusercontent.com/hc4ohQN6as8QCCk4538Fe_fITEbN9bC88xJN7tFqaohGfrWlnMn647TmQPqjePsM8sI=w526-h296-rw,https://play-lh.googleusercontent.com/Y5TBbtlliPIRPBYidalkk6jQW2wBgnKkDvzD2xc5E4JTKCZ21I43i-aBpVNbQEI__Q=w526-h296-rw,https://play-lh.googleusercontent.com/KjlvNftxuoGapU_Z7ZD7SRbG3iRMmXlfKKX8cMUfMS0pQObhkoRsZNOwHQF6RjbTtA=w526-h296-rw
Music,"Lyra - Music, Radio & Podcasts",https://play-lh.googleusercontent.com/GUKUJ-6EfUxBeg6ehQ5KBsT103iwTl5Cch5_AiawPdYm_w97bTb579Mmv7-A90JycoqnKFm05S7-7FLL9Y8_iw=w240-h480-rw,100K+,"Oct 22, 2025",4.3,16.5K reviews,https://play.google.com/store/apps/details?id=com.musicapp.lyra,Lyra Music,"Meet Lyra – the music streaming app designed for those who live for sound.Stream millions of tracks, create your own playlists, and vibe with a beautiful, lightning-fast interface. Lyra is your companion for every mood, workout, party, and moment of calm.Key features:• Unlimited music streaming• Listen to trending podcasts across every genre• Live radio stations from around the world• Curated playlists for every vibe• Save your favorite tracks and listen again anytime• Sleek, minimal design with dark & light mode• Discover new artists and top charts• Lightweight, fast, and privacy-focused• No account requiredWhether you're chilling at home, driving, or working out — Lyra makes every beat count.","lyra, your, music, streaming, live",https://play-lh.googleusercontent.com/elF4bAqY7K05W6hAC0fUuCyFSHTm90QY67wuNfR8oPBMv7Hx7jXAQa0CaKs4swLwVvAf6c2MrzWpPMO6jlfpXQ=w526-h296-rw,https://play-lh.googleusercontent.com/23U4R3D4A-VbmoOXel4xqOHYIuJZU12VMpzRp9I0raRQXfI0VOXsmCRvupPXaLGJZupg0vccOGfyHVxy8qqsbGE=w526-h296-rw,https://play-lh.googleusercontent.com/uxUEJPtXV4BG6lJeKrHJMOJuhdiCc_Nc9N5LK-A5zDKjGxH3qRvxQ_Sfh2h6P0OGWOtVcVRo5v2xStILCzKn1A=w526-h296-rw,https://play-lh.googleusercontent.com/Q8D0UBdV7WyKuFgWSOVGJvCFfBtlXyVqtZzrGT6altBsz5khV4YDMC-JSunqcQIAEnNI8u8SGjAg9dCUNaCZxQ=w526-h296-rw
Music,Melody Beat - Offline Music,https://play-lh.googleusercontent.com/tEiorYKCED7nW-OT6VKeHSAblq7LZDDT7LZzjAcRb8ULTL1R3c5BtU-SMFDAYyVfxZ0ubb8niFUBKhFVnM9k=w240-h480-rw,5M+,"Aug 22, 2025",4.2,4.44K reviews,https://play.google.com/store/apps/details?id=com.melodybeat.music,Flores,"🎵 Melody Beat: Your Ultimate Offline Music Experience 🎵Melody Beat is an offline music player application designed for playback of locally stored audio files.🎧 Universal Format SupportSupport MP3, FLAC, WAV, AAC, and 30+ formats with lossless quality, no conversion needed.📂 Smart Library ManagementAutomatically organizes your music by artist, album, genre, or folder. Genre Search effortlessly with quick filters. Lyrics support included, even without the internet.🎛️ Equalizer & Sound CustomizationPersonalize your sound with professional equalizer, bass boost, virtualizer, and pre-set modes for Pop, Rock, Jazz, Classical, and more.🔁 Background & Lockscreen PlaybackControl music directly from your notification bar or lockscreen. Perfect for workouts, commutes, or just saving battery.🌍 Perfect for Every Scenario- Travelers: Pre-download albums and playlists before flights.- Gym Listeners: Streamless workouts with offline tracks that match your pace.No buffering. No interruptions.- Daily Commuters: Plays smoothly in subways or low-signal areas.- Privacy Users: All files stored locally. No cloud, no data tracking.🔒 Privacy-First & User-Centric Design- No Subscriptions: Pure music experience with zero hidden costs.- Local-Only Storage: We don’t access, store, or share your music files. Your data is yours—always.- Intuitive Interface: a clutter-free layout make navigation effortless for all users. 🎶Made for music lovers, by music lovers. Updated Regularly – We are always improving. Expect new features, better performance, and even smoother playback.⚙️ Required PermissionsFOREGROUND_SERVICE_MEDIA_PLAYBACK / FOREGROUND_SERVICE_SPECIAL_USEThis permission facilitates core functionality including,Uninterrupted Playback: Listen to your music continuously in the background, without being stopped by your device's battery or memory optimization.Convenient Controls: Manage your music directly from a persistent notification on your lock screen and notification bar. Easily play, pause, skip tracks, and adjust volume with a single tap.Offline Access: Quickly scan and sync your local music library for instant, offline access to all your songs.Elevate your listening experience with our professional music player. Enjoy your favorite music without interruption, even when you switch to other apps or turn off your screen.🔥 Get It Now & Feel the Beat – Offline! 🔥","your, music, offline, beat, experience",https://play-lh.googleusercontent.com/kJ4URqKDtuXNoAnXsPbqjuSMK9FdpAPhzs6zEX9DK6C7mva2-1h3SA_cft5VXcFVUA3mpbW0sUoZm0jZHxPbiQ=w526-h296-rw,https://play-lh.googleusercontent.com/CmsGvpGf6Mq3pRjFvql8go9SFxovIv5FzLI6Pd-zP1JGFPiC2C9I6Tnf9xa4HIsM2c8TBkj0CRJWpboAsZ2NCw=w526-h296-rw,https://play-lh.googleusercontent.com/L2xLw7bNqztVRC6mnYhz2oLqeemetJaHFW2W_Cim2xKgPJRWb4__Ei9Vy9W96fKseuT8zxLmbVHxxkVItxb_=w526-h296-rw,https://play-lh.googleusercontent.com/BRqHayRi6O9877Htrr9jvCJ2JlDUbdwkldIsJtFvQWtjIepBq33DMf6BPSsYw4EsVmHpa5pTy0RU-wxoq4j5IA=w526-h296-rw
Music,Echoist — Offline Music,https://play-lh.googleusercontent.com/H75bGXLNSLV2pzMShXmjip0ACqQQeiibN-2FNMzo-zRnx9VIGBqSgVlR-hFcwDcecbxei2VKPM1djg-HGGxu=w240-h480-rw,1M+,"Sep 22, 2025",4.2,1.4K reviews,https://play.google.com/store/apps/details?id=com.eoist.mu,WAKStudios,"Bring your music collection to life with Echoist, the ultimate local music player. Listen to your favorite songs anytime, anywhere—offline, fast, and hassle-free.Key Features:🎵 Instant Access to Your MusicQuickly scan and load all your MP3s, FLAC, WAV, AAC, and morePlay offline without Wi-Fi or data🎵 Smart & Organized LibraryAutomatically sort by artist, album, or genreCreate custom playlists for every moodFind any song instantly with powerful search🎵 Sleek & Intuitive PlayerBackground playback keeps the music flowing while you multitaskSleep timer to drift off with your favorite tunesCustomizable equalizer for perfect sound🎵 Personalized ExperienceLyrics display (when available)Favorites section for quick access to your top tracksExperience your music like never before. Download Echoist and take full control of your music library—offline, effortless, and all yours.","your, music, echoist, favorite, access",https://play-lh.googleusercontent.com/6DaDXAl3x3Qc7006RDrqwS5Ac36dgG6sLq11Io0dw243kILyQT2eicDgzTtF5vEx66xkhmnhsLqI9ro0u6QQ=w526-h296-rw,https://play-lh.googleusercontent.com/sNcHXru0DZ2NDoqRNriZeZ0Ncx3ND6k5uNhuaBl2gFVqKypMV-RaiPdmIaOntstUwh2rppnKm_Q_73BaQ953jA=w526-h296-rw,https://play-lh.googleusercontent.com/VgpO8eubUXvXD2inpJy_xS4RfMuriw5QZGuMMrwxpuz2zDTO9loeSzDiJmi0GdV35Ip4e1GV1s099PsUCMSdtg=w526-h296-rw,https://play-lh.googleusercontent.com/Ojkfzrjazekh5PAfCEeI_xaiqsc8Kx5cNrSSsYPcDGzybYySgBH2rfr5yzHNAftaF_RcEGfI10Waj_viwCR3=w526-h296-rw
Music,Musicnix - MP3 Player,https://play-lh.googleusercontent.com/2zLM0B9nh3RugUcZFy6AaFLwWnREmBSZ3Syd0ds8_Ht6tKiBX2z1S1WZZB7LyB2-B6BxIwa-nqBYZDuXPg63AA=w240-h480-rw,1M+,"Aug 15, 2025",4.1,1.74K reviews,https://play.google.com/store/apps/details?id=com.musicnix.player,Khan eCoding,"Built for true music lovers, Musicnix combines clean design with powerful features so you can enjoy your music anytime, anywhere—no internet required.Key Features:🎵 Blazing-Fast Music Access●Instantly scan and load all your MP3s and audio files●Offline playback – enjoy your music without Wi-Fi or data●Supports MP3, FLAC, WAV, AAC, and more🎵 Smart & Organized Library●Auto-sorted by artist, album●Create custom playlists for any mood●Quick search to find any song in seconds🎵 Elegant, Intuitive Player●Background play – keep the music going while multitasking●Enjoy flexible playback modes – Repeat One, Repeat All, and Shuffle🎵 Personalized Experience●Lyrics support (where available)●Favorites – save your top tracks for instant accessDownload Musicnix today and take full control of your music library—offline, free, and forever yours.","music, your, musicnix, features, enjoy",https://play-lh.googleusercontent.com/rV0UQfklRDyu1h-RySWkqipigq4GNOGE-SLK3z6FNULBBoB5-holB-blpu3bqt3lfAm93HRGiSQ06HBKiZ00=w526-h296-rw,https://play-lh.googleusercontent.com/2ZYLSqXefr3a52IKGRraZ8Lh46MfiTKH8vsI-9XYpDlK7cmWVrTmUf-aG8nnh5X5ULvBgHN2xLuUatIbXCeE9A=w526-h296-rw,https://play-lh.googleusercontent.com/MRvFW3LtB2zSd9ttkxvhq4yNen_8a1fe9whdssTyiT-Ykl3lqdPOEt9QEbTPyJP0OIb03h2fFn4Ifj9q7a6IRdw=w526-h296-rw,https://play-lh.googleusercontent.com/Q16S-xtvgtbo75avy7Ag0QbdeCI1swrVussC2i5ZdM7zWMdO3CKRfM3bna2O2RkSoq6Bg6iPenz_Z1Nkwnzt=w526-h296-rw
News,CrimeRadar: Dispatch Alerts,https://play-lh.googleusercontent.com/06kt9PLR41pDZGasEKTenzBjp9xAsZjwd8Sg04wHEwpZRb579QSwU4cxonpSk3wEF699=w240-h480-rw,1M+,"May 22, 2025",4.7,14.9K reviews,https://play.google.com/store/apps/details?id=com.newsbreak.crimeradar,Scoopz LLC,"CrimeRadar monitors live first-responder radio and uses AI to summarize and map incidents so you can stay aware of public-safety activity near you.Safety Alerts: From wildfires to highway accidents and police callouts, stay aware with notifications based on live dispatch audioSafety Map: View recent dispatch activity, linked directly to the original audio for contextCustomizable Filters: Choose the types of activity you want to track via the map, alerts, and incident logs First-Responder Radio: Tap any event to listen to original communications for yourselfHave feedback? Contact us at feedback@crimeradar.usTerms of Service: https://uscrimeradar.com/terms Privacy Policy: https://uscrimeradar.com/privacy","map, activity, live, firstresponder, radio",https://play-lh.googleusercontent.com/lwHy43PwN_ezaTs5ELpg3GuPMITJtCqEFjjhOKrB7zbHsp0c_6JZUvVqbYx5aW78fOeWPmgHWrV1hOlaUMj2Sg=w526-h296-rw,https://play-lh.googleusercontent.com/euuzrD3-gHWmqJRcpEPC87756GxlLu4bOA0B1eYkxa1WrVu8s-g40Z_ur9D6HUQjw4CYCCfkuRdnKgvuTIEc6g=w526-h296-rw,https://play-lh.googleusercontent.com/JNOE1M-yT2Qrrq_x4pzotwIPSGJLzTYJkJ9U3bk-0cgKKCgtO_pW7uRgDrRv1VvyGIeTLSPNdWYSD06gqsOd=w526-h296-rw,https://play-lh.googleusercontent.com/ZJSyQMrZ3IiqBilglRozTiDO0w-LpMFHTZ7zlT22CMe9CjVSQ-WC2KS22eLGbt7uDdz51srHUmbzUm3xZC1SIzM=w526-h296-rw
News,Breaking News: Local & Alerts,https://play-lh.googleusercontent.com/tRtLJ_ykWO69fAZAs32VNepBzCwNuVEo2J83i28fYj8nhZbk9ohnTKqAwdDZ0pH_h2Hy=w240-h480-rw,1M+,"Jul 4, 2025",4.4,3.22K reviews,https://play.google.com/store/apps/details?id=com.novanews.android.breakingnews,Apps Skyline,"Breaking News — Local News & Breaking AlertsStay connected to what matters most with Breaking News—your personalized local news and world news reader. Get breaking news alerts, follow trending topics, and stay ready with local weather forecasts and weather alerts. From neighborhood updates to major global headlines, we curate stories from trusted publishers so you can stay informed every day.What you’ll get- Local News Near You: Discover local updates, community stories, and city headlines—built for staying informed where you live.- Breaking News Alerts: Instant notifications for urgent updates and major events. Customize alerts by topics you care about.- Personalized News Feed: Choose categories and interests to create your own daily news stream—less noise, more relevance.- Trending Headlines & Topics: Track what’s trending locally and across the world, all in one place.- World & National Coverage: Follow big stories, national headlines, and international developments as they happen.- Weather Forecasts & Alerts: Real-time local weather, forecasts, and important weather changes—so you can plan ahead.- Quick Daily Briefing: Scan key stories fast when you’re short on time.⭐️⭐️Breaking News Features⭐️⭐️:🌎 Comprehensive Local and Global CoverageBreaking News brings you the most relevant local stories alongside major breaking news from around the world. From community events to international headlines, our platform curates content from trusted newspapers and media sources, ensuring you stay informed about the issues that matter most to you.🔔 Instant Alerts for Breaking NewsNever miss a moment with our instant notifications for breaking news and significant local events. Customize your alerts to receive updates on the topics you care about, whether it’s urgent news from your neighborhood or global developments. With Breaking News, you’ll be the first to know.⭐️ Personalized News FeedTailor your news experience with our personalized feed that highlights local updates, breaking news, and weather alerts. Choose your favorite categories and topics to receive a news stream that resonates with your interests, ensuring you stay engaged with the latest happenings in your community and beyond.🔥 Stay Ahead with Trending HeadlinesBe at the forefront of the news cycle with Breaking News. Our platform sources the latest breaking news and trending stories from both local and international media. Stay informed about the events shaping your world, all while enjoying a seamless reading experience.🌥️ Up-to-Date Weather InsightsPlan your day with confidence using our real-time weather updates. Get essential weather forecasts and alerts tailored to your local area, helping you prepare for any significant events or changes in conditions. With Breaking News, you’ll always be ready for what lies ahead.👁️‍🗨️ Quick Overview of Local EventsStay in the loop with our quick overview feature that highlights the most important local events and breaking news of the day. Browse through key updates in just a few minutes and keep your finger on the pulse of what’s happening around you.Download Breaking News to read US local news, national headlines, world news, breaking alerts, trending stories, and weather updates—all in one app.","news, breaking, local, your, alerts",https://play-lh.googleusercontent.com/zoEnuO5R1rbZBtexYNRqV-_qkYSNftad-_nsG1orsih_KKhKzktK1323YkYJ7jguRBMM0hhCFYAbw7Hlf_vRRg=w526-h296-rw,https://play-lh.googleusercontent.com/ekjl7qLYBVrpSxxNPlHtQ8QDs_w9awaN2VXKz_p3b-KW9yCVI89oNrWu-uYzPFYDUiglkB-iaEjS7B3sh-Ex=w526-h296-rw,https://play-lh.googleusercontent.com/rZEG_oAsXloSkDA80QQuRGkfIBl-GH-WBn5hotJhHMVm-mqTqw1Ea_bNruk2a3C5z1fVI5tZVWBEfHHgHlLO3g=w526-h296-rw,https://play-lh.googleusercontent.com/C1lv4Ny_90OEBSEQ7rZcgk31NfHjg1mLn_SHIO2wQE9wMS2rpK2vKqzNrvXgF2xcjP7QiszrSl2uUqxaukvaMQ=w526-h296-rw
News,Daily News: Headlines & Alerts,https://play-lh.googleusercontent.com/qlqKi0sZoDemnYQ-weyKPiB3BGS4Lt2OCmWQ16bBVcUDD0t_7VrZQg1pjdrGeQOxukU=w240-h480-rw,100K+,"Jul 10, 2025",4.5,1.05K reviews,https://play.google.com/store/apps/details?id=com.dailynews.android.novanews,Apps Skyline,"Stay up-to-date with daily news alerts and updates on current events with our local news app! Get personalized news from trusted sources, including trending headlines on live local news updates, international news, weather alerts, and more.Features: • Personalized News: Our app personalizes your news from trusted and leading publishers or sources. • Timely Notifications: Never miss important headlines locally and from around the world with our prompt notifications. • Easy to Use: Access the latest news with just one tap. Our app is free to download and simple and convenient to use. • Trusted News Sources: Choose your preferred news providers and get the latest news delivered to you from hundreds of reliable sources. • Popular News Across All Topics: Stay updated on finance, entertainment, sports, weather, and more. • Daily News Digest: Browse through the latest news in your free time with our daily news digest. • Accurate Weather Reports: Get accurate local weather reports to prepare you and your family for what's to come.Install our app now and never miss out on breaking news and the latest updates on finance, entertainment, sports, weather, and more. It's easy to install and free to use.","news, our, weather, app, sources",https://play-lh.googleusercontent.com/886PoZTrPfALlb5ukQuHubQVj3cUjYUwQ1gZpETHOaCJvDuZiRpNkuHCwR0qnSd8XbUUZ6fQA0Yx7BrdMQjBYw=w526-h296-rw,https://play-lh.googleusercontent.com/mQQdQpHiEGP1djOPZuYmuoqVjOs6vypuPvi8pAl6QwZcZf1TyTft7kht93MP5USMzItDkJ_3B49tq2CY-US1DQ=w526-h296-rw,https://play-lh.googleusercontent.com/ZmBNxDbLRUbpWEqYdj62uDHzRXbeCfQb3Ncp1FtjT3XQnsCGDJqCH8bcLzhPk2Khr4B02CjARipMw6nEYSWmlg=w526-h296-rw,https://play-lh.googleusercontent.com/tXnYB7WW0n_BqKA3DZ1Trt0pwvZNtLHM4bIemn_reg2xDuj6DBB06rh3kE3kmCZMd3yWP2n6ftncsLExPIxJxA=w526-h296-rw
News,Local News - Breaking &Weather,https://play-lh.googleusercontent.com/nYkqksaPulfiKQwJ9ktqqZEBsDjswtrZY0J5MGRHqKOKk4lKoamgmUoFK0Iw44gPVOu8PF8OltCeqxPgoj0B1w=w240-h480-rw,5K+,"Feb 12, 2026",4.3,6 reviews,https://play.google.com/store/apps/details?id=news.local.voice.live.weather.daily.forecast,Daowei Network,"Your smart daily hub for aggregated news and professional weather updates. Stay informed with stories from major media sources and reliable forecast data — all in one fast, clean app.🗞️ YOUR PERSONALIZED NEWS FEEDSkip the noise and focus on what matters to you. Our aggregation engine brings together trusted news sources and lets you shape your own reading experience.• 🚨 Timely Headlines: Get fast updates on major events locally and worldwide• 🎯 Custom Topics: Follow what you care about — Politics, Sports, Tech, Business, Health and more• 📍 Local Coverage: Discover city news, traffic reports, and community updates• 🧾 Source Transparency: Every article clearly shows its original publisher and publish time🌦️ PROFESSIONAL WEATHER FORECASTSMake better daily plans with accurate, continuously updated weather data.• 🌡️ Live Conditions: Temperature, humidity, wind, UV, visibility and more• 📅 Hourly & 7-Day Outlook: Clear forecast charts to plan ahead• 🌍 Multi-City Tracking: Monitor weather in multiple locations• 🧭 Location-Based Forecasts: Local weather tailored to where you are🛰️ RADAR & SEVERE WEATHER ALERTSVisual tools and alerts help you stay aware of changing conditions.• 🗺️ Interactive Radar: Track rain, snow, and storm movement• 🔔 Weather Alerts: Receive important severe weather notifications• ⛈️ Storm Monitoring: Follow developing systems and forecast paths⚡ BUILT FOR DAILY USE• 🚀 Fast loading• 🔋 Battery-efficient• 🎨 Clean reading layout• 🌙 Comfortable day & night viewing📩 Support & FeedbackWe value user feedback and source transparency.Contact us anytime: support@daoweisg.comDownload Local News – Breaking & Weather today and stay informed, prepared, and up to date. 📲","weather, news, your, daily, updates",https://play-lh.googleusercontent.com/4OO2OVUQclCE0S53bw3ixtKR51BEP6B4q2KkNQ3miqcrKT7SeADInPdXl2yQnYOCef7TFzlVtlDvFKOyy4QKLg=w526-h296-rw,https://play-lh.googleusercontent.com/Xtl5iwVZAPcXgl3wYFUb5arTMasVj82VZOtF_uiSd4IECyFod8nbFtErPmWTrtW0YrFGCMjtJasECbIxJtvjmg=w526-h296-rw,https://play-lh.googleusercontent.com/9k6kuYQAacitmNgTeomEwAiXh2vCKWE2iKbGTItY0u7lpDhTYmTRJPoWP1cN8z2VTbph_wCz_7RDYUAqyPTtZA=w526-h296-rw,https://play-lh.googleusercontent.com/-pUZNCN5WC6MFj4KUKDFtE6Oih_-UT433tP2NYSkL-6u-xo7msNtKJ2eanbyhNVzdVjRuBArAn2FhwTTHPnJi30=w526-h296-rw
News,Local Weather & News - Radar,https://play-lh.googleusercontent.com/7sKHuftjdHGVvj7-F-lHnD_0xzYAX4D7-qT3hqRGpbfvLvWmdYGytABG8OxivamrScVYuOTbLAN5cr3gM5cfszo=w240-h480-rw,100K+,"Sep 7, 2025",4.3,463 reviews,https://play.google.com/store/apps/details?id=local.news.weather.daily.forecast.live,Daowei Network,"Get live and accurate local weather forecasts with Local Weather & News.In today's fast-paced world, accurate and up-to-the-minute weather information is essential for our daily lives. Local Weather & News is a cutting-edge app designed to provide you with the most reliable forecasts and the latest news updates on your Android device.With just a glance or a swipe, you can unlock detailed weather and news updates. Whether you're gearing up for a busy workday commute, planning a weekend getaway, or simply deciding what to wear for a casual stroll, Local Weather & News ensures you're always ready and informed.Key Features🌈 Real-time Weather UpdatesInstantly access weather conditions for your current location or any major city worldwide with Local Weather & News. Stay informed with accurate forecasts for temperature, precipitation, wind, air quality, sunrise/sunset times, and even the UV index. Plan your day with confidence by knowing the essential weather information at your fingertips.🌤️ Hourly Weather Forecast and 14-day Weather ForecastIn addition to daily forecasts, Local Weather & News provides hourly weather data for the current day and a 14-day forecast. This feature helps you anticipate temperature changes throughout the day, stay prepared for upcoming weather conditions, choose appropriate clothing, plan your travel, and organize your daily activities with ease.🌪 Extreme Weather Alerts and NotificationsThe weather is constantly changing. Local Weather & News provides timely severe weather alerts and notifications before extreme weather conditions occur. It also forecasts natural disasters such as typhoons, rainstorms, and snowstorms, helping you take preventative measures promptly and stay safe.📰 Latest Local & Global NewsStay informed not only about the weather but also about what’s happening around you and across the world. Local Weather & News delivers breaking news, trending stories, and daily headlines in politics, business, technology, health, and entertainment — all in one place.📌 Personalized News FeedCustomize your news categories and sources so you only see the updates that matter most to you. From global events to local community highlights, Local Weather & News ensures your feed is always relevant.Download the Local Weather & News app today for free and enjoy it on your Android mobile device. We are committed to continuously improving and optimizing the product.If you encounter any issues, please contact us via email. Be sure to explain the problem in detail, and we will respond to you as soon as possible. :-)","weather, news, local, your, forecasts",https://play-lh.googleusercontent.com/LeuOpW1S6CZVa4TcgKEMyCUu9-eo2vDnP3WDma4LjyyTWdupF_O-EtfL--utHP1BTSS9Zlr4UjDCtYwIuEaCNQ=w526-h296-rw,https://play-lh.googleusercontent.com/qJOWYmhfIiE6kPIEejr2ZGqUFlARY746xN7dyvidfF3e6dOEc8L02kIbPQQfafQzVCSM0jO-dFKZad7xWLUDmg=w526-h296-rw,https://play-lh.googleusercontent.com/4rufbdGU66_lipdHABSZnotwiZN6UUnNUuQFZWkf5gRl20_9svZKNg1j26zKpcpvQA0__nQtxV9pVZhYBt80=w526-h296-rw,https://play-lh.googleusercontent.com/89jaMPwilAHWdkTcA73FttOTBWpdXZA4ASOBBmeslEQwxMbhXi65Ox48Aqmky-ct-GE5qAxTwLkCzbXEd3xvee0=w526-h296-rw
News,NewsCash: Read to Earn Money,https://play-lh.googleusercontent.com/lSGWaTYP-nZdpM78TMfQvQ-B6K4hjq7sstY0uP5cxIzJZzH3FHO6KMUPVRCDALZoRnevn4Ct3jG01-B9sBPGVw=w240-h480-rw,5K+,"Feb 17, 2026",4.6,586 reviews,https://play.google.com/store/apps/details?id=com.dailynews.newsread.earnmoney.breakingnewsdaily.makemonefromnews,NewsRead Apps,"NewsCash is an informational and engagement app that encourages users to stay updated by reading news articles and participating in simple in-app activities. The app provides short news summaries and allows users to open full articles in their web browser from publicly available sources, keeping the reading experience authentic and informative. After reading selected news articles, users can confirm their participation by entering a 4-digit code displayed on the article page. This helps ensure that users actively engage with the content. 📰 How It Works 1. Browse the list of news articles inside the app2. View the news summary on the article page3. Tap to read the full news article in the browser4. A 4-digit verification code appears at the bottom of the article5. Enter the code back in the app to validate completion6. Earn reward points for participating 🎯 Participation & Points • Users may receive in-app points for participation• Points are virtual and used only within the app• Points have no direct monetary value• Optional digital items or promotions may be available depending on region and eligibility• Availability may change at any time ⚠️ Important Information• Content is accessed from publicly available external sources via browser• Reward points have no cash value unless redeemed through available in-app options• All third-party brand names, logos, and trademarks belong to their respective owners• Rewards and redemption options are subject to change without notice.","news, points, users, app, articles",https://play-lh.googleusercontent.com/gk0wDRzYKm2nq4rhQgdwrGpU8-mtc10LEG3sbApCAcu4TYEASkZh4RaIZ46PxmM84lG_hRtv59QPpmPmQyHpDlc=w526-h296-rw,https://play-lh.googleusercontent.com/TiEar_9kcYe8cnVZ421GPY4ESaNImZRN7PHp98aUm1aEAQ4t3T67gh6RaXhbT5tt48QC88PoW2pJULQCue_6IQQ=w526-h296-rw,https://play-lh.googleusercontent.com/ACl_UwgACgau4t-KhKta2jXwWZLpPTaMOs8-4NHZfC-QFKj6SDx_vk6pJCrP2cECM9a35xyYuzpLanU7-aVGgw=w526-h296-rw,https://play-lh.googleusercontent.com/2blPSpE7gGuyCeuwcXaNExz8Fp198VsbADl6bwLFwJa776wbTKe3mo7AxHCiVv8wwSZN0F4tu90QttdBMZuc=w526-h296-rw
Photo & Video,Geni Art – AI Photo Generator,https://play-lh.googleusercontent.com/qtxVNZVxuiDTCBWCj9b5u9GK1_23durctV_3ET1CI20p0i0HC8g_GjZgvH3BVkvH9eGWP2-tpFkfo_xLpxYR=w240-h480-rw,100K+,"Feb 10, 2026",4.5,2.98K reviews,https://play.google.com/store/apps/details?id=ai.art.generator.photo.image.geni,LeafMotion Software,"Geni Art – AI Photo Generator is an all-in-one AI photo generator, AI art maker, and smart photo editor that transforms your images into stunning AI artwork in seconds. Create eye-catching AI photos, apply viral AI trends, turn portraits into cartoons or 3D avatars, enhance image quality, remove backgrounds, and more—powered by advanced AI technology.🔥 AI Photo Generator – Turn Ideas Into ArtGenerate high-quality AI art, AI portraits, and creative images instantly. Upload a photo or enter a text prompt and let AI create unique styles, scenes, and artistic designs. Perfect for social media, creative projects, and personal branding.❄️ AI Trend GeneratorExplore a growing library of viral and seasonal AI styles:Winter AI portraits with cinematic snow effectsChristmas AI photos with festive lighting and holiday tonesPolaroid AI effects for vintage, film-inspired looksAging AI filters for realistic old-age transformationsNew trending styles like Nano Banana, AI Portrait, AI Hug, AI Kiss, AI Avatar, and more are added regularly to keep your content fresh and shareable.🌈 Cartoon & 3D Avatar GeneratorTurn selfies into fun and unique creations:Cartoon photo generator3D model avatarsAnime, comic, and stylized character designsCreate standout profile pictures and viral social content with just one tap.🛠️ AI Photo Enhancer & EditorUpgrade your photos with powerful AI tools:Sharpen blurry imagesRestore old or damaged photosAI background remover to erase or replace backgrounds with solid colors, custom scenes, or AI-generated imagesIdeal for product photos, professional portraits, and creative edits.🌟 Why Choose Geni Art?Multiple AI styles and photo effectsEasy to use for beginners and professionalsFast processing with high-quality resultsFrequent updates with new AI trends🚀 Create Stunning AI Photos TodayDownload Geni Art – AI Photo Generator and unlock endless creative possibilities. Turn photos into AI art, apply trendy effects, enhance image quality, and create professional visuals instantly.","photo, photos, art, into, generator",https://play-lh.googleusercontent.com/PxDB3PK33dSy42KehiId9__lX3R-StWZhLEMLGGx47Uhcy4x9wZzKOY_L9-TJoLroA=w526-h296-rw,https://play-lh.googleusercontent.com/eurW-efOQxwqUuWVBqeeNAtcjKq6GyEyGqDOpWDz2Uv9jEC_sXaA9ZIhmcKL_0AR9qQ=w526-h296-rw,https://play-lh.googleusercontent.com/F6YESn1sInaNDyGTdt8bhxLCJ-FxAo-7zpuB9ZuMbHLRvolIM_2NdRozogscvFueVhk=w526-h296-rw,https://play-lh.googleusercontent.com/8OMpcjP2i9t3Bg5O7WRNh7XN8JnAXd-WjqRJRbVjKx2VywxP_wfRm4MvQWj1YWPzMIU=w526-h296-rw
Photo & Video,"Pose: AI Video Maker, AI Photo",https://play-lh.googleusercontent.com/MdXbJZwvFjREHVwsYFaQdHWrgQKyTulZSGx1JzefMjFuHwpNjQM3ZbFhNsxinbS7HG5zhnNCGGHRhFQ56-o31A=w240-h480-rw,500K+,"Oct 31, 2025",4.4,24.4K reviews,https://play.google.com/store/apps/details?id=ai.photo.video.generator.foto.imagen.filter.animation.maker.picture.ia.trend,M2R Teknoloji Anonim Sirketi,"Pose: AI Photo & AI Video Maker, the viral ai caricature maker, ai dance generator and art ai video generator to share viral videos and get viral on social media. Pose AI photo video generator is designed to transform your photos with trending filters such as ai caricature maker, ai baby dance video, birthday photo shoot and ai luxury styles. Unleash your creativity with the viral Polaroid ai filter, create a stunning ai luxury car video, and master the y2k photo aesthetic. With features like ai sway dance filter effect, Valentine's day photo and ai winter photo, Pose is the ultimate ai photo video generator and portrait generator for anyone looking to share viral and high-quality content. Create realistic ai homeless man, fake news prank and menace ai arrest videos for TikTok to surprise your friends with menace ai news video generator. Elevate your social media with hyper-realistic content of ai dance video, polaroid ai filter, birthday photo shoot and more. Why Choose Pose : AI Photo & AI Video Maker?Pose - AI Image to Video Generator brings you the latest trending filters of ai baby dance video, birthday photo and ai caricature of my job to share and get viral on social media! Transform your images into instantly shareable ai generated photos, baby dance videos, ai luxury car videos, ai caricature picture, and birthday shoot effects. Create breaking news video to entertain your friends with menace ai news video generator! Easily create TikTok and Reels hits with our ai video generator features of high-quality visuals such as polaroid ai filter, birthday photoshoot and ai baby dance video, tailored to your desired style.Viral Trend: Caricature of Me and My JobCreate your job caricature with Pose AI Caricature Maker. Upload a photo and watch Pose's Caricature Maker turn you into a playful cartoon based on your job, from doctor to gamer to designer. Create adorable, shareable caricatures that show your work personality in a fun and creative way.AI Baby Dance VideosJoin the viral AI baby dance video trend, letting users turn their baby or child photos into a fun, realistic dance videos. This trending cute baby dancing feature, ai sway dance filter effect and ai dance generator is perfect for entertaining family and friends, and sharing adorable content on social media. With Pose AI Dance Generator, creating cute baby dance videos from photos is fast, easy, and incredibly fun.Birthday Photo ShootTurn your photo into a luxurious birthday shoot! Celebrate your birthday with elegance! Pose transforms your photo into a glamorous birthday shoot ai.Polaroid AI FilterReimagine your shots using the retro Polaroid ai filter, bringing the vintage charm into the digital age. Powered by Pose Polaroid ai video maker you can create your photos with your loved ones in a retro Polaroid photo to share on Instagram, Facebook and TikTok!Ghostface Y2K Portrait Vibes!Get ready for the viral Ghostface trend! Instantly transform your selfie into an edgy Y2K photo featuring the iconic masked character. Blend creepy vibes with funny filters for the trendy social media post.AI Photo Video GeneratorAI Image to Video Generator - Pose is a powerful all-in-one ai photo video generator that turns your selfie image into ai generated photos, ai luxury car videos and ai baby dance videos. You can also create menace ai arrest or ai plumber prank for entertainment with menace ai video generator. Follow trends with viral AI video generator, share trending posts by Pose AI video maker.Capture and share the latest social media trends like the viral polaroid ai filter, birthday photo shoot or the cute baby dance video. Pose AI Video Maker offers high-quality content ready to be shared across all video sharing platforms, instantly elevating your presence in instagram, facebook, snapchat and tiktok!","video, photo, your, dance, generator",https://play-lh.googleusercontent.com/3yHRzSWpmRqzHud7yQBZbhzod3e98LMIB9YTXBtmo7g6ZBGsgA9fzm5FxxJXJYVP_uM8JyPBEwm5vd6oxgZXag=w526-h296-rw,https://play-lh.googleusercontent.com/E9EWGGUwUcGFleuq7VzTEu3T0eVMOq1l6Kwdqi7BlkMr0BOUeOtiPk9cg3PPtHXYY1UQneDbApDBpctt9b9Kb14=w526-h296-rw,https://play-lh.googleusercontent.com/QJnU9w_TsQDxnMPSk2cf7LReYoRA72DyUuR-qTy7IaroCAZWf0ZMz1GsyUvoTrgxLx5F8s1-iNPZNRf6SV8usg=w526-h296-rw,https://play-lh.googleusercontent.com/lwr1XvmPxk9Xv5ktXDOVto8tkedT4i1lTTb3GMkmOF7MzVp0VfzdQFiNh5JXqojNVfH0ffnu02HOU_pcrII=w526-h296-rw
Photo & Video,Gallery - Photo Gallery,https://play-lh.googleusercontent.com/WihkDNU36DFrk679CVTaKiXS4b2DR8F4ToNuA7BXxu6m9qsq9KLCd4A4FVzSIWf_W7Re6dwGa83d8W7Jh8cARg=w240-h480-rw,1M+,"Oct 6, 2025",4.7,26.6K reviews,https://play.google.com/store/apps/details?id=photo.photovault.hidepictures.gallery.lockgallery,iStrom Apps,"Photo Gallery is quick, light, and the hub for all your photos and videos. It organizes your photos, videos, albums, GIFs, making sharing easy. Photo Gallery is a smart all-in-one solution for a private gallery, Gallery Vault, photo viewing, and photo editing to manage your photo and video albums. Secure your photos with password, organize them, and display them well organized.Photos and Videos get organized automatically- Easily locate your photos and videos with automatic sorting.- Optimize gallery collections for peak performance with lightning-fast refresh capabilities.- Sort your photos and videos by making albums and marking your favorites.- Explore thousands of photos and videos in the gallery, and organize your gallery albums by using delete, copy, and move.- Support folders and SD card. Organize photos the way you like by using folders.Stay organized with Photo Gallery, so you can Spend more time enjoying pictures and less time managing and Spend extra time sharing memories with your friends or family.Gallery Lock : Hide Photos and VideosPhoto Gallery can hide and encrypt your photos and videos easily, keeping them secure in the Photo Vault. Ensure your privacy stays completely safe. The Lock feature allows users to hide private or secret photos.Hidden photos and videos won't appear in the main system gallery or other apps. You're the only one who can see the photos by entering the password. Group your hidden photos and videos into folders as you want!Photo Gallery - Photo EditorPhoto Gallery has a powerful photo editing tool, like auto-enhance, to make your photos look great with just one tap. Edit your photos with simple and powerful photo editor tools to apply fantastic photo filters, adjust lighting, text,crop, brightness, blur, and more. Simple gallery is photo gallery app that lets you to edit pictures in Galley Photo Editor.Features of Photo Gallery, Gallery Vault, Simple Gallery, Gallery lock, Photo Album Gallery, Hd Gallery, Photo Editor- Organize your photos and videos in gallery by date, albums automatically- Photo preview in HD- Secure your private photos and videos, organized by folders- Move/Copy/Delete photos and videos- Rename photos and albums- Quick search- Craft new albums to organize your photos and videos- Sorted by date, name, ascending or descending both- Photo flters- Set gallery photo as wallpaper- Mark your photos and videos in favorites- Get more details of Photos and VideosGalleryDiscover photos quickly with automatic organization. Organize photos the way you like using folders. 100% working offline. Delete phots and videos in Simple Gallery.Gallery VaultHide photos and videos in Vault with a password. Also, you can lock albums, and photos in Photo Gallery Vault. It's not just a photo gallery it's also an all-in-one vault.Photo Album GalleryCreate an album and copy/move your photos, in the way you want to arrange them. Edit, crop, and enhance your pictures. Hide your photos without Wi-Fi and secure them with a PIN or password.Photo LockSecure your photo albums and hide photos with a PIN code. This private photo vault provides the safest space for sensitive files. With this photo lock app, you can share your phone without giving away your privacy.Photos AppPhoto gallery app that allows you to comfortably view all the pictures on your Android device. Get this photos app now!Photo EditorEdit and improve your picture quality in the photo editor. Try this simple gallery to enjoy your favorite moments with the gallery app.Gallery is compact, giving you more space for your photos. Plus, it uses less memory, so your phone won't slow down.Photo Gallery is a great photo gallery and editor with lots of features.This gallery is best galleria, photos galleries and albums galleries quickly access photos, videos, gifs and albums with after-call feature.","photos, gallery, your, photo, videos",https://play-lh.googleusercontent.com/4ijdwilRvBdIUw-Ni27O6Hvrlwb-84zD2kSpNS11QZgLVRCFsh1qlFGv3ThA9TU_LD1QhXu-Wkv-Nbw8MIgnzPE=w526-h296-rw,https://play-lh.googleusercontent.com/6jva3v01HfoB0yq5e8fSBVlcwvq-Olv5ztiMRkz0XmscGkeC_mb_EugxSSGoBa8Pr25Q7nKNV1OQ3ROi5uEXsZU=w526-h296-rw,https://play-lh.googleusercontent.com/_r-25kRj4IZE-cmNGc1m1_IIQJGXjTMXJ3vun_WYCHFfMLVidR3fy488pFZ0AYQdNtda25N7NolWG29imegAWg=w526-h296-rw,https://play-lh.googleusercontent.com/bY36qS5pSj5egpY_dm6NRQDIZisedZaix4jcxpRAER39OJjeFo4VaCIpwtnT7fOE4dXK9fYxlxFKLDhGV9N4DQ=w526-h296-rw
Photo & Video,ToonApp AI+ Viral Photo Maker,https://play-lh.googleusercontent.com/Xngq1FQeVVXjzLHF02lNHDIp6uiOhM_1a9uVfqek26-cPegt7GB7SuGkMx3tEmSVGUBLi0NvI4S-b5Odvkq4tQ=w240-h480-rw,50K+,"Jan 9, 2026",4.5,1.8K reviews,https://play.google.com/store/apps/details?id=toonapp.ai.studio.photo.generator.video.creator.image.filter.ia.foto.imagem,Lyrebird Studio,"Transform yourself with ToonApp AI+ : AI Photo Maker, the trendy AI image generator and content creator! ToonApp AI+ is an all-in-one AI video generator and AI photo generator. Whether you want to create a professional AI headshot photo generator result or a fun AI dance generator, our app puts the future of creativity in your hands. Bring your photos to life using powerful image to video and photo to video tools. ToonApp AI+ : photo studio makes it easy to transform a single image into a dynamic animation video or a smooth AI image to video generator effect. With the built-in AI video generator and AI video maker, you can create engaging AI generated video content that feels alive, expressive, and ready to share. These AI generated videos are perfect for social platforms like Instagram, Snapchat, Facebook and TikTok!Dance Video Generator: Join the dance trends on social media with your own dancing video! The new AI Dance Generator in Toonapp AI+ lets you transform any photo into a fun, energetic dancing video in seconds. Simply upload a selfie or portrait and watch it turn into a smooth, entertaining AI dance animation. Create adorable baby dancing videos that melt hearts or generate funny and trendy dance videos for adults that are perfect for sharing on TikTok, Instagram, and Reels.Caricature Maker: Join the viral “caricature of me and my job” trend with Toonapp AI+ and turn your everyday profession into a fun, eye-catching cartoon masterpiece. Simply upload your photo and choose various templates of job caricatures that fits you most. This feature helps you create unique, expressive, and highly shareable AI images that showcase both who you are and what you do in a playful, viral-ready way.Capture Every Season & Celebration: Make your memories stand out with our specialized ai birthday event tools. Celebrate your special day with ai birthday photo shoot or use our AI birthday features and birthday photo editor to create the perfect social media post.Revolutionary AI Video & Animation: ToonApp AI+ is more than just an ai studio; it is a complete AI video maker.AI Image to Video: Watch your static images breathe with our ai photo to video technology.AI Generated Videos: Produce high-quality AI animation video content for TikTok and Reels.AI Cartoon Photo Generator: Convert your selfie into a high-quality cartoon picture! The advanced AI image generator and AI portrait generator allow you to create unique cartoon styles that match today’s trends. Viral Trends: Stay ahead with the ai viral photo styles, including ai winter effects and the popular y2k photo maker aesthetics.AI Image to Video Generator: Simply upload a photo and let our AI content creator do the rest.Professional Portraits & Viral Styles From the office to the art gallery, our AI portrait generator has you covered:AI Headshot Photo Generator: Get the perfect professional look with our AI headshot photo generator—ideal for LinkedIn or resumes.AI Portrait Generator: Create stunning, artistic versions of yourself with our advanced ai portrait maker tools.Y2K Photo : Go retro with y2k ai photo aesthetics.Fun for Everyone: ToonApp AI+ is designed for creativity and connection. Use the AI pet portrait feature to turn your furry friends into masterpieces, or create an AI viral photo that gets everyone talking.Designed for creators, ToonApp AI+ : Photo Maker works as a complete AI content creator studio. From AI viral photo effects to trendy Y2K photo styles, the app gives you everything you need to stay relevant and creative. The combination of AI image generator, AI portrait maker, polaroid, and image to video tools allows you to produce content that feels fresh, modern, and made for sharing.Don't miss out on the latest trends! From snow winter photos to AI headshots, ToonApp AI+ is your go-to AI content creator. Download ToonApp AI+ today and start creating!","photo, video, generator, your, toonapp",https://play-lh.googleusercontent.com/L_skSd-fgTERfeFgwcEz9CtDv7_JKcBFsX-JgIQfOs0Y2A4BeNOB7xyXV4j-dzHxFeAraplygT5_H4FvHlj886o=w526-h296-rw,https://play-lh.googleusercontent.com/lJvLWjF7nTkeUT9-6EIKGODcNDclRAF3cqfLWm1QmVZYqV4JnelI4V6WuYjLdpxkY-oPWMN4wtv346erM35uLg=w526-h296-rw,https://play-lh.googleusercontent.com/NWSgOlHHsxhP683tJ3iUg0HFBKk55E8kvvX24gzrHVRiPlE_meiWH6drcK-Dh7_fTzsk38Tx9iBUcwqssnGsGZM=w526-h296-rw,https://play-lh.googleusercontent.com/Ua3IMnGqIy7z9bhwM61PmqftzLjDh0cIdUXvOSOlEpfF5MV0TwNYPcx7uikxQcxoFPB6ImfajAXvuFrAGgSYn6s=w526-h296-rw
Photo & Video,Hype AI - AI Photo & Video,https://play-lh.googleusercontent.com/dUim7CxhPi-Gsyl_PAh3oxLizihzKCUqM8YfpYxsrBco9g0zLR0VfGw9PDkldj7UuvtxFNGfMHsKmCeJnsjXEA=w240-h480-rw,500K+,"Mar 3, 2026",4.4,540 reviews,https://play.google.com/store/apps/details?id=com.ai.hype,ORIGO Game,"Hype AI is an all-in-one creative app powered by advanced AI filters and cinematic video presets. Designed for modern creators, Hype AI helps you turn everyday photos and videos into eye-catching content—fast, effortless, and professional.✨ AI Filters That Adapt to YouUnlike traditional filters, our AI filters intelligently analyze people status, lighting, and scenes to deliver natural and balanced results. From subtle enhancements to bold creative looks, every filter is optimized to preserve details while elevating the overall aesthetic.🎬 Professional Video PresetsApply cinematic color grading, mood-based styles, and dynamic effects with a single tap. Our video presets are crafted to work across different scenes and lighting conditions, making your videos look polished and consistent—perfect for Reels, Shorts, TikTok, and more.⚡ One-Tap Editing, Instant ResultsNo complicated timelines or layers. Simply choose a filter or preset, preview instantly, and export in high quality. Editing that once took minutes—or hours—now takes seconds.📸 Perfect for Any Content- Selfies & portraits- Lifestyle videos- Social media content- Daily short-form videosTurn ordinary moments into viral-ready visuals.Create the look. Feel the hype.🔗 Stay Connected: We always welcome your thoughts and suggestions. You can contact us via hypeai-support@origogame.com.Privacy policy：https://origogame.com/hype-ai-privacy-policyTerms of use：https://origogame.com/hype-ai-terms-of-service","filters, hype, video, videos, creative",https://play-lh.googleusercontent.com/v9e4Zx1yT6Ac7YL3JawRHMsLeRLgWKvvf7ZDwnT-3V9UUsmdvhrJSaJwQJudJkCkDVBVUh4r0hlIo1YmRQRu=w526-h296-rw,https://play-lh.googleusercontent.com/6mSYgKIfqVILp0nuodDWvYHKy3m98zLUZbnPyJD5pKUu_-4VQLgzjjH8SiPHjj4-KJexAs4IiGzIOo6b4SBqg7M=w526-h296-rw,https://play-lh.googleusercontent.com/4uC5REhA7jZrpFxHKR4cxbXVuHkpLl7lY0Rv8ih2Ff6Wb_kwNFIO0F-8lPpecoeAOwA1vIeUO-SBtujTjmJS7w8=w526-h296-rw,https://play-lh.googleusercontent.com/559BWvQ9K1-7b0T_J07OTu8zPeZJPGFZHulKG6tX7C87hRMBLNCMXC9yVTvchaX94jOizeEni9coxx9diO0Kcw=w526-h296-rw
Photo & Video,AI Music Video Generator,https://play-lh.googleusercontent.com/YhlLvrr0c4zxTPezaMHv0XOppHZKsqQFBJhHy297bT-xW8ZFd3untNZ-AI3_HHTWuw8GH5GmG3GKObJctQMTfso=w240-h480-rw,100K+,"Jan 31, 2026",4.3,1.32K reviews,https://play.google.com/store/apps/details?id=com.deepix.danceai,DeePix AI Apps,"CREATE YOUR AI MUSIC VIDEOS 🎵🎬Turn any photo into a music video instantly with AI Music! 🎤🎶AI Music is a powerful AI music video maker and generator that lets you create stunning AI music videos from any photo 📸. Transform yourself, friends, kids, or pets 🧑👧🐶 into music video stars using advanced AI technology 🤖. Upload a photo, choose a music style, and generate incredible AI music videos in seconds ⚡AI Music makes it easy to create fun, shareable, and viral music videos for TikTok, Instagram Reels, and YouTube Shorts 📱🔥⸻AI MUSIC VIDEO MAKER & GENERATOR 🤖• AI Music Generator: Create high-quality AI music videos instantly ⚡• Music Video AI Technology: Realistic lip-sync, expressions, and music-driven animation 🎶• AI Music Creator: Turn any person or pet into a music video star 🐶🎤• Photo to Music Video: Convert photos into animated AI music clips 📸➡️🎬• AI Music Video Maker: Generate viral AI music content with one tap 👆AI Music uses advanced AI to produce the most realistic and fun music videos available today 🚀⸻TRENDING AI MUSIC STYLES & VIRAL VIDEOS 🔥• Popular Music Styles: Choose from trending and popular music genres 🎧• AI Music Templates: Create viral music videos with ready-made templates 🧩• Social Media Ready: Perfect for TikTok, Reels, and Shorts 📱• Instant Music Video Creation: Generate AI music videos in seconds ⚡Create viral content easily with the most advanced AI music video generator 🎯⸻SIMPLE AI MUSIC VIDEO CREATION 🎬• One Tap AI Music Maker: Upload your photo and create music videos instantly 👆• AI Music Animation: Bring photos to life with realistic lip-sync and music-driven motion ✨• Share AI Music Videos: Download and share your AI creations anywhere 🌎• Unlimited Creativity: Make funny, cute, or viral AI music videos anytime 😄🔥AI Music makes music video creation fast, simple, and fun 🎉⸻ALWAYS UPDATED WITH NEW AI MUSIC CONTENT 🆕• New music styles added regularly 🎶• Trending viral AI music templates 🔥• Fresh animation updates for realistic AI music videos ⚡Stay ahead with the latest AI music video technology 🚀⸻Try AI Music today and create amazing AI music videos instantly 🎵🎬Upgrade for unlimited AI music videos.Unlock full access to all styles, effects, and tools with a subscription.Plans are Weekly & Yearly. Payment charged to your Google ID upon confirmation.Subscriptions auto-renew unless canceled at least 24 hours before the current period ends.Manage or cancel anytime via your account settings.Unused trial time (if offered) is forfeited after purchasing a subscription.⸻WE’D LOVE YOUR FEEDBACK ❤️We’re constantly improving AI Music to deliver better music videos, smoother animation, and more powerful AI features 🤖If you have suggestions or feedback, contact us at info@deepixai.com 📩By using the app, you agree to our Privacy Policy and Terms of Use.Terms of Use: https://deepixai.com/terms-of-use/Privacy Policy: https://deepixai.com/privacy-policy/","music, videos, video, create, viral",https://play-lh.googleusercontent.com/pmDwqyUE4QXOLT5PUCXP2Us3VIgslEsYj83DJJHtNl5YVHUeTml8R_ll-_GSb-rTJyucsTzd0d913LEanWo8SHM=w526-h296-rw,https://play-lh.googleusercontent.com/1XzlFN1x-cfcFMkCrRkwU8Hu_bt9uXskb7Nt_1AHgLP4Vbk7ElCzC5ZeJXamJOzD8hy-V3R80ST_OWsFcBh0cMg=w526-h296-rw,https://play-lh.googleusercontent.com/JvXhFy1PGOvQgEKeL7TE_YTB49LfobPgipt9RCrqRzX-9kVRVubTm3u7cTQWiqyThs678iZG0j2_JCwEuEtO3Q=w526-h296-rw,https://play-lh.googleusercontent.com/sBD-_1g_3WsOdsB3GIiQcrLiOUIsHb1fiMbehBNP7ONekflIo7ABC7kVPDY_Y27utmHuYeB_XrZuslVhE5jfWUw=w526-h296-rw
Photo & Video,Scroll & Collage Maker: InsMix,https://play-lh.googleusercontent.com/8CMwR68eivbyFKCdyipC3ixVc3JcgOX7dZF63KZpUf-B1VVkTj8XQJvH2djxlM0gj9Z91jKmvENiPUKsNAqwag=w240-h480-rw,1M+,"Jul 31, 2025",4.1,4.79K reviews,https://play.google.com/store/apps/details?id=scroll.collage.carousel.insmix,Daily Joy Studio,"Unleash your creativity with InsMix—the ultimate tool for crafting seamless Instagram carousels and aesthetic photo collages.Whether you're an influencer, a brand, or simply sharing life's best moments, InsMix gives you everything you need to elevate your feed. From seamless panoramas to layouts that break the 20-photo limit, turn your memories into scroll-stopping visual stories.Why Creators Choose InsMix:✨ Seamless Panorama ScrollCreate the ""Swipe Left"" effect effortlessly. Transform your landscape photos into one continuous, flowing panorama. No awkward crops, just a cinematic experience that keeps your followers engaged.📸 Break the 20-Photo Limit Don't let Instagram's limits clip your wings. With InsMix, you can combine more than 20 photos into a single, stylish post. Perfect for travel recaps, monthly photo dumps, and detailed OOTDs.🎨 Aesthetic Templates & Layouts Stuck on design? Explore our library of trendy templates. Whether you vibe with Film, Polaroid, Minimalism, or Scrapbook styles, we have the perfect layout to match your aesthetic. Updated weekly to keep your feed fresh!🖌️ Free-Style ""Blank Canvas""Unleash your inner artist. Start from scratch with complete control over ratios, background colors, and photo placement. Add stickers, text, and layers to design a layout that is uniquely yours.✨ Pro Photo Editor No need to switch apps. Polish your photos instantly with pro-level tools—adjust brightness, contrast, saturation, and apply high-quality filters to get that cohesive influencer look.🚀 Seamless Sharing Export in high quality and share directly to Instagram with a single tap. Your workflow just got a whole lot faster.👀 Coming Soon:Video Collage Maker for Reels & Stories.Dynamic templates for video content.💌 We’re Here for YouWe are dedicated to making InsMix the best creative companion for your Instagram journey. Have a suggestion for a new layout or filter? We’d love to hear from you! Contact us at: insmix@dailyjoypro.com","your, seamless, photo, insmix, instagram",https://play-lh.googleusercontent.com/gVZwC9abwHx53LP7vN_KBGf5kw11OkBHfRxttnuRUSyU-CYEIjrsWOB3HOkAKIUGh78=w526-h296-rw,https://play-lh.googleusercontent.com/kSQ-AeYtGZyUMm7GOPtr4_T6FiF0pCnvl2GA6ordQ8bWuIZLopjxmwyOocPGoWd-_IMW=w526-h296-rw,https://play-lh.googleusercontent.com/KvEhtJv0DiBLV38I0QtbVXEa1M7v1Wdrk3WXD98w7tXgBrUDkQLXPsQFSdWbMbCzfVg=w526-h296-rw,https://play-lh.googleusercontent.com/i4f4KFn4ylfyuIGv41TKsAxqGTJd6GgLzBtvKiJEXPoHmg2kfnebzFz2neaybUEFfCMP=w526-h296-rw
Photo & Video,Pix Editor: AI Photo Maker,https://play-lh.googleusercontent.com/Qs-run22oKdQApW1ZwdCv-JxFZAOXJ_LBd_GOS6EFiF9t8v5WoWmXSFNqySGn3ZN4g=w240-h480-rw,5M+,"Oct 29, 2025",4.2,23.3K reviews,https://play.google.com/store/apps/details?id=com.snaptune.ai.photoeditor.collagemaker,Signature EXP,"Pix Editor will be your companion for photo collage creation, frames for pictures, background changer, and personalized editing. Instantly touch up and add depth to your images using AI photo enhancer, 500+ trendy and stylish photo frames, cute emojis & stickers, pip, collage maker, and other tools in any photo editor app.Get creative with our collage maker and hundreds of photo frames to turn your pixshots into epic storyboards. With our app, you're the photo editor so choose the layout that speaks to you, whether showcasing outfits, a unique piece of art, or conveying any mood or theme, try this photo editor app with an inbuilt collage maker to impress your friends.Pix Editor is an AI-powered photo app that also helps you remove unwanted content from your photos with a background eraser or swap scenes in seconds. So transform any pix into an adventure by deciding where your background changer will take you.Features:AI Enhancer & Background Eraser•	Seamless, realistic background changer. Erase, blur, blend - enhance photo quality in seconds•	Easily erase backgrounds from your pictures - no complicated tools or skills needed•	Keep things neat with a background eraser for a clean, professional lookPhoto Editor•	Crop, rotate, flip and adjust brightness/contrast, curves, etc•	Add meaningful or playful text with 150+ customizable fonts, colors, and sizes•	Convey emotions with a diverse collection of vibrant stickers, heartfelt emojis & backgrounds•	All-in-one photo editor providing seamless editing anytime, with adaptive interface modesPhoto Frames•	Choose personalized layouts of single/double photo frames for any day like a Wedding, Valentine's, etc•	Design from 500+ special photo frames as unique gifts for lasting memories•	Effortlessly personalize images with a tap to show off your photo editor skills•	Stay trendy with regularly updated photo frames for every occasion•	Match frame sizes precisely to enhance the visual impact of what you createPhoto Grid Collage Maker•	Choose from a wide variety of 100+ adjustable layouts & combine up to _ photos•	With an easy-to-use collage maker, create a photo grid sharing a story behind each image•	Secure your photo collage in your phone gallery and share it with friends & familyPIP (Picture-In-Picture)•	Craft multi-layered pictures by overlaying one image seamlessly onto another•	A wide variety of PIP effects and backgrounds in the photo editor for added flairPhoto Editor with Effects and Filters•	Experiment with different filters to find the perfect style and mood•	Transform images with artistic photo effects from vintage vibes to modern flairStunning Social Media Templates•	Discover templates designed for sharing on social platforms and other platforms•	Choose from various layouts for different social media post requirementsTry the Pixtune Photo Editor for free! Create cool collages, and frame pictures, and make your memories even special with an all-in-one photo editing app.We value your feedback! Contact us at signature.exp@terafort.com for inquiries or suggestions.Check our privacy policy: https://sites.google.com/view/snaptune-ai-privacy-policy/homeCheck our terms of service: https://sites.google.com/view/snaptune-ai-term-of-service/homeFollow us on Social Media:Facebook: https://web.facebook.com/SignatureEXP1/YouTube: https://www.youtube.com/@signatureexpInstagram: https://www.instagram.com/signature.exp/X: https://twitter.com/we_are_terafort","photo, your, editor, collage, frames",https://play-lh.googleusercontent.com/hy9JF7TUzZfbu3Kk2GdXN6cMRmuuDnsyB2QJCXLNQwfQGrPbklhj1KBn7hUfcBR3l3g=w526-h296-rw,https://play-lh.googleusercontent.com/7s_KJZn0xkm6ozXyt9V6Yq6851c-Gb9WbDHCm7vXWjrI6qMXskXBeFlnc6lOCrDnhDw=w526-h296-rw,https://play-lh.googleusercontent.com/gWa3COr-BxG6vifMA-ooBF49UoR7nrAphewmV7j2rpeT4PzTADUe8Ptprngao_69pg=w526-h296-rw,https://play-lh.googleusercontent.com/HcxsdyFEYsaMfiP9A1SYO6rBKQ0AbEV3K54HPnhGEf284VIDJAeS0gH_TqkUZ7mhLw=w526-h296-rw
Productivity,Google NotebookLM,https://play-lh.googleusercontent.com/qWDLmYCI4Lqzq8J-LhtvWvp1HIPkJb2lqkHjduXM7tnCo7N1tmKxnYdaX7CS2_5pkDuW=w240-h480-rw,10M+,"May 16, 2025",4.8,166K reviews,https://play.google.com/store/apps/details?id=com.google.android.apps.labs.language.tailwind,Google LLC,"Turn complexity into clarity with NotebookLM, your brain’s new best friend. Join the millions of students, creators, researchers, professionals, CEOs, and more who are saving time, getting stuff done, and learning in new ways.“NotebookLM Blew Our Mind” – Hard Fork“One of the most compelling and completely flabbergasting demonstrations of AI’s potential yet.” – The Wall Street JournalNow, with the NotebookLM app, you can create and access notebooks, ask questions whenever you think of them, and listen to your podcast-style Audio Overviews on the go with background playback and offline support.📚 UPLOAD SOURCESUpload all your long and complex PDFs, websites, YouTube videos, or text into a notebook.💬 INSIGHTS YOU CAN TRUSTNotebookLM becomes an expert on your sources, summarizing them and making interesting connections. Then, you can ask it questions about, well, anything — and you can trust the answers, since your sources are cited in-line.🎧 LEARN ON YOUR TERMSLong blocks of text not your preferred way to learn? Transform what you uploaded into something more your speed, like a podcast-style audio discussion with two engaging AI hosts. You can even join the show to ask questions or steer the conversation in a different direction.","your, into, ask, questions, notebooklm",https://play-lh.googleusercontent.com/ZUFU1R0VyUO5nlSEr9_dCeVztjM1wF5CEVdnC1VPzw8fZC487HHMcJJkbnwEPPDZCqs=w526-h296-rw,https://play-lh.googleusercontent.com/WRMPUJQ9WH2qn0YHOHz_ic1ZqOlsLd4XVrFn_68mN0D74Ux5b7EqHlOZlk2_2K86F4FN=w526-h296-rw,https://play-lh.googleusercontent.com/p5H-zltv552ZeEOeC-C-rq59UQM697U4qBz6X9Lov7_ONMt5KHNHkvTqaE0iVuhy3Ys=w526-h296-rw,https://play-lh.googleusercontent.com/riiW6sZ2uCev-USLltarUzOZPpmhSY4rJeVhE6wzrxu9kTWwhs64lXmLdmKO-pUmt4h1=w526-h296-rw
Productivity,Manus AI,https://play-lh.googleusercontent.com/7RIeDBEnjVVn3d1yr441p7u0BK9eT8E6P9i__XYTcJAzOe7sqVgJp7pmlypqY9NBqjI=w240-h480-rw,1M+,"Apr 23, 2025",4.6,248K reviews,https://play.google.com/store/apps/details?id=tech.butterfly.app,BUTTERFLY EFFECT PTE. LTD.,"Leave it to ManusManus from Meta is a general AI agent that bridges mind and action: it doesn't just think, it delivers results. Manus excels at various tasks in work and life, getting everything done while you rest.From Idea to ExecutionWhereas other AI tools stop at brainstorming, Manus sees your ideas to execution. Using its own ""computer"", Manus breaks down your task into a to-do list, executes these subtasks, and delivers your final result.Your Trusted ColleagueManus works asynchronously in the cloud, meaning that you can simply close your devices and Manus will notify you when your task is complete. You can also stop and edit your prompt at any time. Stunning & Structured SlidesWith a single prompt, Manus generates entire slide decks tailored to your needs. Whether you're presenting in a boardroom, a classroom, or online, Manus ensures your message lands. Once you are done, export or share it with colleagues and peers.Free & Unlimited ChatAsk any question, get instant answers. Need more power? One-click upgrade to Agent Mode with advanced capabilities from asking simple questions to creating comprehensive outputs.Design & Deploy Websites Manus turns any file into an engaging website with one prompt. Spreadsheets, slides, images, resumes, books... All your files can be more sharable, interactive, and visually impressive as a website.Image & Video GenerationFor both image and video, Manus transforms simple prompts into complete stories. Whether it's creating a poster froma piece of crumpled paper or a high fashion concept, Manus brings your inner artist to life. Reclaim your timeTasks that used to take 20 hours can be reduced to one with Manus. Whether that's turning complex data into visual representations or automating repetitive routines, leave it to Manus so that you can turn your attention to engaging tasks.Privacy Policy: https://manus.im/privacyTerms of Use: https://manus.im/terms","your, manus, into, prompt, any",https://play-lh.googleusercontent.com/a3F915RlRowD8pnvaQhAA_U4GIqmGOyIpyslboXvI6B6AKqAzIVqycjuJMYqlGJu5Ws=w526-h296-rw,https://play-lh.googleusercontent.com/O9y2qPv17zq2H9XwNHe6Daqhis6CdmHAceeAIai1kVgmUa9C_e8KAJk9-cLWEOPDbQ0=w526-h296-rw,https://play-lh.googleusercontent.com/wfJ0ssJ7IPefeSP6x5hF_ggZ0eqoOa3VGFKbY_vra4Q7MG8wTl0JNaMo9WP-EJyyzA=w526-h296-rw,https://play-lh.googleusercontent.com/hwSj1BAomBj6LB1NSD_d-VdOh3zGHr2hDtOhasN-T-9sEnUEsgL_Uw81VropGSwdxg=w526-h296-rw
Productivity,PDF Reader - All PDF Scanner,https://play-lh.googleusercontent.com/qoaolweQpG8LgRf9yjBHUdN-mUuw9GM7P-aXkqGrWHktVz2hTRznYCe9uURu3CWonyj5RfOqOWJ5S8ILTd3mSw=w240-h480-rw,100K+,"Sep 28, 2025",4.3,1.18K reviews,https://play.google.com/store/apps/details?id=com.first.pdfreader,Dev Globeg,"PDF Reader – All PDF ScannerA powerful yet easy-to-use PDF viewer and editor designed to help you efficiently manage and handle your local documents.✨ Key Features- Multi-format Document Preview: Quickly open and view PDF, Word, Excel, PowerPoint and other popular file types with clear display and smooth loading.- Built-in PDF Editing Tools: Add annotations or text to your PDFs with an integrated brush and text tool.- Image to PDF Conversion: Convert multiple images from your phone into a single PDF with one tap. Automatic layout makes archiving and sharing effortless.- Scan to PDF: Use your phone’s camera to scan paper documents, receipts, or notes and instantly turn them into high-quality PDFs.- Import & Organized Management: Import local documents for easy saving, categorization, and deletion — keeping your files tidy and accessible.- Smart Document Search: Instantly locate files by name or keyword to boost your productivity.📌 Note Editing is only supported by PDF files. Other file formats (such as Word, Excel, and PowerPoint) can be viewed but not modified.📲 Permissions DeclarationTo ensure the proper functioning of core features, this application requests the following permissions:- MANAGE_EXTERNAL_STORAGE: Required to scan, import, view, and manage local document files.- FOREGROUND_SERVICE_SPECIAL_USE: Allows the app to keep running in the background when processing large PDF files, preventing interruptions.---Privacy Policy: https://quickdoctools.com/1/privacy/Terms of Service: https://quickdoctools.com/1/terms/Contact Email: help.quickdoc@proton.me","pdf, your, files, local, documents",https://play-lh.googleusercontent.com/ou_rV3xo9xpDLbRLjFkN0Xnnp-fAu91a-cp6izfMKBl67UbvvW_8fyOdxKRwpyz63m_ACUW6xK26jg4g0yk5Mg=w526-h296-rw,https://play-lh.googleusercontent.com/llqk2W2mPokI5qLuz8TjKoCK6Pqh5YPEOOtVJngXBUbrHTXlb0XIXUKzTAhaWunuL1PE_cgQDCh5fa_RO0DLxA=w526-h296-rw,https://play-lh.googleusercontent.com/-QwEUgxHm6_biKPOAgv3_nExYjOum4HWVKrIySHOO2hdepKfg41YP_dsxGIhp3fK3qH_SWQBddR1jVSjsGz1baY=w526-h296-rw,https://play-lh.googleusercontent.com/PYujlmdLV6yZdWKPTeKmalgkWdXk3K2ZsP2jRXbTa9NaoHZjxUHlhmo1z8HzfXsv9v3fLfJhSvX_DJEJtzrOQEk=w526-h296-rw
Productivity,WakeBox,https://play-lh.googleusercontent.com/yMHZppNDXIR5pYy_6uZN55QkE8aOhgAhc624wiIgXMwvXIVZ4Wh3NzHh6o11hETTPfe5PYwTCRvU8AwFD69ey_8=w240-h480-rw,10K+,"Dec 30, 2025",4.7,27 reviews,https://play.google.com/store/apps/details?id=com.wake.box.ryan,BLYTHEWOOD NY LLC,"WakeBox is a simple and reliable alarm clock designed to help you wake up on time and stay on schedule.WakeBox focuses on core alarm functionality, offering clear, full-screen alerts when your alarm goes off, even when your device is locked. With sound and vibration support, WakeBox ensures you never miss an important wake-up moment.You can create alarms for specific times, choose repeating schedules, and manage them easily from a clean and intuitive interface. All alarms are user-configured and triggered only at the scheduled time.In addition to alarms, WakeBox provides optional access to email features through a built-in web view. Email functionality is secondary and does not affect alarm behavior. Alarms work independently and reliably, whether or not email features are used.Key FeaturesFull-screen alarm alerts on the lock screenCustom alarm time and repeat schedulesSound and vibration supportSimple and clean alarm managementOptional email access via secure web authenticationWakeBox is built for users who want a dependable alarm experience with minimal distractions and optional productivity tools.","alarm, alarms, email, wakebox, time",https://play-lh.googleusercontent.com/-cTPKt1pCAR1RR-BEAQYaOhdVV-p2cYTy-fNZLOd6Rfp9Pz-M5Yq5nVERIn0V3uB1YUxr3cLcQecYw3_KXkIrg=w526-h296-rw,https://play-lh.googleusercontent.com/Gio5MLD_v2Ri8cIiiL4YaGHmxuo2yIeCWKsv0JzxJN5rvPVgpAIjL3jY775GdStUc3Bmp8WohL-zrkRuakaX=w526-h296-rw,https://play-lh.googleusercontent.com/PufETwfKLXq6HSAk1wuXfwzg1iij-zwKKKbwUt8qmao6ScWT5eY41zP7zWPyHOb07CXcIb2-nhKGqbGUyN-I=w526-h296-rw,https://play-lh.googleusercontent.com/UxkNfzG92ajtgK_mBtb956-nq0jsCYdsNTKv_S4luOyUGlgTiyON28Lx-xvkh8-YJJ4RAbq8Wi43KP-AqyGEa38=w526-h296-rw
Productivity,Rbx Clothes Maker: Skin Editor,https://play-lh.googleusercontent.com/HqBaflTAfKSg4IVBtC1cS-rJUnUv60BqveuViweQvYPI50Cvf2qZRXYXQxS1D-TEuoCShyvF3Ncd5RsVbG9fICc=w240-h480-rw,1M+,"Mar 10, 2026",4.7,4.67K reviews,https://play.google.com/store/apps/details?id=com.bbg.robloxskin,89 games,"Rbx Clothes Maker: Skin Editor is an easy tool that helps you design outfits for your rbx avatar. You can make T-shirts, shirts, and pants using simple editing options, textures, and stickers. The app focuses on a clean layout, so you can see each part of the outfit clearly and edit without difficulty.Keyfeature of this Rbx Clothes Maker App:✨ You can create custom rbx T-shirts by choosing a layout, adding textures, and placing basic elements. The editor helps you build designs quickly with simple tools.🎨 Full-body rbx shirts can be designed with textures, colors, and stickers. The layout is easy to follow, helping you place items on each part of the shirt.👖 Pants for rbx avatars can be made using ready textures like cloth and denim. You can apply patterns and adjust simple details for a complete outfit.🟢 The texture library includes circles, cloth, denim, and other simple patterns. You can tap to apply them and switch between options easily.💠 Stickers in styles like 90s, Animals, and Anime let you add small details to your design. You can drag, resize, and rotate them in a quick and simple way.🔧 The editor includes undo, redo, and smooth switching between Texture and Sticker mode. These tools help you adjust your outfit without losing progress.Why choose Rbx Clothes Maker: Skin Editor?- Simple tools for creating rbx outfits- Clear layout for editing T-shirts, shirts, and pants- Texture and sticker library with many styles- Easy drag, resize, and rotate controlsRbx Clothes Maker: Skin Editor gives you an easy way to create your own outfits with textures, stickers, and simple editing tools. You can design items in your own style and keep everything organized in the Skin Book.Download the app to start making new clothes for your rbx avatar. If you find the app helpful, please leave a review to support future improvements.","rbx, simple, your, clothes, editor",https://play-lh.googleusercontent.com/VgE5gjafhijF4E2wXYuOFDw9wgSEUTn5piFG-O92I9OU_R11O5KbEh8ItXL2_-6YGMUROExysD3W5cWCZGkUqOY=w526-h296-rw,https://play-lh.googleusercontent.com/uWxs69qx95sWFYkJYWtB97WAVK_UNLHONlcdEGYdMOERrZDS24Wx5966NfuE2gTsB_asTkpiGO31nkXYsM-I_lU=w526-h296-rw,https://play-lh.googleusercontent.com/F13_o9LI8v-u6XOEfCKsW83_AiLv0j9gKAZ0efjOriFZ4urYbNrW5bPYd2dVQ7cL_zv04KjooB6GHF2r2QIsjw=w526-h296-rw,https://play-lh.googleusercontent.com/WmqGFBxr9dmfyGzQz7f7yX4lN3IhXTwcBZ-oxvVuGCKdr4tUvMKyrRIE19BnxVl8KLsoRf7SlzUs1hEUHcDPBg=w526-h296-rw
Productivity,Beatron - AI Music Maker,https://play-lh.googleusercontent.com/J2toHLaiitzVaI9aA8JvuHYXO3npHdWRUWjY2ObO6sdvR94skxd2EB-CFVJZY1oTrr6utgC8iA9Jok4INnl_Ww=w240-h480-rw,500K+,"Nov 28, 2025",3.7,2.74K reviews,https://play.google.com/store/apps/details?id=com.beatmaker.aimusic,Ocean Float Mobile,"Beatron: AI Music MakerBeatron is your AI-powered music studio, designed to make music creation simple and inspiring. Whether you are an artist, content creator, or music enthusiast, Beatron helps you turn ideas into tracks in seconds.Features:- Music Generator: create music from text prompts, lyrics, or even images- AI Cover: transform songs into new AI-driven cover versions- Hum Music: hum or sing a melody and Beatron will build a full trackWith Beatron, anyone can become a music creator. No instruments, no studio required—just your imagination and AI.Start creating today and turn your ideas into music.","music, beatron, your, into, studio",https://play-lh.googleusercontent.com/Zy-1dbHhZop7VRUHBl2TNH6V4LsctjkDrsw1CA0nEakrKw9c5VwF1eTrXFEdE_VTwqS4mMNFrH6_Kv1XaK0z8g=w526-h296-rw,https://play-lh.googleusercontent.com/O3M_2HNTiS4K0oTjKD1Fw25y-ZKYvsFgIFN366CkJ-QSSoO1tvh66ieQN5irwhypq3dpl2I28gh0KGyOPO4SRg=w526-h296-rw,https://play-lh.googleusercontent.com/iKThyTETRDQiBm1Uq9rcFtzKhBWhIf5tf_cUsm729iEyRsxjolUWVsxOdHFz8SdSEgjBKQlTZzXdIBl5po9T=w526-h296-rw,N/A
Shopping,POP MART,https://play-lh.googleusercontent.com/UsTICvauginYAnE6N4c2qSt1iaaQfG7BOQEFEcF6hG5x3WjfLV6lEXj3v5_5PZ2flY3iFls5iCoAVd0kQcUTX2E=w240-h480-rw,10K+,"Feb 10, 2026",3.5,17 reviews,https://play.google.com/store/apps/details?id=com.popmart.na,POP MART,"This is a world of art toys full of joy and passion. POP MART is a fast-growing art toy company in the international toy industry. Our creative selection of art toys were created by a group of creative, talented international artists. We have endeavoured to promote the culture of art toys. Since 2010, POP MART has expanded to a network of 300+ retail stores, 2,000+ Roboshops and POP-UPs across 23+ countries in addition to 700+ authorized retailers and online platforms in Asia, Europe, North America, and Oceania. Also, 700+ authoried retailers and online platforms that deliver our products to 52 countries and regions around the world. Come share the joy and magic of POP MART in the POP MART app! As part of our brand slogan, ""To Light Up Passion and Bring Joy"", POP MART aspires to spread fun and art toy culture around the world. Find your new favorite collectable art toy and join the art toy community  today at POP MART!","art, pop, mart, toy, world",https://play-lh.googleusercontent.com/zW0SmlwMgSlMEvGs0sHwq7M6bEXhSOPFAfe_yRa7pV0ZojjrLpKCkfWWoPuddMhSKrreN1uwIoyXTo7GmglR0A=w526-h296-rw,https://play-lh.googleusercontent.com/0tZY3XqvhYBTKPD6BUKDwYGWpQowG9dIrIp9CFavh-FzCILyks3GAhcei1Vh_6QzzxyRm2_Sobx3ONDOcTuK1Q=w526-h296-rw,https://play-lh.googleusercontent.com/G0goy21ztiCnG9OGdzEs2zrPVocHN4UG0-s-qDCgiQK-TspA2SyzsZonhvDm9AwRLAo7SgAhOa00cNV8Vgs=w526-h296-rw,https://play-lh.googleusercontent.com/et5gFRoOfPLUoLCQrghkfl0v9sA-noZFx6uFt7pdVdqei7DHQ2pspD9nh-W-CoDcq3kjvZ-bgA3fkHrhsJguAw=w526-h296-rw
Shopping,DealSeek: Coupons & Discounts,https://play-lh.googleusercontent.com/PBJQ6gTXwlXlkPAy2PImC1Km8ljniK1jTknPA2Jv-ye2ys1CmlO3tpBa7M0Uw7NzbA=w240-h480-rw,100K+,"Jul 1, 2025",4.8,1.32K reviews,https://play.google.com/store/apps/details?id=com.dealseekorg.dealseek,DealSeek LLC,"DealSeek is the free app that uncovers hidden promo codes, coupons, and discounts to help you save money every day.With thousands of deals updated in real time, DealSeek makes it effortless to shop smarter and pay less.🔑 Why DealSeek?    •    🛍 Amazon Promo Codes – Access exclusive discounts you won’t find on product pages.    •    ⚡ Daily Updates – Fresh deals added constantly so you never miss a price drop.    •    🎯 Smart Deal Finder – Search and discover bargains across every category.    •    💸 One-Tap Savings – Copy and apply codes instantly at checkout.💎 Perfect For    •    Everyday shoppers who love saving money    •    Bargain hunters chasing flash sales and clearances⸻How It Works    1.    Open DealSeek and browse today’s hottest Amazon discounts.    2.    Tap to reveal hidden promo codes.    3.    Shop smarter, save more, every single time.⸻💡 Don’t miss another deal. Download DealSeek today and start saving instantly on Amazon!","dealseek, codes, promo, discounts, amazon",https://play-lh.googleusercontent.com/cZfVep_pQl33B0DQDjpl4XQblZD-FMjW_R_RZrEMISWMtCQFVacgUuWjnZpRB4JwU6a3TnRwfeUm2ZRKoZww7Q=w526-h296-rw,https://play-lh.googleusercontent.com/MVKl7nQx328W8nHdXI6AYUkYr26h0U7NzMt95c3xvOj8fVHviN8y6IqxceSdlS8GAVyPtDnrObGnfF104JWWbLQ=w526-h296-rw,https://play-lh.googleusercontent.com/JET_XZD7bB4lVi7V_5CZ8fdJI4z0hS2k67FLXNHmUEF91B9tCP0Yr1U-JZyBNjy3Ej_yHmpxGGKD96zjZ4rN=w526-h296-rw,https://play-lh.googleusercontent.com/FaRRfqk0Smtxa-gNRMd7wBczNAkkG825U91tkhKGXSgaw1vnjNrUCrhVkEXeHfwCwifI3t2sTGwvcQWxtEI-fQ=w526-h296-rw
Shopping,LEGO® Insiders: Shop & Rewards,https://play-lh.googleusercontent.com/x86UVTe9EdPIo_9NpPKuxJqq1yGaGzM3e8JmJ4ZYi7lD0vSReXveVsZnN7y9g2GTPqI=w240-h480-rw,500K+,"Jan 16, 2026",4.8,1.31K reviews,https://play.google.com/store/apps/details?id=com.lego.membership,LEGO System A/S,"Keep track of your points, earn rewards, shop new sets and enjoy all your perks in one place! The LEGO® Insiders app is your all-in-one mobile membership hub.  Earn loyalty points when you shop your favorite LEGO® sets directly in the app or by accessing your membership card in stores, access and redeem fun and collectible rewards with your purchases or as digital downloads, and enjoy member benefits and savings wherever you are.   New to LEGO® Insiders? Members can earn points with every purchase and use points to redeem members-only rewards and savings. Members also get early access to new sets, but before you even click ‘buy,’ you’ll have access to plenty of other benefits. Whether you're building your dream collection or looking for your next adventure, the LEGO® Insiders app makes accessing your membership convenient, faster, and more rewarding. Shop the sets you love & turn points into savingsJoin the LEGO® Insiders membership programme and earn points every time you shop in the LEGO Insider App, on LEGO.com, in LEGO® Stores, or with selected partners. Use your loyalty for instant savings at checkout. LEGO® Insiders. Unlock exciting benefits, member-only offers, and rewards that connect you with our world of products and experiences, such as early access to sets, earning points on purchases which you can use to redeem member-only rewards, savings, and benefits like digital downloads. Available from day one. • Browse, discover and buy your builds - all in one handy app• Earn even more by adding sets to your Collection using the QR code inside the box - available on eligible LEGO® sets purchased anywhere  • Earn points faster during member double-points events and special promotions Get member-only rewards, savings, and offers LEGO® Insiders can redeem their loyalty points for items, savings on LEGO® sets, member-only digital downloads, or sweepstakes entries. Redeem your points to unlock real value across the LEGO® universe.  • Spend points for limited-edition collectibles, sets, content, rewards, or merchandise  • Spend points to get instant savings on select LEGO® sets  • Enter sweepstakes for money-can't-buy prizes  Enjoy seasonal member offers and gifts with purchase As part of the loyalty program, LEGO® Insiders receive member-only offers and limited-time gifts with purchase periodically throughout the year.  • Receive limited gifts for qualifying purchases  • Benefit from seasonal offers and rewards Don’t forget early access  Members can skip the queue and get early access to fresh, new sets. • Get early access to sets as soon as you sign up. • Enjoy early access to selected new sets  • Shop personalized set recommendations earlyBuilt for LEGO® fans 18+This app is designed for adults who want more from every LEGO® moment. That membership feeling starts here.  Important information:  • Free for LEGO® Insiders members aged 18+ (account required)  • Points, rewards, and discounts may vary by country  • Internet connection required  • For more, visit www.lego.com/insiders  Trademark notice:   LEGO®, the LEGO® logo, the Brick and Knob configurations, and the Minifigure are trademarks of the LEGO® Group. ©️2025 The LEGO® Group.","lego, your, points, sets, rewards",https://play-lh.googleusercontent.com/uUMZ2GtPDQ2uiqiVUApcuO78yfFfwoxN11UUMvluaKTzdRRuiCyiwT_y4aZtBa0LvPZSyGVS7wbd0YblUM41gA=w526-h296-rw,https://play-lh.googleusercontent.com/z2HoEWqV0UlwfckvMBGYdr_k7OJMW4ZKeoBRIDfCIKcCoMRIIyaAIwIgyZLdkd-485yCTse7RSypXjanGmto1Q=w526-h296-rw,https://play-lh.googleusercontent.com/kUGSue97hrTH2pUfuTkbmf0ZAA-mjeMoonQidDagCgKSN_6AHVZsjzFUddHpIpJP-gk7rOoTgMa0whePVEGZYX0=w526-h296-rw,https://play-lh.googleusercontent.com/edj2_MuwklR44W1gXCZGpYm5ufgRF9Mpn4KMOmWmbFecjeYDOv9dKJBPwFM_fmSrMP_keykd0E_WgHjOzfYUcmw=w526-h296-rw
Social Networking,Dora: Find Real Companionship,https://play-lh.googleusercontent.com/Bzzo1LgTClbJDbvfjYyVLKGsby5gmq-6p-Iq8J3D-bGTrwJ3v3AZtdhzFQA3baMIY-7e_E77hBJkC2IMpPiR=w240-h480-rw,500K+,"Jun 11, 2025",4.1,26.1K reviews,https://play.google.com/store/apps/details?id=com.doramatch.app,aprilsaidev,"Dora is a dating app thoughtfully designed for wide range of ages people. Whether you're looking for companionship, conversation, or love, Dora offers a respectful and easy-to-use space to meet people who share your values.With Dora, there's no pressure — just a welcoming environment where real connections can grow naturally.Features:- Profiles that focus on personality, not just photos.- Simple, genuine conversations without distractions- Browse comfortably and connect at your own pace- See who’s interested in you and choose who to talk to- A safe, age-appropriate communityDora is more than an app — it’s a place to rediscover connection, friendship, and companionship in a meaningful way.Pravacy Policy: https://sites.google.com/view/doraprivacy-policyTerms of Service: https://sites.google.com/view/doratermsofservice/","dora, app, people, companionship, your",https://play-lh.googleusercontent.com/-YYSjIfZ-4N_4qUEJrmmgah5fE1b12MJcDWYFKm6Q6qMP_5VTsqbWTLj9Gq89ScZZKTtb3t1UWM_zosHSGnKFqc=w526-h296-rw,https://play-lh.googleusercontent.com/N9HL0vbT-lPqeSN82DxAmuPzAgW_qI6dm5M_JOvkPZaC5IJ9vayZxkOHiMGm6uY8865s0YPjI8EagrnXiaCz=w526-h296-rw,https://play-lh.googleusercontent.com/Z1q5VoAaHvL_fwHZIwDT98SRZj0zAjEGps7I1FEKkMoh1QICPc6P8zJgvQXZ1BusEIDih4TbMzPqzUnrG_eBWCk=w526-h296-rw,https://play-lh.googleusercontent.com/ZRP-tCRZUsWGoCIJDwOfXLwAUOda2Z0d7ARDuiL2UgygMzQ3z4x7W3B0liRwbWf0q-XJhr24hyIIwK1qjh1W=w526-h296-rw
Social Networking,Random Chat: DUO Chat,https://play-lh.googleusercontent.com/x9CP35m9X3q_ZBTG5ZYxBhF3CUnjoNWJaoHIk6M4REY93kl_KiYWfOSArVmABCHtLpRF=w240-h480-rw,1M+,"Jun 25, 2025",4.1,5.63K reviews,https://play.google.com/store/apps/details?id=com.duochat,Red Panda App,"DUO Chat — Where Real Connections Begin with a Choice!Ready to meet new people, explore dating online, and enjoy real-time chatting that feels natural and exciting? DUO Chat is a modern chatting app, helping you meet people online, build connections, and find your perfect match through real conversations.Instead of endless swiping, DUO Chat introduces a smarter way to connect. You choose between two real people, and they choose between you and someone else. When choices match, a real chat opens instantly. This unique system makes every match feel meaningful, whether you’re looking for casual dating, new singles, or someone special.Whether you want fun chat, talk random, or meet someone nearby, DUO Chat combines chat social energy with real dating apps dynamics — all in one place.Why DUO Chat Stands OutUnlike traditional dating apps or basic chat apps, DUO Chat is designed for people who want more than profiles. It’s a social dating experience built around conversations, good chat, and real interaction. You can meet singles, or simply enjoy chat online with people who share your vibe.DUO Chat works as an alternative dating app and a social platform, making it ideal for those exploring dating nearby without pressure.Double the Choice, Double the FunEach round shows two users. You choose one, and they do the same. If it’s a match, you’re instantly connected in real time through chat connect. This system helps you date real people, discover local singles, and turn simple chats into meaningful conversations.It’s perfect for spontaneous connections, and authentic moments.Real-Time Random ChatDUO Chat brings a fresh take on random chat and dating online. Every chit chat can turn into something more — from a fun talk to a potential soulmate. Enjoy talk live, talk online, and chat with people who are also ready to connect.This is where chat and meet naturally come together.Meet People Worldwide or Near YouWant to meet singles nearby, or try a near me dating app experience? DUO Chat connects you globally and locally. Meet locals, explore local chat, or connect with singles looking for real connections.With DUO Chat you’ll always find someone new to talk random with and grow lasting connections.Safe, Private, and RealYour experience is built around trust. DUO Chat supports secure text chat, smooth real-time chatting, and private conversations. Focus on good chat and honest conversations while staying comfortable and in control.How DUO Chat WorksStep 1: Sign Up QuicklyJoin in seconds. Upload a photo and intro — or keep it light. DUO Chat is all about meet online simplicity.Step 2: Make a ChoiceYou see two real people — choose one. They pick too. When both select each other, you’re instantly in a real time chat connect. Meanwhile, they’re making the same decision between you and someone else.Step 3: Instant Match and ChatStart chatting online, enjoy real chat, and see where the connection leads — a conversation, a date, or more.Step 4: Keep or SkipEnjoyed your random chat? Keep the contact and chat with friends again later. Not feeling it? Move on and meet someone new.Top Features of DUO Chat- Meet singles nearby- Smart dating app mechanics with social focus- Random chat and real-time chatting- Chat apps experience with real people- Chat social and chat with people worldwide- Discover connections, matches, and conversations- A modern app for social discoveryWho Is DUO Chat For?DUO Chat is the ultimate social chatting app for people who:- Want to meet people online and form real connections- Enjoy casual dating and meeting singles- Use chat apps to meet new friends or meet someone new- Like chatting, text chat, and talk live- Want to meet someone naturally through chatDUO Chat: Because Real Conversations Begin with a Choice.","chat, real, meet, duo, people",https://play-lh.googleusercontent.com/CLeFpWlHwt34UrHnQZ7wO9XQvQcgAaAnqKpIXeL1ZOh8gAn9Q3WohwPl4HKqywdOt9Ps=w526-h296-rw,https://play-lh.googleusercontent.com/wjxSBkgEGukO_Z1-vVk8fYgNeqgSWG2S-avxz0DHSf5-1wykNjncv0vMP_eDl1fxxf8U=w526-h296-rw,https://play-lh.googleusercontent.com/yzI4W0U2wp8t6F-lyljy_yM_tfBqs16jUxLjxproGH6sqvP9MlAot_wWzAeTL8Dz7w=w526-h296-rw,https://play-lh.googleusercontent.com/dWuTe1W_Y6PLsUc-MfKqwFHeTEobuq_3NPHquOj0LYIK3usMMgxOgkVBDWjxWh3LjQ=w526-h296-rw
Social Networking,"Lola: Live Video Chat, Explore",https://play-lh.googleusercontent.com/0zrqCbfMWM8TcechdiYIdMrFg0wTIrmHn-zbRm7RAXgD5sRKbIDf2bRndTvR3qsdLiFIC5LRAelxLF3q6ZTz=w240-h480-rw,500K+,"Aug 20, 2025",4.3,3.17K reviews,https://play.google.com/store/apps/details?id=ai.lola.app,Lola Team,"Connect, express, and share vibrant moments with new friends around the world. Lola is more than just a chat platform; it's your gateway to meaningful connections based on shared interests, seamless interactions, and memorable experiences. Join the global Lola community today and redefine your social journey!EVERYTHING IS AROUND YOUR HOBBIES AND INTERESTSLooking for someone who shares your passion for cooking, cycling, dancing, or anything else? Our AI algorithm recommends people based on interests, which will allow you to find friends for communication in a matter of seconds. Find your perfect social circle effortlessly, connecting on deeper levels with people who truly understand your passions.SAFETY AND PRIVACYYour safety is paramount at Lola. Our advanced real-time moderation and strict guidelines help ensure a secure and respectful environment. Easily report or block inappropriate behavior, with real-time moderation services supported by AI-powered technologies to maintain a welcoming community around the clock. Our support works 24/7 and is always ready to analyze and work on your reports.EXPANDED PROFILESDive deeper into your social experience by showcasing your personality through enriched profiles. Create engaging posts, upload your favorite photos, and let your friends see the authentic, exciting side of you. With Lola, your profile becomes a canvas reflecting your true self.STORIES FEEDCapture and share every thrilling moment instantly with Lola’s immersive Stories Feed. Whether you're traveling to breathtaking locations, attending lively events, or simply enjoying everyday life, let your friends experience your world through engaging stories.REAL-TIME CHAT TRANSLATIONSBreak language barriers effortlessly with Lola’s real-time chat translation feature. Communicate seamlessly with friends from any part of the globe, ensuring conversations remain fluid, meaningful, and barrier-free. Express yourself confidently in your native language and let Lola bridge the gap instantly.OTHER KEY FEATURESEnjoy smooth live video chats with high-quality and low-latency. Build your network easily by following friends and gaining followers. Stay organized with a detailed in-app video call history, and keep conversations going seamlessly through instant textual chat anytime, anywhere.Join those already experiencing the vibrant world of Lola! Download now and start connecting, sharing, and discovering today.Need support or want to learn more?Visit our website: https://lola.partners/ Follow us on Instagram: @lola.livechatContact our support team: support@lola.partners Privacy Policy: https://lola.partners/privacy Terms of Service: https://lola.partners/terms","your, friends, lola, our, chat",https://play-lh.googleusercontent.com/xB7OVtst3sh7FNL6c5WjU1B0i8FLiUT0JUCtJwk1Np1AltN8BqWC4W_9pc8XeT6u8MM5aBjO_aHgWfBkSP3KftM=w526-h296-rw,https://play-lh.googleusercontent.com/IffkAe_iDDztcf0CBF0MF9Z6QDbfLWBnw3qz9NGyjf37-rm27srN9VaQT8F888KXGHP-oq5IY4pm-9q6Lr69bQ=w526-h296-rw,https://play-lh.googleusercontent.com/7XqlUjTi3neYaSWV6Rjy2JCLLkq1sXv0uAVxf2Pa0lzY0osWCTbLKwgy04rAidb8iuHAG0tYTkScl9b4jdBPNg=w526-h296-rw,https://play-lh.googleusercontent.com/pgTAZt66Vk2kEWPKMgdmI-4nc-XLmF5fr_G2pEvX8jmT2smjFNpAC1vWzcTmfwhpKSA1uzJQFz2jZGA3PjsdHzM=w526-h296-rw
Social Networking,UpScrolled,https://play-lh.googleusercontent.com/FAwa27yDVCctM4GSBq3H2nngQWixJeBQOdCBdasUgQ7P1ew7ROku7jgzcpsrD8-ZODZE=w240-h480-rw,1M+,"Jun 16, 2025",4.6,24.8K reviews,https://play.google.com/store/apps/details?id=com.upscrolled.app,UpScrolled,"UpScrolled — Where voices connect, stories unfold, and expression thrives.Built for authentic connection and genuine expression. Unlike mainstream platforms, UpScrolled prioritizes real conversations and meaningful interactions. Here you can:• Share photos and everyday moments with ease• Post high-quality short or long-form videos• Use advanced video editing tools to add your personal touch• Write text posts to express your thoughts and opinions• Chat instantly with others in real time• Explore trending topics and content in your region• Customize your profile to reflect your identity• View daily stories from friends and the community• Follow people who inspire or matter to you• Stay up to date with what’s happening around you• Stay in control with private accountsWe champion authentic self-expression and create space for you to share your genuine thoughts and experiences.Join now and start your journey with a social experience that’s different, real, and open.","your, real, upscrolled, stories, expression",https://play-lh.googleusercontent.com/z4ph3nva5SpvAXItQKHhWuo3tyNyGiswdvghBPbwDJHbGAvjQ1PYyh74IAmYGDZnXg=w526-h296-rw,https://play-lh.googleusercontent.com/tlxT1xdVlYhgYINvjzZosvPZiSjYhbEes2JhSoUIVMyMsfiC4ypb_b7jCS7hEg0m-lM=w526-h296-rw,https://play-lh.googleusercontent.com/enTuiMVskNA-f2hrALl_CGvr6-70CC2Mm7h4c1cglWoQWHNJyBsLnv8BpsKZABRKB4s=w526-h296-rw,https://play-lh.googleusercontent.com/RY9KhtN54zXDJWIn1rSZJ55OelPA10jM2pZ4VuJSOyDvDzwKr3maHxoLVbG7oY6bGeM=w526-h296-rw
Social Networking,Groove Lite: Chat & Meet,https://play-lh.googleusercontent.com/pWcPLOwFHOD0vI449Xfla4kRK83Z4EnAf9gWS_HnvUVY4sK8MkNmzaw6flagBY9boBMbnvjAqT7KM3u6uGbl0A=w240-h480-rw,50K+,"Aug 29, 2025",4.6,4.5K reviews,https://play.google.com/store/apps/details?id=com.groove.lite,Inside Mobile,"🚀 Groove Lite: Get Straight to the ConversationSkip small talk and jump into real connections. Like the lighter version of Groove , Groove Lite is the faster way to match with singles in your area who are ready to chat and meet up. We cut the fluff so you can focus on what matters—finding your vibe.🇺🇸 Why Singles Love Groove Lite:💬 Talk It OutFind your vibes easily! —just real conversations that could lead to something real.✅ Super Fast & LightOur app loads in a snap and runs smoothly on any network. Get more matches without killing your battery or data plan.✅ Keep It RealBuild authentic connections based on personality and shared interests, not just filters.✅ Match NearbySwipe to discover your ideal match with our smart system, which learns your interests, location, and behavior to recommend the most compatible people just for youOur algorithm connects you with compatible singles in your city who are down to chat.✅ Zero PressureTake control. Chat at your own speed without the anxiety of unexpected video calls.✅ Safe & SecureWe verify profiles and give you tools to report creeps. Your comfort is our priority.👉 Download Groove Lite FREE and start matching today!For support, contact us at: contactus@thegrooveliteapps.comPrivacy Policy: https://www.thegrooveliteapps.com/privacyTerms of Service: https://www.thegrooveliteapps.com/terms","your, groove, lite, real, match",https://play-lh.googleusercontent.com/P838TqMRSavhQ8ZdCjH192luEbtoAzp_HNc_bEnRpW9U8N1v0g-rDRHEAwEpDbBF4HexRsxEXOxaTKNZQjbiJA=w526-h296-rw,https://play-lh.googleusercontent.com/rIBGjYu6wBYo7REGKNdBrFmtdSRwwaDlONp212JuotrUZsRxYhk307jp2QdG_6Fi_Amzj9-lN6zzPRL-ovLR=w526-h296-rw,https://play-lh.googleusercontent.com/_q97APYCB7GbOCHgUvgjRRrsq6FTEQ5ilBAasVC8f8pEiwUVdsq54NbxeDDHB7iIkNEMal__pgNmx6z3xgrUXA=w526-h296-rw,https://play-lh.googleusercontent.com/lnhmwmdIcK-xE0ONuN9CxL3I9lUJCYufsDUgsfSAbiFGO4BV527TIGQ20uEsEyHcsuBaZNuoNiXc3I7bBxmFCG0=w526-h296-rw
Social Networking,Sora by OpenAI,https://play-lh.googleusercontent.com/ZADfyDpLoUH0U4yuzt54hA9i7qiJKuuFAE0OR5C7QSOcBMKc9JGlsR8uGhputFgjE5_wMUMFwuRKHAjn-EsDsw=w240-h480-rw,1M+,"Nov 4, 2025",4.6,140K reviews,https://play.google.com/store/apps/details?id=com.openai.sora,OpenAI,"Turn your ideas into videos and drop yourself into the action.Sora is a new kind of creative app that turns text prompts and images into hyperreal videos with sound using the latest advancements from OpenAI. A single sentence can unfold into a cinematic scene, an anime short, or remix of a friend's video. If you can write it, you can see it, remix it, and share it. Turn your words into worlds with Sora.Explore, play, and share your imagination in a community built for experimentation.What’s possible with SoraCreate Videos in SecondsStart with a prompt or image and Sora generates a complete video with audio inspired by your imagination.Collaborate & PlayCast yourself or your friends in videos. Remix challenges and trends as they evolve.Choose Your StyleMake it cinematic, animated, photorealistic, cartoon, or entirely surreal.Remix & Make It YoursTake someone else’s creation and put your spin on it - swap characters, change the vibe, add new scenes, or extend the story.Find Your CommunityCommunity features make it easy to share your creations and see what others are making.Terms of use & privacy policy:https://openai.com/policies/terms-of-usehttps://openai.com/policies/privacy-policy","your, into, videos, remix, share",https://play-lh.googleusercontent.com/_awar-CHZeT5DNiLikUpb5NIXGKlA-9vAvyRZ55N6iwfyxL4Cg3dwGGujWEvoUUk-hDPpGbZdBim8hgiLDxLaA=w526-h296-rw,https://play-lh.googleusercontent.com/oYRx6R4Y6LbAo4jGcY2hDpi3Khl3JY7Gsj1s9JRrJiqLmLmLFSHv424NLmk10Y0S3h1FmWsNNmkPB24WkD59=w526-h296-rw,https://play-lh.googleusercontent.com/Pi7T-4FESY9AA5s79xC51djh0MmWKDTmdiYPACOHbZ4UhW_OgqtO93yGhManXs5WYqub-aM9_Qt8E4rh79FidMw=w526-h296-rw,https://play-lh.googleusercontent.com/MtVHLFtCwcrbxriuL3KIfpo9N9btMVR_PlKLu8vs03mAB3CAOVNBLHmQW6GUpihu9aonsuCQYIjIqXGXoqsy9A=w526-h296-rw
Social Networking,Instagram,https://play-lh.googleusercontent.com/bh871pyeIpMnJxGYKmTJCm-5VwIYrPUYhHQcCky0B-DpsMoPCWVSDKz0Ic7MLsGuLmS4F_-iE6BilqsUM2DloA=w240-h480-rw,100K+,"Jan 27, 2026",3.8,215 reviews,https://play.google.com/store/apps/details?id=com.instagram.airwave,Instagram,"Introducing Instagram for TV, bringing Reels from your favorite creators to the big screen. Watch, laugh, and enjoy together with friends and family from the comfort of your couch.With Instagram for TV, you can:• Watch Reels with others on the big screen, the easiest way to enjoy content together.• Explore channels full of what you like, from music and sports highlights to travel and trending moments.• See comments and reactions on-screen, paired with full sound for a more social experience.• Enjoy a continuous stream of Reels from creators you follow and new content you’ll love.Getting StartedSign in with your Instagram account. You can add up to five accounts so everyone in your home can watch. If you want, you can create a new account just for TV.A Test ExperienceThis is an early test, so the app will continue to improve. We’re learning from your feedback to make watching together even better.","your, instagram, reels, watch, enjoy",https://play-lh.googleusercontent.com/pKBPub5icUm32fwFSJida2DFsqgw8fnFMWkdq9J5fCo9iVAFVbGWF5j-X_J6afZUO9eNMzAZ95gTdLL6m6Fl7rI=w526-h296-rw,https://play-lh.googleusercontent.com/TZE4NSYHo0-o-9rnBDStC4Zt0bvY-0G_ldbUnZ8rZfmlmxUyW0xu8swxs9spn_s3jgVbvqOJyxZ3YbSYvenDyg=w526-h296-rw,https://play-lh.googleusercontent.com/bd6vxqYo4ifrUnJGaweB14vZCQ-slIrIUWAaljXbCoFuWQZqB5liqk1rMbTSmToo6nPLLQ4sNzg3TQLYBT9OvA=w526-h296-rw,https://play-lh.googleusercontent.com/3d98ooy-rmgAATihzpHLn8TlD4-5k57ImeKq_sEY5hVYbAE3klMHMYFYvE5giBeiZClx0jn9GD77ax2U0Djd2Q=w526-h296-rw
Sports,OG: Predict the Future,https://play-lh.googleusercontent.com/lanZMmCloB5tZ3tB55HlFQ0S-H2cxLOKAiL1mExGBQsw5NDLXcxXXrxrcQ3dM9Pt3B-nkBfkCse37aSGyd7kGQ=w240-h480-rw,10K+,"Jan 15, 2026",4.1,47 reviews,https://play.google.com/store/apps/details?id=com.og.app.android,OG Markets Limited,"OG is a trading platform combining crypto and prediction markets on real-world events — from sports to politics, economics, and much more. Whether you're someone who lives and breathes sports, or just has strong opinions about what's going to happen next, OG gives you a simple and social way to put your knowledge to the test. With OG, it always pays to be right!Available Prediction MarketsSportsTrade on the biggest moments across the sports world:!• Football: From Pro Football showdowns to the biggest college matchups, predict outcomes across every major game.• Basketball: Pro leagues, college hoops, and women's basketball — beat the buzzer with markets built around the games that matter most.• Baseball: Call your shot by trading on game outcomes and player props throughout the season.• Soccer: Fast-paced markets covering the world's top leagues• More: Hockey, golf, MMA, boxing, tennis — if someone's watching it, you can trade itPoliticsWith markets that move in real time, you can be rewarded for staying plugged into the political landscape! Trade presidential races, election outcomes, major legislation, and other key developments while they unfold.EconomicsKeeping up with macroeconomic and financial asset trends? Trade these, and much more:• Stock market direction and major financial indicators• Inflation, unemployment, and broader economic data• Global monetary policy, including central bank interest rate decisionsKey FeaturesOG blends strategy, insight, and competition into a single user-friendly experience. Test your hot takes, see how others are trading, and make predictions with your understanding of the events shaping the world.PromotionsFor a limited time only, every new user gets to trade for free. Open trades worth a total of at least $20* for any event within your first 5 days of signing up. Once your trade is filled, you’ll earn a $20 bonus** whether you win or lose.Campaign-Specific Rules: How to participate:Sign up to the OG app or web platform Open trades worth a total of at least $20* for any event within your first 5 days of signing up*Total open order volume = Total amount traded via positions expiring when events end, not proactive closures**$20 bonus = 1 x $10, 2 x $5For full terms and conditions visit: https://og.com/posts/new-user-welcome-bonus-trade20-get20Enjoy:• A clean and seamless trading experience• Live prices and market movements• Dynamic charts highlighting trending events• A community of people trading what they know and are passionate aboutIf you follow sports, care about current affairs, or just like being right, OG gives you a place to prove it. Start trading your predictions today and turn your insight into profit!Download OG and be a part of the next era in prediction markets.Predictions Event Contracts are derivatives products offered by Crypto.com | Derivatives North America (CDNA), a CFTC-regulated exchange. [OG] is a technology services provider of CDNA. Trading on CDNA involves risk and may not be appropriate for all. By trading you risk losing your cost to enter any transaction, including fees. You should carefully consider whether trading on CDNA is appropriate for you in light of your investment experience and financial resources. Any trading decisions you make are solely your responsibility and at your own risk.","your, trading, trade, markets, events",https://play-lh.googleusercontent.com/mxmTM0VlpzduxZiyipLmmAS8I7EakN_UDJAHLj34hYz3vQKMSpUDdJWNGeqv1aenNIq48oCwl1BkPy-Fal6TY5w=w526-h296-rw,https://play-lh.googleusercontent.com/MClvjf19w8_pB6wXb6Md78tC7ojyJDpaPzwivlVzsZbP27S5WFGBJsOofnCyHUb5_VyDgtQAo0oA5JPqG-fAJg=w526-h296-rw,https://play-lh.googleusercontent.com/N_9xxkI0YnQ2vDN7j-Er8KOT0sTIfa9X7GGcGa9wKXtWiFJH-aHFEL_4sjPwBZZ1MfKZhMzZ3otVcJarlKtkGg=w526-h296-rw,https://play-lh.googleusercontent.com/b9vS93U5Vr8vBNqaMcsuhjl-rSbfMWg2E-qOfbBJSqtJCJf8ztqpPdcPTiBeHjFNOnxFdSIdPNcXaTqTulVrbQ=w526-h296-rw
Sports,TeamSnap ONE,https://play-lh.googleusercontent.com/dpIUuBxuWjjUJZkGeQwhMMfqqF489Nr8bi4RuJpwRu3JhJa60_Mvg1Pr5qEbX2TikNoW=w240-h480-rw,10K+,"Jun 10, 2025",N/A,N/A,https://play.google.com/store/apps/details?id=com.teamsnap.android.fusion,"TeamSnap, Inc.","TeamSnap ONE is a reimagined, next-generation app for club, league, and team management. TeamSnap ONE is currently available for coaches and players exclusively through participating sports clubs and leagues.EXPERIENCE EVERY SEASON, ALL IN ONE PLACETeamSnap ONE keeps your season organized, and your team and fans connected with the tools to enjoy, share, and cherish every season.Whether you’re a coach, parent, player, or fan, TeamSnap ONE helps you stay in sync, celebrate the big moments, and keep the memories that matter. Registration, scheduling, team chat, live streams, replays, and highlights come together in one connected platform.EVERY DETAIL, EVERY MOMENT, ONE APP- Live Stream Every Game: Watch live from anywhere and keep fans connected.- Seamless Communication: Keep everyone in sync with team chat, polls, and instant updates.- All-In-One Management: Bring communication and schedules together in one app.- Replay & Cherish the Moments: Catch the moments you missed, replay the action, and share highlights.- Training from the Pros: Unlock drills and practice plans created with NFL FLAG, Major League Soccer, FC Barcelona, Major League Baseball, Jr. NBA/Jr. WNBA and Premier Lacrosse League.MADE WITH THE ENTIRE TEAM IN MIND- Families: Watch live, replay games, and highlight milestones so you never miss a moment.- Coaches: Manage rosters, share updates instantly, and help players grow with training from our pro-league partners.- Sports Organizations: Simplify every season: registration, payments, communication, and scheduling all connected.ONE APP FOR EVERY SEASON","one, team, app, season, live",https://play-lh.googleusercontent.com/QBRI9DB79aainKZwoZEsA_F1K0x5ZIVb7EkHN6rdIW7zGOm_goHCpW0UpTBMQ0vCZ-ozglB1FIrru_vUO-loMi4=w526-h296-rw,https://play-lh.googleusercontent.com/KjOKBnWQGlIwO6SAGS8daM0ZjXoZscxwyFC-QnaV9hLg2ieZz5ws2V5aMCf5-Ahk1pbZ_jeBEtH2lr4Nkcna4XI=w526-h296-rw,https://play-lh.googleusercontent.com/yW3Ho4sfAlsLaSGdF-FjMQYJvv2xWe1sUcfbRO9nrPlJov1RMVTNOghaM42U7fNj8W1vt1AncSU1sKI2tPedMmo=w526-h296-rw,https://play-lh.googleusercontent.com/6R4DQnA76nCi2tO1yI5tnxCkMX5TgVfJQfdps_Cjxi2zPpU7khefDk2Ey7h0g4Ket4y9GUGHeiVsckuNXih0XA=w526-h296-rw
Sports,Fans First Tickets,https://play-lh.googleusercontent.com/IhARyCtq-OmBr6Jcl1IXxG2DEjLlTr5wsq_qI2dr_yh6MBotn2zDt8j_tPtUcSWH6HzWwzqDT5sbAQj4JR7wQg=w240-h480-rw,5K+,"Feb 16, 2026",N/A,N/A,https://play.google.com/store/apps/details?id=com.fansfirst.tickets.prod,Savannah Bananas,"The official app for managing, buying, and accessing Banana Ball tickets.Whether you already have tickets or you’re looking for seats, everything lives here.With the app you can:•        View and access your tickets•        Transfer tickets to friends and family•        List tickets on the official Marketplace•        Browse available tickets for upcoming games•        Scan in quickly on gamedayTickets update in real time. Built on the Fans First Tickets platform.Download now and keep your gameday access in one place.","tickets, official, app, access, your",https://play-lh.googleusercontent.com/MBABtisUMtADr71p_nBtbcU_Dqxdv0AFoib49IpknLBDgdyhUPxG0lfZx3Ax-_RW9p9ZJzVu_95PIMoe_WFjaPo=w526-h296-rw,https://play-lh.googleusercontent.com/KbfjTEXS4SuDPAAg4ERyujfijF7vntBOO93PfhxiuzBwj4miLJqAUE3tpf3VexAMQdzEa6l80gdLVZfkft123Q=w526-h296-rw,https://play-lh.googleusercontent.com/ZM1TEdMiBfR4pPpfYZLbUMF0dUETpl0vG0PGk1t22wxd-IKNBHw7YGjl06xIvh1TBWlvU5Yr2UrrgX1vdAehlw=w526-h296-rw,https://play-lh.googleusercontent.com/Qjkjlm-D7XIIASSqSIClcU9CkCDWNnzgmiKpQNh1pOWGMO6V8tK1SsBut9UY53vviTKUZJL-aEnHuaR2vP_k=w526-h296-rw
Sports,ثمانية,https://play-lh.googleusercontent.com/ypuM96a7NhvRqadsfqZYsLKEdJfMi6Wz2lQL2xk2DbUVjuaF8ggtRwpQyiI36va_LQ--4MdOhPgSsJQUso_xTw=w240-h480-rw,1M+,"Aug 13, 2025",2.5,14.7K reviews,https://play.google.com/store/apps/details?id=com.thmanyah.shasha,ثمانية / thmanyah‎,"Thmanyah is the platform for the best Arabic content. Films, docuseries, and entertainment shows created with heart and produced with intent.And it’s the exclusive hub to catch Saudi football championships live: the Saudi Super Cup, Roshn Saudi League, King’s Cup, and Yelo League. All streamed as you’ve never seen before, at the highest broadcast quality in their history, with features making their debut in Saudi football.Thmanyah features for mobile and smart TVs:Inside the Match: real-time, in-depth stats for Saudi championships, updated moment by moment.Crowd & commentary control: set the perfect balance between the commentator and stadium atmosphere, or let the crowd noise take over.The best  Arabic content library: 30+ interests, from sports and culture to comedy and lifestyle.All the highlights: key moments, match recaps, and goals from Roshn Saudi League, the King’s Cup, Yelo League, and Saudi Super Cup.Minimal ads: a smooth viewing experience with fewer interruptions.One subscription, more screens: watch match streams  on two devices at the same time.Stay on top of the league: we’ve designed a smart experience to keep you in the know with custom alerts, goal notifications, match countdowns, and VAR results.Multiple commentator  options: choose your favourite voice commentator  for every match.","saudi, league, match, cup, commentator",https://play-lh.googleusercontent.com/mCnLVRJullgIIWtbafzmluGhOOb3kw2w4QHNcX_AbXizMZzef8q5PuDuaCSMuLibWdVDApNeh0W4g0Wck37Xt8w=w526-h296-rw,https://play-lh.googleusercontent.com/tuBEn2jG384Icee85OBwvOAfhGYg5BGrTxAVde6pbO6sAAZgv2NS80rftaM5TtLxhZxngsE_dB44kU0k_9XHjw=w526-h296-rw,https://play-lh.googleusercontent.com/ajkLk7ftE6ELLOQK9omSvAvu2pqIqVRRsBoD2mpu7Ws7GkA_Ph2Vp8pdzcwq7vaLGbZ_ubWZbffFxdAj-FTcRT0=w526-h296-rw,https://play-lh.googleusercontent.com/Xq2OTKEMs0PY0aR_Um2vVt68-DgmLWbnLU1mMC7TvOtaXOqHX3-CWn1zMzLdNekq_r8FxuxV0k-OGCv9EgBF=w526-h296-rw
Sports,MatchLive: Live Soccer Scores,https://play-lh.googleusercontent.com/2xERci1RSfg-2lWuUEEE7JkyLJiSzovZ_K_YmXU6CxL_c3vrYOT7AtvYTeFZZXL-Jd5OUDgMlJHHv4mB6RgfKkY=w240-h480-rw,1M+,"Dec 2, 2025",3.6,1.49K reviews,https://play.google.com/store/apps/details?id=com.tnc.sportsnew.footballnews,TAY NUI CHUA COMPANY LIMITED,"Stay connected to the football match with Live Soccer Scores. Follow every live match and get real-time updates for goals, cards, and match results. The app helps you track all football events easily, anytime you want to check the latest scores.Key features of this live football scores app:🔴 Live Football Score UpdatesThe app shows you live football score information for every ongoing match, including time, score changes, and key moments. Updates appear automatically so you can follow the football match🌍 All Football CompetitionsExplore matches from all football leagues worldwide. View daily fixtures, live results, and completed games with a simple layout. You can quickly check match details from different leagues, cups, and tournaments.⭐ Follow Your Favorite TeamsChoose the teams you care about most and follow their matches easily. You’ll see their current live match, past results, and upcoming schedules all in one football live score app.📅 Fixtures, Results, and StandingsLook at the full list of upcoming fixtures or check results from earlier matches. You can also view team standings to understand how each club is performing through the season.🔔 Match Alerts and NotificationsTurn on match alerts for quick updates. Get notified when your favorite teams start playing or when a live football score changes during the match.💡 Why Choose Live Soccer Scores- Clear and easy-to-use design- Live match information updated in real time- Coverage of all football events and tournaments- Simple team and match trackingLive Soccer Scores keeps you close to the football match in a simple and practical way. Follow all football events, get live football score updates, and stay informed about every live match you care about.","football, match, live, score, follow",https://play-lh.googleusercontent.com/iBfeiuiFQOeL6BggieL-kkpHjJ166JZOb1aWjlRUwRlOmL9JZHrQQSVG--N4oGvKmwhObpkBADRDqAryeHzr=w526-h296-rw,https://play-lh.googleusercontent.com/se9i2muCN2sBn48sksquMZyUVegX3aqD9xd-VbAX9jxMWtFwNizJFEhE4I6mbfSMYMqSRlj8IEK-1dBC7HqALQ=w526-h296-rw,https://play-lh.googleusercontent.com/g4dPEg8VUxGdy1uIIyKajLhh9MvsmJuwMiXbTCAuhAZf5hPw15n95HTCKzicnucSx0sE316h7ypwO7cobm6ooSc=w526-h296-rw,https://play-lh.googleusercontent.com/037yNSstVLKKmbUWPnoupjqKBncnmmZ3XCQJkeN_UHRXbUZgA3T39j_qh9T_EUmkeaQIJPa0HT4PsgfCu2n9=w526-h296-rw
Travel,Voice GPS - Maps & Navigation,https://play-lh.googleusercontent.com/YO1HjMnsg5iM0VsEB8EKeHCPfeFSw-IVb05xQOs7X9Ay4vlhl23Sq7vZNvoqPW9Fmsqkpy9AQbf-Nr6Z06yWTA=w240-h480-rw,100K+,"Jan 18, 2026",4.6,57 reviews,https://play.google.com/store/apps/details?id=com.talymindapps.gps.maps.voice.navigation.driving.directions,TALYMIND APPS LTD,"Voice GPS – Maps & NavigationNavigate smarter with Voice GPS – Maps & Navigation, your travel companion designed for drivers, travelers, and daily commuters. Whether you need hands-free voice guidance, a reliable route finder, or helpful travel tools, this GPS app makes every journey simple and convenient.Key FeaturesVoice NavigationTurn-by-turn guidance with clear voice directions for safer driving.Route FinderFind the quickest and shortest routes to your destination in seconds.Street ViewExplore streets, landmarks, and surroundings in 360° detail.Compass & LocationStay oriented with a digital compass and check/share your live location.Nearby PlacesEasily discover restaurants, hotels, ATMs, hospitals, fuel stations, and more.SpeedometerTrack your driving speed in real-time for better road safety.Weather UpdatesGet live weather conditions to plan your trips with confidence.Why Choose This App?✔ Reliable GPS maps and real-time driving directions in supported regions✔ Hands-free navigation for a focused driving experience✔ Smart route finder to save time with optimized paths✔ Discover nearby essentials like food, fuel, and emergency services✔ Extra travel tools: street view, compass, speedometer, weather updatesTravel with ConfidenceFrom city commutes to road trips, Voice GPS – Maps & Navigation helps you stay on track with accurate maps, voice guidance, and smart travel tools.Make your journeys easier, faster, and more enjoyable wherever you go.","voice, your, gps, maps, travel",https://play-lh.googleusercontent.com/t_tBAbwHnDM-KTKH-c4Lxl005Vn5yqpO7bvvcLeSKf4PVyv5fyR7ZHRLEj6qX-bb5CloHB_DmRjTUJfIdHrMKA=w526-h296-rw,https://play-lh.googleusercontent.com/NqeCNMwNmeZlg6KpTNBBZbATUWtdmrGIfa2N78yXXUICTIyNO5u-d9QXTwulWjhbNwLSQT8tNZIq0VJD8iEzGA=w526-h296-rw,https://play-lh.googleusercontent.com/NxS9C0X5BN1BxUrEucry6RFHZz4Z24FLqFPNFGxBfOInNzvJESVXXfGf5a39Pjq8w3B2XSjp-OHhnnr13GKy8A=w526-h296-rw,https://play-lh.googleusercontent.com/DRcNdhoKqyhLcbBbGyD_HKfQDN8XVb1tFbwztT291_Rq9PBh-X2silQzGYOTkn_kY0NDVW8X4BbZ9tUIQpCy=w526-h296-rw
Travel,Zoox,https://play-lh.googleusercontent.com/rSgJ-h9oWYC1dCq1YHgdAv37SMvHYcDPujiITWdPy7ElGh0ELnMsASBq_SqedpkOEoJ29q21WEYLltFfcOwNvA=w240-h480-rw,100K+,"Aug 19, 2025",5.0,2K reviews,https://play.google.com/store/apps/details?id=com.zoox.android.ride,"Zoox, Inc.","It’s not a car. It’s a robotaxi designed around you.Zoox is fully autonomous, all-electric ride-hailing. We’ve created a purpose-built robotaxi to give you a better way to ride. Get the Zoox app today and meet the future of transportation.HAIL A RIDEOpen the app, choose your destination, and your Zoox is on the way. Zoox drives itself — all you have to do is make yourself comfortable.MEET YOUR ZOOXYour carriage-style seating awaits. Zoox arrives, the doors slide open, and you step inside. After you sit down, craft your ideal ride with in-seat controls for music, temperature, and more.TRACK YOUR JOURNEYInstantly view your trip progress from the app or the touchscreen at your seat so you’re never left guessing your ETA.NEW FREEDOMSThe Zoox robotaxi’s spacious and comfortable cabin is designed to give time, space, and freedom back to you. Plug in, switch off, or throw a dance party. It’s your journey.STAY IN CHARGEWireless charging at every seat means your devices arrive as recharged as you do.SENSORS THAT SEE IT ALLThe Zoox robotaxi combines cameras, lidars, radar, and long-wave infrared sensors for a 360-degree view of everything on the road.RIDE WITH CONFIDENCEEvery element of Zoox is built around delivering the safest ride on the road. If you need it, live support from our team is just a tap away.Availability varies by region. Check the app to see if Zoox rides are available in your city. Need help? Contact Zoox Support at https://zoox.com/support.","your, zoox, app, its, robotaxi",https://play-lh.googleusercontent.com/Y0iQZHc771UpCKscaEtJnW_4VT8wW_bcVk32cOvQgjfWkbKfQvQyWGQCN8ZapNpCT291WJ9U7Ywe7ymyLjb9CA=w526-h296-rw,https://play-lh.googleusercontent.com/KYfPZTviwr46_QgVJxNjOEmzaWlpJvGkFB6LUlCDf4kWd2RGbMPuBLuy3H62M4mfK6sOEvt6bZn9yP_C-jfbAw=w526-h296-rw,https://play-lh.googleusercontent.com/u965DiQr9-6xER-Cf2svwLfW1bNV20W4UTtvN1G_71RFCP8gJwzR2Z_i0JOaflsSM1M=w526-h296-rw,https://play-lh.googleusercontent.com/5uNiHFgHp2HUpFcZ7om6NpFHEzOwZpcG6bZ2sADTliEs0NNk8BJhuOWfzvnGWe7aOKw6=w526-h296-rw
Utilities,Cleaner Launcher for Android,https://play-lh.googleusercontent.com/PG9WeeulqdsXR1gfAWKoS4oo4aU6kBqIUSsycZno5dJ6hij1N8obXcS1u7IooqAnd6xm1IOQCOgP6A4Op1r5=w240-h480-rw,500K+,"Jan 30, 2026",3.4,526 reviews,https://play.google.com/store/apps/details?id=com.clean.forandroid.vidawe,Putul Host IT Dev,"Cleaner Launcher for Android is a convenient cleaning app! But it’s more than just a professional cleaning tool—it’s also a smart, lightweight Android toolbox that combines commonly used apps for daily tasks.Main features:Intelligently scans junk files, cached data, redundant files, and more to quickly clean up valuable storage space.Minimalist design, easy for anyone of any age to use without a learning curve.App drawer with customizable widgets and frequently used apps.Storage space analyzer to easily manage media files that take up large amounts of space.Download Cleaner Launcher for Android now! Give your Android phone a new lease on life and enjoy a fast, clean, and smart mobile experience!","android, files, cleaner, launcher, cleaning",https://play-lh.googleusercontent.com/pZruQbnuqrJ_IKy0kT7-H890hCRLyLFDBOeOZ2RqD2bMGhjYxL07Hc3EjnER83AivzK9iXWlOP1qOYIseKvtyw=w526-h296-rw,https://play-lh.googleusercontent.com/8T0asnGFW5CtKytYCNz4GoSTFWzT5q_qiFpnfQfW-wWyjCl6VQM4SMLzZUAUS2yG_hGYeWJF6LvMiF1yse4woQ=w526-h296-rw,https://play-lh.googleusercontent.com/75f_REoyUE2EMRc_1QLtsQEubJcNHcaYcRBiyumcNBZl4V5wHk1zQ5pXvkr8v2JdghcCP1_Qx3Jr6_85zLpKoQ=w526-h296-rw,N/A
Utilities,Cleaning Toolbox & Launcher,https://play-lh.googleusercontent.com/PxCXBjwOfHJSgf3BdCgcl8iDIDLWx7aKspaweBVoOPuODuf89EU0iKydqoKWDehrU9yEJT1R16xYl24mA7FVIA=w240-h480-rw,100K+,"Feb 12, 2026",3.6,196 reviews,https://play.google.com/store/apps/details?id=com.cleaning.toolbox.bitapiper,YINHEE LIMITED,"Storage space constantly running low? Can't store your favorite photos and videos, but can't bear to delete old files either. Now try Cleaning Toolbox & Launcher—this multifunctional Android toolbox not only performs deep cleaning and media resource management, but also creates a personalized desktop!🗑️ Junk Cleanup: Deep scan, one-click removal of residual files, redundant data, and junk files.📂 File Management: Quickly find and delete large files taking up space.🔋 Battery Management: Monitor battery temperature and alert users when it's too high.📦 Custom Themes: Customize your favorite themes and app components.📱 Drawer & Hide: Customize drawer layout and hide private apps.🏠 Device Detection: Conveniently test various hardware functions of the device.Download Cleaning Toolbox & Launcher now and give your phone a complete inside-and-out makeover!","files, your, cleaning, toolbox, management",https://play-lh.googleusercontent.com/mEWe3EzngT7j1Jsbg_EvolrUU6s3APg7Alty7jIdpFacS8_s1ai1_aKxt74ACaQVSilca5FLd4nLlbgXj88g=w526-h296-rw,https://play-lh.googleusercontent.com/nwDI7C0EUyeLg2elSjXIIGjWbPklBNXSEA8oiMPfuCAvwIcx7NJhYTaDuUfE8PQUJUCLNZraItIqOhoTvhLHbg=w526-h296-rw,https://play-lh.googleusercontent.com/c8Pux7t2TtwnHwxtDlDbdI58iVc-bJdSSgwXfbDxJJPdWWablwBJTL9UcMOF8nI7W7CB_4exvp3lifQYwwZidQ=w526-h296-rw,N/A
Utilities,Clean Utility Toolkit,https://play-lh.googleusercontent.com/LAiDNgT0gFkgf94TJPPnA0G_CKbxZrRc-Gmbxj1cs551Ouqi4LPRsQC8eX7vyeKb3kU533Vu-XDlR_M5sBDf2SU=w240-h480-rw,50K+,"Mar 2, 2026",4.2,287 reviews,https://play.google.com/store/apps/details?id=com.clean.utility.tooltbiat,YINGRUN LIMITED,"Clean Utility Toolkit is a one-stop toolbox designed for daily mobile phone maintenance, integrating features such as file cleaning, battery and network information queries, and phone diagnostics.Main Features:Junk Cleaning: Deeply scan for cache junk, residual files, and redundant data to safely free up space.Wi-Fi Detection: Perform in-depth analysis of the current network environment to ensure a stable wireless connection.Phone Diagnostics: Conveniently test the functionality of various phone components.Easy Operation: The app features a simple interface for effortless use.Privacy and Security: All operations are performed locally and are never uploaded to the internet.Contact Us:Official Email: yingrunzlp668@gmail.com – We welcome feedback and suggestions to continuously improve the product experience.","phone, features, cleaning, network, clean",https://play-lh.googleusercontent.com/nRO3PbCIiITmeJs723gmCsN28AxzXqNc2IsSAzWyLax92v_cr1qEOTrwldOnDVAlCnLjIhX8QKS5OoCP_TryVw=w526-h296-rw,https://play-lh.googleusercontent.com/Q7fa8eRz-07DA017RJ9l0dLhBrxVOnL0WA5LwrP-y10PhIaNc_Z39Up4tH2hV4SUO2-CZRYtoNlW-dWJRrqQJQ=w526-h296-rw,https://play-lh.googleusercontent.com/r3ec8cvd7chdHI1oMDLXCKqMQwdGWyViZj4wAFJwHox6a_azqKQ5YUhgLB5klmPyGQoxmXkY7TTrfxdqqSm70w=w526-h296-rw,N/A
Utilities,ViruSweep - Antivirus & Clean,https://play-lh.googleusercontent.com/f1Knw_LDkDVOduvtXbs_4bCGSKuWfWnbJOJJpzLCUeAGUUdVw5UD_uhjpLPjOzOSPyDzAHRqtDVQgBT8UBBR2g=w240-h480-rw,1M+,"Nov 28, 2025",3.8,1.96K reviews,https://play.google.com/store/apps/details?id=com.sweep.posie.annel,Kadara Systems,"Welcome to ViruSweep!Key Features:🛡️ Security► Virus Scan: Scan and remove viruses.🧹 Storage Cleaner► Junk Cleaner: Clean junk files.► Large File Cleaner: Identify and remove large files you no longer need.► Media Manager: Easily find and delete your pictures, videos, and audio files in one simple interface.► Duplicate Photo Finder: Find and remove similar photos to clean your gallery and save space.► Image Compressor: Reduce the size of your photos.► App Manager: Get a view of all your installed apps. Easily uninstall unwanted applications.We're here to help! Reach out to us with your feedback or issues at: tundebalo090@gmail.com","your, remove, cleaner, files, scan",https://play-lh.googleusercontent.com/Y-SHJ6xGTaK4agJHdodJCgSCyokXuQe5KESxC3ppwWXSDyuYRef593dvS1LsJA_4rhjFxfMmBz-JnvPnKLt3Ub8=w526-h296-rw,https://play-lh.googleusercontent.com/HhbpEywJ9Ik4k5-vuV6tiHLX_uhLOZcUp6WERHNQaj9PIcKY-rGQ28BtNfrgPPhSiAmqEylz5bPTLCCDe-Ie=w526-h296-rw,https://play-lh.googleusercontent.com/SXKwqVe1WOcrVpi4gi8zj6uvFE25SQfR3jlEVNK4JmqlqLq1EjJB3aFr2zRuA7t3WpW5jBoNoIxMvRBrUzZ1Tg=w526-h296-rw,https://play-lh.googleusercontent.com/oOND-ix50OusKttO1qKGuZvSD9qzJHLD4mUAIC5i2xkLSAOo5AyL_lkG1ScwuCYeq4A_yimUtqr2bwWXfTKtzQ=w526-h296-rw
Utilities,QuickDoc: PDF Reader Tools,https://play-lh.googleusercontent.com/nAq9Qe_iGnx5Up19kmQObbsIhCMzrS_yixkbAEe4RlzfGp83Jj3vRrdbNwm3yVQcD29ryGatI960nJVU6S0I=w240-h480-rw,500K+,"Aug 26, 2025",4.5,2.67K reviews,https://play.google.com/store/apps/details?id=com.quickdoc.pdfreader,Dev Globeg,"QuickDoc: PDF Reader Tools is a powerful and easy-to-use PDF file viewing and editing tool that helps you manage and process local documents efficiently.✨ Core features:- Multi-format document preview: Supports quick viewing of mainstream document formats such as PDF, Word, Excel, and PPT, with clear content and smooth loading.- PDF editing tool: Built-in brush and text addition functions, making it easy to annotate and mark PDF files.- Image to PDF: One-click batch conversion of images on your phone to PDF, with automatic layout for easy archiving and sharing.- Import and Classification Management: Supports importing local documents, allowing for collection, classification, and deletion, making organization more worry-free.- Document Search: Quickly find the target document by file name or keyword to improve the efficiency of reference.📌 Special reminder: Only PDF documents are supported for editing. Files in other formats (such as Word, Excel, PPT) can only be viewed and not modified.Permission StatementIn order to ensure the normal operation of core functions, the application needs to apply for the following permissions:-MANAGE_EXTERNAL_STORAGE: Used for scanning, importing, viewing, and managing local document files.-FOREGROUND_SRVICE_SPECIAL_USE: Keep the background running continuously when processing large PDF files to prevent task interruptions.We strictly adhere to privacy protection principles and only use relevant permissions after user authorization. All data processing is completed locally.Privacy policy: https://quickdoctools.com/privacyThe terms of service: https://quickdoctools.com/terms/Email: help.quickdoc@proton.me","pdf, document, viewing, editing, local",https://play-lh.googleusercontent.com/G-2hbxVEbPT0dfTVEAWDNeqfumvFR6jszDW40dk-Gd-riqk21ik1GYzY30KkkkRvgFiWAq-dZNhKhgmCiYUXGw=w526-h296-rw,https://play-lh.googleusercontent.com/QGIfTQBe29wtJBrwN-KKPqn3SYnE58Cnmot-hEaGdYkzrthqRypgtzqSFmW_0f0LCseENwFqLnmcLH4x-kHeuw=w526-h296-rw,https://play-lh.googleusercontent.com/9b2JODyMCv7TDgiCN7rDhLjWAzTmXpzJcrumpBejf7otwUJyoaYsdtlyXteko7Xr1LqTQHqM2CDEDgMn5eRsYg=w526-h296-rw,https://play-lh.googleusercontent.com/6WkdfpK6iEe_vyniRVwum9cSFgXWtGK1reGmKE8NsDS44ZeB5KSHof8Qyu8tr81ke7XOMZVE__VWbMBteckSBw=w526-h296-rw
Utilities,Clean Fix Plus,https://play-lh.googleusercontent.com/ZngZBs7Go8Omn_cfSI_OYV3LBgefHiktzL3522AkMjB4Zo3dJBHjhNkWg_XyIjodc04=w240-h480-rw,5M+,"Jun 2, 2025",4.5,50.2K reviews,https://play.google.com/store/apps/details?id=com.cleanfix.fixplus,AppDustBuster,"Clean Fix Plus is a practical mobile phone cleaning software.It supports users to scan junk files, while avoiding important files, clean up mobile phone junk as much as possible, and has an uninstall residual check function, which can scan residual files and help users further clean up redundant data on their mobile phones.Its functions include:📱Junk file cleaning: quickly scan the phone, find these junk files and clean them up.🔧Manage background applications: display background running applications and easily close idle programs.🔋Battery information check: check the current power and charging status at any time to understand your battery basic information.✨Simple and easy to use: the application interface is intuitively designed and easy to operate, making it easy for you to get started.Turn on Clean Fix Plus and enjoy a refreshing and smooth mobile phone experience!","clean, mobile, phone, files, scan",https://play-lh.googleusercontent.com/99Sogwf4ZRDBRezk7JU2glFi9Hr6KY6w9psTjffLIAVtGwSHJal7kArgZ5qo1-F9pWQt=w526-h296-rw,https://play-lh.googleusercontent.com/iOniO_fDDdjhrKQOk5wveinD-Ux_SttzCoKZWsVN1kwxW4THjR8tmanG7zAHgU0HVZ0=w526-h296-rw,https://play-lh.googleusercontent.com/mIN_Alw2aEQduiCR4ZuyX7AbRqMwajq-Jf9hIrU_pJvFzVot2P5MS-PJM9Tsg1xi27Fd=w526-h296-rw,https://play-lh.googleusercontent.com/EATqOAtH0AmQJiFVFX-mWgEmFky4gEtFHnL7Pt34hOhzOgCzSwdsNtCnNy4Q7MCJCXM=w526-h296-rw
Utilities,WiFi Info & Launcher,https://play-lh.googleusercontent.com/ybuDR5ZJODlJsnDrjJ4vOOnflKFAhJFSc3Wcn6cZW4kJ7GUqPmAGQ17pja6J9v7RZTlguexqnDqakvs1Hd2cDMs=w240-h480-rw,100K+,"Feb 11, 2026",4.1,207 reviews,https://play.google.com/store/apps/details?id=com.wifiinfo.launcher.zxiert,RUITA LIMITED,"WiFi Info & Launcher is a 2-in-1 productivity tool designed for users who value efficiency and have high demands for network conditions.WiFi Information Query:Connection Overview: SSID, BSSID, frequency band, channel, and more at a glanceReal-Time Monitoring: Check signal strength (dBm) and estimated download/upload speeds in real timeEfficient App Launcher:Create custom app groups and shortcuts to easily access frequently used appsClean and intuitive interface, free from cluttered app drawersHighly customizable layouts and themes to match your personalityWhether you're diagnosing home network issues or looking for a more convenient way to use your phone daily, WiFi Info & Launcher is an indispensable assistant you can rely on.","app, wifi, info, launcher, network",https://play-lh.googleusercontent.com/RBI6S-s6N52n66KASlwAA5HCt5MEVUKUAlrFcGOrNqQhqDviTWTHJk0Ma98VB_jw_kV3hJYT0ILWs2RspUXsZA=w526-h296-rw,https://play-lh.googleusercontent.com/3eLQoGcOu5MWqiqubnyJxDblmSGEKlgNOgMo70-0CgDm-66Ai0uqLPh4OzFxz8GJ5130tedRZsFabkpTS8GE2g=w526-h296-rw,https://play-lh.googleusercontent.com/fvOd5CxK3Bj-AWa1ckZmidVxBfV7RtGUFpDl-r9pfy9JLIK7Z0eLEKcgvqjKLY9nTm5ktFhgJpa66tNkZZ26Zw=w526-h296-rw,N/A
Utilities,WiFi Assistant:Launcher,https://play-lh.googleusercontent.com/aY9J9XOlFKCEo-qUq-8h2m7jvTo1e1V7hXHCHaVNlWWZBH1cYv2xKFr-iaMXQxl9aaFnHx8Nu-5GWTqS0anDMg=w240-h480-rw,100K+,"Feb 12, 2026",4.1,188 reviews,https://play.google.com/store/apps/details?id=com.assistant.manage.viwmip,Ancient Capital Labs,"WiFi Assistant: Launcher is your essential tool for home networking, designed to help you understand your network connection and ensure a more stable experience. Whether at home, in the office, or on the go, it effortlessly assists you in managing wireless networks.Key Features:Smart Network Scanning: Automatically scans your current WiFi network and provides detailed information to help you analyze it.Network Signal Monitoring: Real-time monitoring of signal strength and network speed to ensure your connection remains stable.Personalized Settings: Customize various themes and components, and set quick-launch icons to suit your preferences.Target Audience:Business professionals frequently travelingStudents and teachers using WiFi on campusHome users looking to better manage their networksWiFi Assistant: Launcher is your reliable companion for seamless internet connectivity. Download now and embark on a smarter online journey!","your, network, wifi, assistant, launcher",https://play-lh.googleusercontent.com/n0Qc69P_Rat1imGftT5Yb0AUWnbhfpkr2brzwGFxMANiiu4utCDr2nNfyAh6jFMfbxQLBC3eA2qUQUzCTUS6aQ=w526-h296-rw,https://play-lh.googleusercontent.com/gekaHbsHvn7Rlhsx-Y2Ag6a5MhC77ai6MyS5UeSig8_X4nKBDPhMct88k1IwIbmvG_JGxPwfMyhYe1-IzF7vQ_E=w526-h296-rw,https://play-lh.googleusercontent.com/3EprVJprxaTLQpRGMog6V6_t270ls6dVmQDfODmDIGRQbE77HKVu0PXC6DSrhiLXxYE_DB3COkhnDoheMooX=w526-h296-rw,N/A
Utilities,Photo Recovery-File Rescue,https://play-lh.googleusercontent.com/GzUTbwzlU3v-t9uoPekK6A-1_WLDy_BqhFri_AKTwXM4hVNErZuAJvvsf6dcIs8wKV4=w240-h480-rw,1M+,"Jul 10, 2025",4.3,7.95K reviews,https://play.google.com/store/apps/details?id=com.file.photo.recovery.deleted.restore,Technology Hub Pro,"📱 [Photo Recovery-File Rescue] - Your portable data emergency expert! Retrieve accidentally deleted precious photos, videos, documents, and contacts with just one click~💾 Don't panic about data loss! We offer:✅ Intelligent deep scanning technology to accurately recover 500+ file formats✅ Exclusive repair algorithm for various data loss scenarios✅ Trace-free operation with 100% privacy protection🔥 Four core features:1️⃣ All-media recovery: Supports JPEG/PNG/HEIC/RAW images, MP4/MOV/AVI videos, MP3/WAV audio files2️⃣ Professional document rescue: Recovers PDF/DOCX/XLSX/PPT office documents3️⃣ Contact repair: Quickly retrieves accidentally deleted contact information4️⃣ Smart preview: Allows file content preview before recovery to ensure data integrity✨ Technical advantages:- Dual-engine scanning: Quick location + deep search- Local processing: Data never leaves your device- Lightweight design: Only 28MB, doesn't consume memory- Multilingual support: 75 global language versions🛡️ Security promise:• Never collects user privacy data• No root permission required• Fully transparent and controllable operation🚀 Simple three-step process:① Select file type② Initiate smart scan③ One-click recovery and save⚠️ Important tip: Stop using your device immediately after data loss to prevent overwriting!Install now to recover your precious memories and important files! Supports Android 7.0 and above.","data, your, loss, file, recovery",https://play-lh.googleusercontent.com/QCXDHd0rjwinVwUVoLhgSPGgMi85ryHDO9vjCHnPoPGKUaPveY9Bka1x2b9Mz7MRNEvb=w526-h296-rw,https://play-lh.googleusercontent.com/UBm0rRPLlfkjmX3FN2uzWrVz6a69RwQGv5qxbDGRu-_t0pLg4eHEbooCAKzRgmmN9Q=w526-h296-rw,https://play-lh.googleusercontent.com/Fee0aSkRRqW6moNrgNkvIvSUKA-FqC6MtskjSo7x3MluxVEr9FkaF59Ek926UIL4Mt-J=w526-h296-rw,https://play-lh.googleusercontent.com/6jkMq76YIVB97o0vbzS6bVwueFXwc7QZ-KbnnorFp7GrlSBhfmlHUXvu8WuwdNeiuorz=w526-h296-rw
Utilities,PDF & Launcher for Android,https://play-lh.googleusercontent.com/YJf9_ZN8qDA3OaOBY82Fgh7Fwp9Z7rkzskZeN-tjLLTiAr13lgu0Pr1ng0molx2BD6r6wTYH3FTeH3AsrIkB=w240-h480-rw,100K+,"Feb 27, 2026",3.8,265 reviews,https://play.google.com/store/apps/details?id=com.pdflauncher.forer.ciarip,YINGRUN LIMITED,"PDF & Launcher for Android is a lightweight, fast, and stable PDF reader built exclusively for Android devices. With simple operations, it quickly opens all PDF documents on your phone, making reading more efficient.Main Features:🚀 Open PDF files instantly with fast startup and no lag.🗂️ Batch delete PDF files.🔒 Local opening for security and privacy. All files are opened locally, not uploaded to the cloud, no login required.PDF & Launcher for Android is perfect for work, study, and daily reading. A simple and clean PDF launcher and reader. Download it now on Google Play!","pdf, launcher, android, files, fast",https://play-lh.googleusercontent.com/adSR2sCO9D9ARsKnA2bjW8pij13uU1Ya_8DcuEKdHKOvbZyhzgTMaEI2QY3ZQo9MQL7J6sbij8CmbwRP1KZyLMA=w526-h296-rw,https://play-lh.googleusercontent.com/R40dJRYxjoJuJnw2U2foUIR0fYX4mq26MA-8M8BntxHc_JIPr7-_1y72ynnroBSlq3LEALADMcK4YVX12FbG=w526-h296-rw,N/A,N/A
Utilities,Analyze WiFi Launcher,https://play-lh.googleusercontent.com/ycm5EtZhc8-lBlAFLr_fXpMoC2OeTWXiy-rZuCoiOow1C3CtCdDdNgV3QBdgs0CkuhpN0yi32tOPDsht_ZHz=w240-h480-rw,10K+,"Mar 3, 2026",4.6,71 reviews,https://play.google.com/store/apps/details?id=com.analyze.wf.cloper,Weilei Taiyuan,"Analyze WiFi Launcher is your professional WiFi detective on your phone! It helps you quickly scan the currently connected WiFi network, analyze signal strength, and let you know all the information about the network at that time.Core Features at a Glance:Signal strength query and data analysisDevice information query, MAC address, network addressNetwork speed test, and Ping latency monitoringSimple UI interface with zero learning costPrivacy Commitment: This app runs completely locally, is used only for legitimate network analysis, and does not upload any data.","network, wifi, analyze, your, strength",https://play-lh.googleusercontent.com/EByqTtAe_wIURefDRMYXWxgY7nZzaS5cQA_fIX9resKPMK6FGjEo1uaIHIceO0ViBuaAVdFiomAvyqQGCM8iqg=w526-h296-rw,https://play-lh.googleusercontent.com/qtgN12gKVV_uLQxGt0zsVwVt_zW39VDbLX5tf6tpqGbS0VRkkQHfcnv77WJYDMECViUSB67UdOYpGdgK-osK4Q=w526-h296-rw,https://play-lh.googleusercontent.com/7d9FyGcL_3giE2K5qw4dqupEb3rYebH03snpEgfLLQHnskLaLj9S7QJz21J2ngtuDqiVHl25NGQO-oh5ZQ5xQA=w526-h296-rw,N/A
Utilities,ProCleaner - Storage Cleaner,https://play-lh.googleusercontent.com/lwG9osEasoHOut_NMIsh--KJ4SKAWQBIUw8waDYmzy-li2RPCFD81VbzJAMcgY4EFMvQuNrrD3W2ux5RrgeV=w240-h480-rw,1M+,"Oct 24, 2025",3.9,3.22K reviews,https://play.google.com/store/apps/details?id=com.procleaner.clean,Appsiko,ProCleaner helps you manage device storage with these features:Core Functions:- Scan and clean cache files- Remove residual and junk files- Find and manage large files- Uninstall multiple applications- Monitor network speed- Check battery statusTechnical Requirements:The app requires storage access to scan and clean files locally. App usage permission is needed to manage installed applications.All operations are performed locally on your device. No personal files or data are collected or uploaded.Privacy Policy: https://www.proncleaner.com/privacyTerms of Use: https://www.proncleaner.com/terms,"files, manage, device, storage, scan",https://play-lh.googleusercontent.com/gh2DJqvvfUfrCok5cT-rjGGFMG0Kx-RNd57L21f6ds1F0BmtsmcxkdBIEUM5yXOrFBbBCJOP-hkuBc2VaIfcDA=w526-h296-rw,https://play-lh.googleusercontent.com/Q32tZu08qZP1SPP5ZXT9MV8EGTdU8pFNT2dBbZ6BEiEntZAb_kIo-CM80QBWg8SqaVJdxtnJT78haABBzNEc=w526-h296-rw,https://play-lh.googleusercontent.com/_zqMbh54aENeAWyQILJN6pU_M2jOlmPORUPzza9Yj7ii6a-Z0MP_Y8upOoEQqLPy_2pPEe_T2uGb-FrUEgr1ww=w526-h296-rw,https://play-lh.googleusercontent.com/QKaAj8VkzngWMOlq-n8SFNoESg3BY9fs1cWkN0dOWmuWpEVytmU33NBLhU-YNsLwn-R0KUUTokKHPwO1gs7liw=w526-h296-rw
Utilities,FKey: Boost Game & Reduce Ping,https://play-lh.googleusercontent.com/iXcz8Bqg2jevgLx3qYub37c-RXxtAG3IIF40KfZ8BREw511jIJc0HxQM4LsLHDWHBu0=w240-h480-rw,5M+,"May 22, 2025",3.3,40.2K reviews,https://play.google.com/store/apps/details?id=win.fkey.netboost,SOON BODYWERKZ,"Still troubled by game lag and high latency?FKey is designed specifically for mobile gamers, using VpnService API intelligent routing and real-time optimization technology to eliminate lag and ensure smooth gameplay anytime, anywhere.✦ Smart Routing – Stay One Step AheadUtilizes intelligent multi-path technology to automatically detect and select the fastest route to game servers.Effectively avoids network congestion, significantly reducing latency and packet loss.✦ Real-Time Optimization – Stable Low LatencyDynamically monitors network conditions and adjusts transmission strategies in real time.Reduces average latency by up to 80% and effectively minimizes ping fluctuations.✦ Global Coverage – Play AnywhereCovers 50+ countries and 200+ cities.Perfectly supports battle royale, MOBA, FPS, and MMORPG games.✦ One-Tap Boost – Simple and Easy to UseOpen FKey → Select your game → Tap “Boost.”No technical knowledge required — start accelerating in seconds.✦ Lightweight & Secure – Focus on GamingExtremely low resource usage, ensuring no impact on device performance or battery life.✦ Secure VPN– Privacy FirstVPN technology is used solely for optimizing game data.All traffic is safely encrypted, and no personal information is collected or shared.Download FKey now to enjoy a smoother, faster, and more responsive gaming experience!","game, technology, lag, intelligent, routing",https://play-lh.googleusercontent.com/trkMqyrHbA6XxExmzyV8g_6uFjEc9u60B2QVIivNR2RTMnrU57glb0N0zLNGRR-kaTqFHr9uE3ewLkCo8PbDuEs=w526-h296-rw,https://play-lh.googleusercontent.com/mDDePQkgQP6w7q9padxL_sUZCVYdpMJQUu8O7JGJbboR3FCmiS76defzloHS5t38PnfErAbZpPFv4Dn6hYTIVE8=w526-h296-rw,https://play-lh.googleusercontent.com/8OdSDqCE6uXtdNHLPUKykQ_dWIZsJV1f3s4TpCzAVLTEq-h39sbw9rU1a5Aohm_JBQ17pO_uFJk412gVAWWHyw=w526-h296-rw,https://play-lh.googleusercontent.com/Fs4hVMaSN1x1ROkxkfcqdyxJmvKPmRVF4lXgJPHw5a9FzqYbcOeZVzf7wEqhFJ0DsDQPAq_aT31MRmfLThWaXQ=w526-h296-rw
Utilities,Cleanup: Phone Storage Cleaner,https://play-lh.googleusercontent.com/ch_hRY59cDYlQrI-Utveqytsnu3rsMbhWeZWnX8AFLj4nW-CqA0BGl8EFxkk4Lz8DzEorfag343uFRgVPWCQ=w240-h480-rw,10M+,"Nov 21, 2025",4.4,153K reviews,https://play.google.com/store/apps/details?id=com.storage.androidcleaner,Deep Flow Apps,"Clean Up Your Phone and Free Up Space EasilyIs your phone storage full again? Photos and videos can quickly take up valuable space — but Cleanup makes it simple to organize and optimize your device safely.With smart tools for photo cleanup and video compression, you can reclaim storage in just a few taps.Smart Cleaning and Storage OptimizationCleanup is an all-in-one phone cleaner that helps you keep your device organized without losing what matters.It analyzes your storage, finds unnecessary clutter, and helps you free up space intelligently.Focus on What Matters – Clean Duplicate PhotosNo more scrolling through endless galleries. Cleanup automatically detects and removes duplicate and similar photos in seconds.Its smart AI selects the best shots, so you can clear your gallery safely and keep only the photos you truly want.With Cleanup, you can:• Instantly detect and delete duplicate photos• Identify and remove similar screenshots and lookalike videos• Compress large videos while keeping high quality• Enjoy more available storage space and smoother performanceSwipe to Keep or DeleteManage your photos, videos, and files easily with a simple swipe.Choose what stays and what goes to maintain an organized phone that’s clear, simple, and clutter-free.Video Compression Made SimpleRunning low on storage because of large videos?Cleanup’s video compressor reduces file sizes without sacrificing quality — saving gigabytes of space while preserving your favorite moments.Safe, Smart, and Easy to UseCleanup is designed for everyone — simple, intuitive, and safe.Enjoy a clean, organized phone and optimized storage without worrying about losing what’s important.Download Cleanup today and discover the easiest way to clean, organize, and optimize your phone.Privacy Policy: https://static.cleanup.photos/privacy.htmlTerms and Conditions: https://static.cleanup.photos/terms-conditions.html","your, storage, phone, space, photos",https://play-lh.googleusercontent.com/nAllcT0UhWH-SUddXHZgZKCwEt_jCe4y5asPdPCierfBr7F0z8RsvINAYJ6HUQCF38dW705RoyVwX2kqIYMimg=w526-h296-rw,https://play-lh.googleusercontent.com/d5hy7nsrQDWgkzyQcjedC-7sqTlgwuMRsPx9a9AWzIJNJwSj_nDo-XOelFiGgEfmowcGkuc8Myd3srt7I-ohSA=w526-h296-rw,https://play-lh.googleusercontent.com/rRhmqhBO0Q-SdTXKiq1shKWjltIZ4Bxl7uuOTAZuM9PJmlmNnUFVRGFN3BBTuRvqFGGoXwKrBg8tWbE7RgLf=w526-h296-rw,https://play-lh.googleusercontent.com/NiaYjucIYTyEgrC1bzIfTW308OZhzBuTytHjMFiQG2JHOQqMi_fzTJXRfEf-iPkMXutEPgTJElzd8s8DylHAuLQ=w526-h296-rw
Utilities,Photo Recover Plus - Restore,https://play-lh.googleusercontent.com/MV8lElluYRmWskUTpwi0DY0rbCVIuc5qm5m7h6oEi88pONmAORazj3WTBjfQuQUFEov93lwrEXfROaQ3dOAb=w240-h480-rw,1M+,"Aug 17, 2025",3.3,569 reviews,https://play.google.com/store/apps/details?id=com.photoplus.recoverplus.photorecover,AbCdE,"🔄Photo Recover Plus - Restore – Bring Your Lost Memories Back!Accidentally deleted important photos, videos, or files? Don’t panic! Photo Recover Plus - Restore is your powerful recovery tool to scan, find, and restore lost media from your device effortlessly.📸 Photo RecoveryRecover deleted photos from internal memory and SD card.Preview images before restoring.🎥 Video RecoveryRestore lost videos in various formats.Easy one-tap recovery process. 📁 File RecoveryRecover documents, audio and other file types.Supports formats like PDF, DOC, MP3, ZIP, and more.🔍 Deep ScanThoroughly scan your storage for hidden or deleted files.Intelligent filtering helps you quickly find what you’re looking for.🔐 Safe & EasyNo rooting required.User-friendly interface.Keep your data secure during recovery. Don’t lose precious memories or important files. Let Photo Recover Plus - Restore help you get them back quickly and safely!Download now and start recovering your lost data in just a few taps.","your, photo, restore, lost, recover",https://play-lh.googleusercontent.com/KsDoIBNUAqO0Oq7tybo849ysPz3Gfr4t6BYvhdvr_utI7rxygUV34Z-c5X9M9_bHLkOHrlqm-I9hDehXzq6L0Q8=w526-h296-rw,https://play-lh.googleusercontent.com/T3gG6JoNzjJTJPVgC88AWYi7yPBr9SLpngiciYzLdsMXQuLb6qGY6O2Idyf8Z0AqIAP1p4FAwSXptS1ZHu37cRc=w526-h296-rw,https://play-lh.googleusercontent.com/yT8EWEUXnO-wKxjn2QvVS-VOL7PBUjyPitH9BDE5fSKlkoE0g1GIIjzwxSmlQzGWqgmVN1GYFjppnWPiT7YUPw=w526-h296-rw,https://play-lh.googleusercontent.com/rh0UB1rlHfLrpC4DN5zzYNaZspwazaQtqeG5XvcMLMB7ljsVGqVDNoeZigosGG_ex4Bnj1cFcur4i-T_QBGScQ=w526-h296-rw
Utilities,Document Reader-PDF Launcher,https://play-lh.googleusercontent.com/8I9omJHanRjbM586Rpd5j90GziLrwUUWRZGmihr11P91lMYvESMIaFUvjZkCY_N64WeeBkmRe4H5V1JCxf1Jyw=w240-h480-rw,500K+,"Jan 23, 2026",3.7,498 reviews,https://play.google.com/store/apps/details?id=com.document.reader.cairety,AOOFAN LIMITED,"Document Reader-PDF Launcher is a specialized PDF document reading and management tool developed for the Android system. It is not just a PDF reader, but also a PDF tool that integrates quick document launching.Core Features:Seamless Reading: Fast loading, easy access, and perfect support for large-volume documents.Batch Deletion: Quickly delete multiple PDF documents.Privacy Protection: All documents are opened locally and will not be uploaded to any server.Ideal For:Students and academics who frequently read papers, reports, and e-books.Professionals who need to access contracts, proposals, and manuals on the go.All users who want a more elegant and convenient way to manage PDF documents on their phones.Download Document Reader-PDF Launcher now to keep your important documents close at hand and enjoy a one-tap access experience!","pdf, document, access, documents, readerpdf",https://play-lh.googleusercontent.com/sqZ5IYPHXJ34YOOd5WE0jrmQmI6jilenAVNvyLaH_oJzZD84kcdLpU2HdtPRJ2PpefSgjTyE6kvn84ME9QC6Yw=w526-h296-rw,https://play-lh.googleusercontent.com/b96wPoaHQ0wG1n_HoQT9Kk86exiUMBH_sEGUfQ1C9IpkHGhv8kO_q_Txl21J5ddnUm78C6Ii-c33EK2NqOH00g=w526-h296-rw,https://play-lh.googleusercontent.com/VBhuztk1XeZgPrldhr-phl3W_75OHHDUAdHnkq-a3eZ3XsqTKfj83bpV0xpV4JS5N2GGrq2T9lE8dSYH7VLd=w526-h296-rw,N/A
Utilities,Private Browser: Safe & Secure,https://play-lh.googleusercontent.com/kS784Vu7Z10FguJbtpG5q9KUdGV0QI8_hqMpB3lHr3ZdJs6gFGJe42YLnwFPGLGq-Q=w240-h480-rw,1M+,"Apr 8, 2025",3.6,1.3K reviews,https://play.google.com/store/apps/details?id=com.pivatebrowser.proxybrowser.pro,Amobear Application - Avntech Master Tools,"Take control of your online privacy with Private Browser: Safe & Secure—your ultimate tool for anonymous and secure web browsing. Whether you're exploring your favorite websites, watching videos, or managing downloads, this private browser incognito app ensures your data stays private. Say goodbye to prying eyes and enjoy a seamless, fast, and unrestricted browsing experience anytime, anywhere.🌐 Private Browsing with No TracesEnjoy true incognito mode with our private browser and downloader. No history, no cookies, and no trackers—your online activity remains completely confidential. Unlike traditional browsers, your sessions are not recorded, so you can browse freely without worrying about data leaks or intrusive ads following you around.📥 Download Videos in One TapFound a video you love? Download it instantly and watch it offline whenever you want. This browser with incognito mode supports video downloads from various websites, allowing you to save your favorite clips in high quality. No need for extra apps—just tap and save effortlessly.📂 Organize & Manage Downloads with EaseKeep your downloaded files neat and accessible with the built-in file manager. Sort, rename, delete, or share your saved content in just a few taps. Whether it’s videos, documents, or images, everything stays well-organized within the app, eliminating the hassle of searching for files.🚀 Fast & Smooth PerformanceExperience lightning-fast browsing speeds with a lightweight yet powerful design. Pages load quickly, videos stream smoothly, and downloads complete in no time. Whether you're on WiFi or mobile data, enjoy a seamless online experience without unnecessary slowdowns.🛡️ Safe & Secure at All TimesYour security is our priority. With advanced encryption and built-in protection, your browsing remains shielded from hackers, malware, and online threats. Feel confident knowing that your personal information stays safe while you browse, stream, and download.📲 Your All-in-One Private BrowserFrom secure browsing to seamless downloads and easy file management, Private Browser: Safe & Secure offers everything you need in one place. Whether you're looking for a proxy browser downloader or a private way to explore the web, this app has you covered.🔥 Download Now & Browse Freely!Don’t compromise your privacy. Take charge of your online experience with Private Browser: Safe & Secure today. Download now and enjoy the web without restrictions!","your, private, browser, browsing, online",https://play-lh.googleusercontent.com/HnLK3Z0Ehtz1_4-YoQuICID8obdlLyJJRJsiKpBnYMbwEETt53gq-bmenugZjhTobYn8=w526-h296-rw,https://play-lh.googleusercontent.com/gw-rTuzWDCtzANDwS4zGBNWU37xP3CwIPuUQVPTcxi31l3mIHHiD4jAVVENJbE5qLRXK=w526-h296-rw,https://play-lh.googleusercontent.com/44jRTrq_JNYIRer1guShEompSTc_WlWWAeHdZdigUOnXpkRbkfWDVp6vE0SAr8N7ij4=w526-h296-rw,https://play-lh.googleusercontent.com/OPV5BjCNp0-aIz-J9W8nZsl8McCfRTutByrU_dshLnL2JhiYeCevhku_M4qvi33NcQM=w526-h296-rw
Utilities,Volume Control Launcher,https://play-lh.googleusercontent.com/vxaA3YWsjgqrBTjjrVL7QV_cOQjMg-728iGgJuYk8n2fyD1uejY15wQoBBgMygcbaexDhwq1Z8cjaqlD2X3t=w240-h480-rw,50K+,"Dec 3, 2025",4.6,855 reviews,https://play.google.com/store/apps/details?id=com.soundcontroller.loudspeaker.volume.manager.android,AtomApplications,"Do you sometimes wish your phone’s volume controls were easier to manage?With the Volume Control Launcher, every sound - from your favorite songs to morning alarms — are just right.This launcher app puts all your essential volume settings one swipe away, helping you fine-tune every detail of your audio experience with ease.Whether you’re enjoying music, watching videos, or taking calls, Volume Control Launcher helps you create a more balanced and satisfying sound experience that fits your lifestyle.Please note: As a launcher app, the layout of your home screen may change after install. Don’t worry, all your apps are still on your phone - they just may be in a different location. To learn more, please visit our FAQ section: https://phonevolumecontrol.com/#faqWith a launcher app, you get the added benefits of:🚀 One-swipe accessQuickly adjust your device’s volume with just one swipe from your home screen!📱Home screen widgetSee the time, weather, and more, conveniently on your home screen with our customized widget.🖼️ WallpaperPersonalize your home or lock screen with a wide selection of beautiful themed wallpapers.🔍 Multi-touchpoint searchApps and web search has never been easier. Search for installed apps or the web (powered by Yahoo) from multiple access points.Here’s why you’ll love this free app:   - Easily adjust volume for music, videos, calls, alarms, and notifications   - Manage all system sounds quickly from one convenient location   - Smooth and simple sound adjustments for a clearer listening experience   - Convenient access to all your volume settings in one placeWho is it suitable for?This free app is ideal for anyone who values convenience and clarity in their daily phone use. Whether you’re relaxing with music, taking an important call, or waking up to an alarm, Volume Control Launcher helps make every moment sound just right.Download the Volume Control Launcher now and take your audio experience to the next level!Please write to us should you have any queries or comments about the app, including recommendations for new features. Also, please note that you can uninstall it at any time.You give your consent to install Volume Control Launcher from the Google Play™ Store by clicking the button above. You also agree to this app's Terms and Conditions & Privacy Policy.Google Play is a trademark of Google LLC. Use of it here does not imply any affiliation with or endorsement by Google LLC.Yahoo is a registered trademark of Apollo Global Management, Inc.For questions or feedback, reach out to us through our contact form: https://phonevolumecontrol.com/contact-usTerms of Service: https://phonevolumecontrol.com/terms-of-servicePrivacy Policy: https://phonevolumecontrol.com/privacy-policy","your, volume, launcher, app, control",https://play-lh.googleusercontent.com/75bOLbAluN_1XyCBddfnlT-bW6nBxdFOlVg9ant0g3lXw9kFdgjwWWqofV_AZSCXBly-lheCIQMpCg-PthgoTQ=w526-h296-rw,https://play-lh.googleusercontent.com/o6i-Xv9yTQot9YfVuYTHiFVfdFV_ZIRE_U2eISkMQHMSrOq3z3p-SgwVqF1JgWBMvmdxwsdPwPQDlJIFIepzsA=w526-h296-rw,https://play-lh.googleusercontent.com/tbO9iTVLNlGaUltXu7Cy5CfHnU2vwRHmWGe0Nzu6hnzmbKGfZoH61TRCq709UIDFhh-zbj5F7tKgokX5ango=w526-h296-rw,https://play-lh.googleusercontent.com/wBLxDS4Gr6aj1-0D19hE2fG37b2gYXYYmCoixvvfaKAk29J-lL-vJDyZaROclVP5_HTx8giiBOI15r7JOE01=w526-h296-rw
Utilities,Junk Cleaner Pro,https://play-lh.googleusercontent.com/5PKBdz17mYs2ynbRqmacfCNtEiYHs-QAwnz1f7uPz6LvlJaLNy8I9S4hMJNYHodvY8KFJiQwdMOlZ3spUoN6OQ=w240-h480-rw,100K+,"Sep 11, 2025",4.5,1.37K reviews,https://play.google.com/store/apps/details?id=com.junkcleaner.pro,ByteWizard,"Junk Cleaner Pro is a powerful tool that comprehensively tackles all your phone's performance and management issues, ensuring your device stays in peak condition at all times!​1. Junk Clean: Performs in-depth scans to delete cache and residual files instantly.​2. Large Files: Precisely locates large files, enabling easy filtering.​3. App Process: Shuts down background-running apps with a single tap, reducing resource usage.​4. App Manager: Supports batch uninstallation, making app management simple and efficient.​5. Screenshot: Cleans up unnecessary screenshots.​6. Notification Blocker: Blocks annoying notifications to help you stay focused while saving battery life.​7. Battery Info: Monitors battery status in real time, keeping you informed of power levels.​Download Junk Cleaner Pro now for comprehensive phone cleaning and intelligent management!","junk, management, files, app, battery",https://play-lh.googleusercontent.com/lxeIPqvY2DIqzFlVb8w-LZdO2AgXADZD1GaxF3LaFeL7ubpLx-PgXw9n0T_ygMnZnRCq8G8uaqo95_vWGmFSLso=w526-h296-rw,https://play-lh.googleusercontent.com/hCPPVZj7zlSm6ZMLNhJ_TxcRt7METBzOVxpqvFdZjpyO26z7pF5Dxc9_D-PII0OM6Z_h98k3X0Kh2v2gCqn9pg=w526-h296-rw,https://play-lh.googleusercontent.com/oAAm1tKlIYbTx1UDluuMxUkkdYU_gA8P1_T6jO1VFgvYK8kufZWBQA5h-OczZ605rCCueTgkSMd6B_0LALZoUA=w526-h296-rw,https://play-lh.googleusercontent.com/0VgjgojPoDshzii7Da2XrAwLvVR9PRrrNZChRNVd0SOm876Vpn0TzFIK0hLZUld1yd_TnlnynK_lHjoqB0RR9g=w526-h296-rw
Utilities,Find My Phone by Clap Launcher,https://play-lh.googleusercontent.com/nJrcxiHA3PXdFZfMsP8kraHi9pdzZ_mNg_T2WEpJddwsm9_JDGTLS9rGuOhQb-WplQ=w240-h480-rw,1M+,"Jul 15, 2025",4.2,10.2K reviews,https://play.google.com/store/apps/details?id=com.find.phone.device.locate.lostphone.android,AtomApplications,"Do you often misplace your phone? Then Find My Phone Launcher is the perfect app for you!Find My Phone Launcher is designed to help you easily locate a lost phone - simply by clapping or whistling.. When you clap or whistle your phone will make a sound, vibrate, and flash so you can easily find your phone in seconds..Please note: As a launcher app, the layout of your home screen may change after install. Don’t worry, all your apps are still on your phone - they just may be in a different location. To learn more, please visit our FAQ section: With a launcher app, you get the added benefits of: 🚀 One-swipe access Activate clap or whistle detection by simply swiping right from your home screen!📱Home screen widgetSee the time, weather, and more, conveniently on your home screen with our customized widget.🖼️ WallpaperPersonalize your home or lock screen with a wide selection of beautiful themed wallpapers. 🏠 Home screen shortcutUse the Find My Phone Launcher shortcut on your home screen to get quick access to the phone finder functionality. 🔍 Multi-touchpoint search Apps and web search has never been easier. Search for installed apps or the web (powered by Yahoo) from multiple access points.Key free features✓ Clap or whistle to find phone✓ Flashlight & vibration alerts ✓ Customizable alert sounds &  duration✓ Battery efficient and optimized for performance 👏 Find my phone by clap or whistle: Simply clap your hands or whistle, and our phone finder app will respond immediately. Our sound recognition technology helps you locate your device in seconds, even if it's in the next room. 💡 Multi-alert system: When activated, Find My Phone Launcher triggers a powerful combination of loud ringtones and bright flashing lights in response to the sound of clap or whistle. This makes your phone easy to spot whether it's hidden under pillows, fallen behind furniture, or tucked in a dark corner.⚡Bright flash or vibrate response: The flash of this phone finder makes it easy to find the device even in dark and noisy places.🎵 Customizable alerts: Choose from a variety of attention-grabbing sounds available on our phone finder app. Select from soothing melodies, sweet whistles, playful animal noises, or even modern electronic beats. Adjust volume levels to suit your home environment and hearing preferences.⏰ Set alerts duration: Control how long your phone signals an alert when activated—choose from 10, 30, 60, or 120 seconds to ensure you hear it before it stops. Battery-friendly design: Our optimization ensures minimal battery consumption when running in the background. Your phone will be ready to respond when you need it, without draining your battery throughout the day.Easy to use: Enjoy a seamless experience with Find My Phone by Clap’s intuitive and user-friendly interface. No complicated settings or operations—just pure convenience at your fingertips.Versatile & easily compatible: The Find My Phone by Clap app supports multiple phone models, and functions whether your phone is on silent, vibrate, or full volume.Find My Phone is an efficient phone finder that gives you the power to locate your lost device in seconds. Download Find My Phone by Clap Launcher and join the ranks of people who never worry about having lost their devices again. Please write to us should you have any queries or comments about the app, including recommendations for new features. Also, please note that you can uninstall it at any time.You give your consent to install QR & Barcode Scanner Launcher from the Google Play™ Store by clicking the button above. You also agree to this app's Terms and Conditions & Privacy Policy.Google Play is a trademark of Google LLC. Use of it here does not imply any affiliation with or endorsement by Google LLC.","phone, your, find, launcher, clap",https://play-lh.googleusercontent.com/tL1w9Aq-8pMOWoPG9I3aqJUsNJ-q95M1eOfAvwYqleRTjP5cwdk1NWvWKnj20hCcNrEO=w526-h296-rw,https://play-lh.googleusercontent.com/kHJu6mJiexGnvdNN2oyZQ0eI65If9Sq72NOWQ0R8aE90q8MmI15EhLL0RS4zhkCwuJ3tpae-PjCqWRYb2yh80RY=w526-h296-rw,https://play-lh.googleusercontent.com/N4Uy4K8JCPev5rYAX4moyH5zUVNBQlVP9d2VkLntniE6vBfcNkth4fpijnhyvqXYWGKeOeDQ2cUk4fYxamE_=w526-h296-rw,https://play-lh.googleusercontent.com/4SUbfOo24WtDVqIzvyiwoqTSvuTxQ-DaEYfQgpo3qPXeSGCfgoxqvL6nfZt2nxOBaJE=w526-h296-rw
Utilities,Open Browser - Smart & Safe,https://play-lh.googleusercontent.com/aZLun56y8q5EclO3cw-b8pS_ThQVf4JxzsUcIkGFuaptWZtwFkm7hBq7FV-9I4wTqCAiYE3CW0OCD574dThb75c=w240-h480-rw,10M+,"Apr 21, 2025",4.8,215K reviews,https://play.google.com/store/apps/details?id=com.open.web.ai.browser,AdPulse INC,"Open Browser – Fast, Private, and Smart Web SurfingOpen Browser is your all-in-one solution for fast, secure, and convenient browsing on mobile. Whether you're reading the news, downloading videos, checking the weather, or managing your files, everything is built right in—no need to switch between apps.🌐 Fast & Smooth BrowsingExperience a lightweight browser that loads pages quickly and runs smoothly, even on slower networks. Enjoy faster search, efficient navigation, and less waiting time.🔐 Private Browsing ModeYour privacy is protected with built-in Incognito Mode. Browse without saving your history, cookies, or cache. It’s perfect for private searches or secure website visits.🎥 Watch & Download VideosEasily play videos online or download them for offline use. Open Browser supports multiple formats and includes a built-in video player so you can enjoy your favorite content anywhere, anytime.📰 Real-Time News FeedStay updated with the latest headlines. From trending stories to daily updates in entertainment, tech, and more—news is always at your fingertips.📁 Simple File ManagementOrganize, view, and access your downloads easily. Whether it’s images, documents, or videos, our built-in file manager helps keep your files in one place.🌤️ Instant Weather UpdatesGet live weather information in your location. View forecasts, temperatures, and air quality quickly, without opening a separate app.Why Open Browser?√ Fast web browsing, optimized for mobile√ Private and secure with Incognito support√ Watch and download videos seamlessly√ Integrated daily news and live weatherOpen Browser is designed to make your internet experience easier, faster, and more private. Whether you're searching, streaming, reading, or downloading, everything is just one tap away.Download Open Browser today for a smart, smooth, and secure way to browse the web.","your, browser, private, open, fast",https://play-lh.googleusercontent.com/BrK5um-t1em0ZVdz8iSEM6pAJw1W58GSfcg6vmaEWX0XmxozPAEEuJNXK49fWO6bu8s=w526-h296-rw,https://play-lh.googleusercontent.com/2NupYoFzYXCtbGoeMNu8271-4Jg433hxpD5o2UMp78qzGItQzionsNBx1AIAPubaQ0e6z5jcuZAC2n3xqd_VP5Y=w526-h296-rw,https://play-lh.googleusercontent.com/fQXCYj4qpb8IOuVntTPTCh-JKbyVuc7wBqTYLI6kyvxv_V6ENshRKGfRu0_tq7UFTKQ9=w526-h296-rw,https://play-lh.googleusercontent.com/5rx5HaewTQt3D3cWbxEIDNCHLw0FEug7SL6IHaI_lGVT8T5Lwwj0z3TBzvKEN9jhPFA=w526-h296-rw
Utilities,All Documents Reader:PDF/Word,https://play-lh.googleusercontent.com/49qXarqkvfxf-gL5t1WFhBn-k1rhLaiXad3mJC0l9THy8u8t9pBwT9j_ukZvQyEJESyJP-xJsMDYpw37V4qn5A=w240-h480-rw,1M+,"Sep 15, 2025",3.9,3.23K reviews,https://play.google.com/store/apps/details?id=reader.alldocuments.ora,Ora Tools,"Discover a new era of document management with Ora All Documents Reader—your unified hub for viewing, reading, editing, and organizing digital files.Supporting PDF, Word, Excel, PowerPoint, EPUB, and more, Ora All Documents Reader elevates your document experience to a whole new level.📚 Versatile File Organizer - Multi-Format Viewing: Instantly open PDFs, Word, Excel, PPT, and ePub files—making Ora your trusted pdf viewer.- Centralized Access: All your files are gathered in one place for quick browsing and instant preview.- Smart Search: Effortlessly locate any document, saving you time and boosting productivity.🔍 Comprehensive PDF Tools - All-in-One PDF Reader: Read, highlight, annotate, merge, split, fill forms, and sign documents easily—Ora All Documents Reader is your full-featured pdf reader and editor.- Scan to PDF: With a single tap, convert photos into high-quality PDFs using the built-in pdf scanner app.- AI Summarization: Let integrated AI instantly extract and summarize the key points from complex documents.- Flexible PDF Management: Merge or split PDFs at will, and protect your files with fast encryption or unlock as needed.- Seamless Format Conversion: Convert between PDFs and images, meeting all your sharing and display needs.🗂️ Efficient Document Organization - Intuitive Navigation: Quickly search by document name or type, and return to recently viewed files in seconds.- Automatic Categorization: Files are organized by format, giving you an effortless document management experience.🌟 Optimized Reading Experience - Whether examining detailed PDF reports or enjoying an EPUB novel, take advantage of customizable viewing options including horizontal and vertical modes.💼 Designed for Work, Study, and Everyday Life - A powerful choice for Microsoft Office files and more—for office tasks, school assignments, or personal file management, Ora All Documents Reader is a reliable partner.Why Choose Ora All Documents Reader? - Comprehensive Features, Simple to Use: Manage everything from business documents to leisure reading with ease.- Works Offline: Enjoy uninterrupted access and functionality, even without an internet connection.- Privacy First: All files stay securely on your device—your data remains confidential.Join the millions already benefiting from smarter document management. Download Ora All Documents Reader today and master your digital files with confidence!","documents, pdf, your, document, reader",https://play-lh.googleusercontent.com/nmdssBYMbqNURxnNpeYGTZSDT-g-Y6l6kxYx86povvRLxGXnxBtfxdIN2Si4Q9Z_raH8-BnHubPX-Llhinx8cA=w526-h296-rw,https://play-lh.googleusercontent.com/dHfhKwzb5q4334H-GmMAQ7pbVGBuybAIIiBmoxHpkAvl42CwHE1UGzT58qpAxISC4MqvQw0DFJuP4TM6ArRVIQ=w526-h296-rw,https://play-lh.googleusercontent.com/xTYLFHxKTU5YnvweqNID-zdzi14YCJduw9zrjt8NgeKg9Wh_MIjdgJEUv6o3eecm7pTmWu0Qo5SzYqqBzOFocg=w526-h296-rw,https://play-lh.googleusercontent.com/Wv9cZVzu86LY24A1gwpM5ELKYmDXk3QreuNbX6OzpHnu81YGfAdK1ITRUtTnMnnehpAJascbSwV0KhbtOspdZM4=w526-h296-rw
Utilities,All Restore - Photo & Video,https://play-lh.googleusercontent.com/y3J_MNMzF5Uj2kTEAFAJcwm4KJ77Oqhu4HwLqX1vm7mpBlHHJEp1NgSVE0v6RmUDBaGcpHwMleVlDLuPmMotZsU=w240-h480-rw,100K+,"Oct 13, 2025",4.1,862 reviews,https://play.google.com/store/apps/details?id=com.allrestore.photos.videos.recovery,Last Minute Flights Corp.,"Accidentally deleted your important photos, videos, or files? Don’t panic! All Restore - Photo & Videos helps you easily recover deleted photos, videos, and files in just a few taps.💾 Powerful Recovery Features✅Deep scan to find deleted photos, videos, and files✅Quick and safe restore with a high success rate✅Supports multiple file formats (JPG, PNG, MP4, PDF, DOC, and more)✅Preview before recovery to ensure accurate results⚡ Why Choose All Restore - Photo & Videos✔ Easy to use, no technical skills needed✔ Fast and reliable recovery process✔ 100% secure – your data stays on your device✔ Lightweight, efficient, and user-friendly📲 Recover your memories and important data anytime, anywhere!Download All Restore - Photo & Videos now and bring your lost files back to life!","videos, your, restore, deleted, photos",https://play-lh.googleusercontent.com/fJ60h7rDWHYQAbwHirZY9nQFGmbAL9z8_COW88X9mw0WA-08QC0K8y7wvM7ye65JDN3ab7NiWoDdiH-CZhtGfg=w526-h296-rw,https://play-lh.googleusercontent.com/PsTX5up01ierBdy0q1T4JrBil_ymAbKJxXKJp_FRhmsPXgvpwXTQgg_g1w01JQlABa72aGAu2OeLqqgG5A_nbg=w526-h296-rw,https://play-lh.googleusercontent.com/msc1HtST6MuNOaNvvFpFqG5KmKlMb58psg-ErZSsFbLXYoRngPsf5rgUa6zN-S1q4vMxvhUGVQy2lyrCfDCk=w526-h296-rw,https://play-lh.googleusercontent.com/D1lkIOw4OtaoVbeNyw-zEHjUiHCbLFcsvLMT7-OSywb2Mn01tcP-Q0HJxh5Gsllsy4Hwl8_wgoBv42lJS5Y1iQ=w526-h296-rw
