Niche,App Name,Logo URL,Install Count,Release Date,Rating,Review Count,App Link,Developer,Description,Keywords,Screenshot 1,Screenshot 2,Screenshot 3,Screenshot 4
General,+99 Reinforced Wooden Stick,https://play-lh.googleusercontent.com/b9jF704ZU4QNd8Ze_HN-qYonG6DAk1tB4HPqjIjdfRPL58wbSJrdJ20fwYUo5GKAykTrDiUDmR8DrG6OnUn-Xeg=w240-h480-rw,500K+,"Dec 9, 2025",4.5,18.8K reviews,https://play.google.com/store/apps/details?id=com.studiolico.woodenstick&hl=en_US&gl=US,STUDIO LICO Corp.,"🏠 Official Community

👉 https://discord.gg/qwtY3zAYB9

The legendary “+99 Reinforced Wooden Stick” is finally here on mobile!

▶ An Original Story Unfolds!

Join Peace, Love, and Luna in an all-new adventure brought to life by ChronoLife Mobile.

Experience their unique journey of courage, growth, and laughter.

▶ Fast-Paced Hack & Slash Action!

Enhance your trusty wooden stick and sweep through endless waves of monsters!

Unlock powerful skills to fight faster, harder, and smarter.

▶ Reinforce to +99 — No Limits!

No breakage. No downgrade. Only pure enhancement!

Upgrade every weapon to +99 and forge the ultimate gear set.

▶ Tons of Content and Growth Systems!

From Ursus Dungeon to Guild Raids, dive into endless challenges.

Send adventurers on missions, decode scrolls, and grow stronger.

Meet the loyal “Assister” and harness the power of the “Ego” system!

▶ Gear Overflow Every Day!

The automated forge produces gear nonstop!

Equip everything with a single tap and feel your strength surge.

▶ Unique Boss Battles Await!

Face off against villains straight from the webtoon!

Each boss has its own personality and attack style — can you defeat them all?

Your quest reward has arrived.

Will you claim it?","gear, wooden, stick, mobile, unique",https://play-lh.googleusercontent.com/UvfwlLLDkG0e_Yi9jw5bxw4FZuCK-VsnPDLOFgsHmlDaYIwZd-g9ud1Y890EpfMTgEPDehGO6PHb39zi6T_R=w526-h296-rw,https://play-lh.googleusercontent.com/FrEb30NJP3ZUY2pR7btOpG61ZV78jhvROjNQFcU7xPXUSd4N4MMfSp2_iFLWOUoanzMr0PpAVnJuNlnGMpYruA=w526-h296-rw,https://play-lh.googleusercontent.com/KBeZpHdlOYYUrXjCVkj_YkfhqfsXypd1xCxiLefv4jOMlWsw2kCDMomYUHs_xfUArFIY-x-KZeLuZ56z6k2xtEE=w526-h296-rw,https://play-lh.googleusercontent.com/n68-QLv8S4o4dL5gLNwHL5MG0faaLqyuNHkFnBrrKienY8HyFzQytwKebEehavh7dH9ccSL7vgYcEjnnhppIow=w526-h296-rw
General,1001 Swords: Pixel Idle RPG,https://play-lh.googleusercontent.com/_PDuAz2f5cJZcZpnPRm-yf6MdFgNtC9bHi22D138KlLZMMM0rC4jn7WN5cHDJFtlOu8jlDYGwvKaENxL2gEGTw=w240-h480-rw,10K+,"Dec 30, 2025",3.8,302 reviews,https://play.google.com/store/apps/details?id=com.pixeldungeon.idle&hl=en_US&gl=US,Plushy Bug LTD,"Welcome to 1001 Swords: Pixel Idle RPG — an offline idle rpg set in pixel worlds.

Collect powerful swords, build your team, and watch your heroes grow with AFK progress. Upgrade skill, unlock new skins, and levelup your roster as you evolve your strategy.

Dive into a fantasy journey filled with monsters, loot, and endless progression. Play anytime — even without internet — and come back to claim your rewards offline.

Features:

* Offline progression with AFK rewards

* Explore pixel worlds with pixel art style

* Collect swords, levelup heroes, and grow your skill

* Unlock skins, customize your avatar, and expand your character collection

* Endless upgrades and evolve paths

Start your adventure and build the ultimate sword collection!","pixel, swords, offline, idle, rpg",https://play-lh.googleusercontent.com/IdEHQ3SuV87TuWZNTQzuwS7I2n4LCuzlm4NutS3Y4Vq0Veyh45sjVvDDFqP7g8TSzUBCgtvT94rFVhhujfn5Pw=w526-h296-rw,https://play-lh.googleusercontent.com/HLs1Pfi-aA-Fe1Lay8CbKwCkfwFbNkXn1tah1AmrND6euvAC2eSWfbH0Cvxj80z34fP2jsEEvoMLMJXNhQlqyA=w526-h296-rw,https://play-lh.googleusercontent.com/LDcoCs8zYUhunYeQ57qDXvoCK75J_qMfxSDWqxJY7rCHy2yMms03zmnJdRKQJ5gSRmXx5hUdLXT-TZ5pzB5eUw=w526-h296-rw,https://play-lh.googleusercontent.com/G_fJotjanqu8RH1KLbyOrL3dd16cm2dGdb6cCdOc0DkUG_Ub6j6X0hdAwrNkXjiLwHJL1TOYNfPbE80jCfMM=w526-h296-rw
General,101 Games,https://play-lh.googleusercontent.com/y7RqiS9yka5nLNPzbhX3MYrLg3WpRhMSIxguTmZwbm09hzMtHU3MpOiBt0zVR9XxDtpmjRijfJqESXao20m_hg=w240-h480-rw,10K+,"Oct 18, 2025",N/A,N/A,https://play.google.com/store/apps/details?id=com.game.android101games&hl=en_US&gl=US,Big Brother Studio,"101 Games - Your Ultimate Offline Mini Games Collection!

Looking for a fast, smooth, and lightweight entertainment app? Discover 101 Games – a massive collection of over 100 offline mini games designed to smash boredom anytime, anywhere, completely without internet or wifi connection!

With just a single download, you instantly unlock a diverse world of mobile gaming: from brain-teasing puzzles, high-speed racing, and classic arcade action to relaxing casual games. Each game round lasts from 10 to 60 seconds, making it the perfect choice to relax during quick breaks, commutes, or while waiting in line.

Why Millions Love Playing 101 Games:

- 100+ Diverse Mini Games: Packed with multiple genres including logic puzzles, brain trainers, quick reflex challenges, and retro arcade favorites.

- Play Offline with No Wifi Needed: Save your cellular data! Play smoothly on airplanes, subways, or anywhere with zero network coverage.

- Instant Play, No Extra Downloads: No additional in-app data downloads required. Just open the app and jump straight into the action!

- Simple & Addictive Gameplay: Easy one-touch intuitive controls that are fun and suitable for players of all ages.

- Ultra-Lightweight App Size: Optimized to run perfectly on all devices without draining your battery or lagging your phone.

Explore Our Most Popular Game Genres:

- Brain & Logic Puzzle Games: Challenge your IQ, test your memory, and sharpen your daily cognitive skills.

- Arcade & Reflex Challenges: Dodge obstacles, test your hand-eye coordination, and beat your high scores.

- Relaxing Casual Games: Fun, stress-relief games perfect for unwinding after a long day of work or study.

101 Games is Perfect For:

- Anyone looking for quick-play games during short breaks.

- Commuters and travelers who need offline games with no internet to pass the time.

- Players who love convenience: All your favorite quick games bundled into one single application.

Download 101 Games today to experience endless fun and challenge your reflex limits!","games, 101, offline, mini, app",https://play-lh.googleusercontent.com/JEMvoCrzAzXrPbSZVvRtQJdQM_y-txY3kXaDAxb-dgjHtHGEtFoY_aI0-Y81wD4dFTcpZxZnBZgEssooW253=w526-h296-rw,https://play-lh.googleusercontent.com/-8XYduH6StDn0yqogsO_j3889ir2hgmbxr0VfG6C7KnBw17N87XhHRRHTG3nhRopiI4i_lz9ldT8VpGFV1P5Gw=w526-h296-rw,https://play-lh.googleusercontent.com/iftKuBeumjJXtXtOu_14RkSpXg2FEKDf6fHXUIquQzLY34s51RA2qHIEFuEj7N6QnaByAodNZO9KMKskoNxo7hY=w526-h296-rw,https://play-lh.googleusercontent.com/gqjTiv7LoJtwe7qnyiRPW2xlhlWrMdeMeSlONEqFsBFvKRLnOFi-Qi3bM5lTIDP9BJPqLM6mTVH_PQJK31PxCg=w526-h296-rw
General,3-Stack Poker Zingplay,https://play-lh.googleusercontent.com/L5s6TuOVudF_eaeSRaRHZGpnOBPz7up_NFL4TPryavnZEOVbmr66x0LL4IakrW1j8W5DZIH4IZhxPAE1xi6b=w240-h480-rw,5K+,"Oct 20, 2025",3.4,21 reviews,https://play.google.com/store/apps/details?id=zps.game.pusoy.us&hl=en_US&gl=US,VNG ZingPlay Studio,"Tired of endless bluffing and lengthy negotiation process in other poker games? Try this new 3 stack-poker where your fate is decided by you! Use your wits that you have cultivated in other poker games and show your strategy to win in 3-stack poker. A hard to master game, but so easy to on board! If you are already familiar with poker hand rankings (royal flush, straight flush, four of a kind,...) this game is a perfect place for you to showcase your poker skills with more than 1 million online players worldwide.

This app has no advertisements, with satisfying UI/UX that promises to deliver an authentic and thrilling experience right at your fingertips! Participate in the competitive Super League Mode, win big, climb the leaderboards, and prove the world you’re the ultimate 3-stack poker champion.

There are Daily Rewards Login for you to grab exciting bonuses and keep the game flow. Immerse yourself in exciting quests, fun mini games and try your luck with Lucky Spin. Are you ready to be part of the pool with eminent poker players? Download now and join a global community of passionate 3-stack poker players. Show off your skills, and become a legend in this innovative game.

Note: This game is designed for an adult audience and does not offer real-money gambling or prizes.","poker, game, games, 3stack, players",https://play-lh.googleusercontent.com/DLxOv5pvieMkTpIrQ4vG3zNuMEWE1NQMOjdqoNwwuGOPys6Vt3jTGn42kQzW4bBc7kEmEWcutnFBhUQjO4tiwlU=w526-h296-rw,https://play-lh.googleusercontent.com/8tuoK0cy5hs9v-FcoXU_6by3I14ls86oGea36AxztMxB37fcnBkLF1cXs7QSqg4zorqgiMikkf8jYDtO2H5epw=w526-h296-rw,https://play-lh.googleusercontent.com/W7PV4VyiMeo-wUsH9QwefTXQxkJ-PCaZmkyg5N5EKXyuR8G29oUTP4pJtlpE21W4eFcjCFIlzZlyP2iG1Ts29Q=w526-h296-rw,https://play-lh.googleusercontent.com/cnPG7vNmAKT2t77Y99-1hlikcUiT7PI97ZBN5ly8Ij6jfw4PMacr4yP2vzaToEBxdpHCLZUtRt59gFDECS21=w526-h296-rw
General,3D Colorful Sort™ Magic Water,https://play-lh.googleusercontent.com/nl1p1R9g4vAZfj_h1dzcqRRnumzC8ZnRkSeXCVee3Ljjxu15SLE_leuzfwHye18lnvwYOs7BzG4ZdD8LrEhK=w240-h480-rw,10K+,"Apr 8, 2026",4.9,814 reviews,https://play.google.com/store/apps/details?id=com.magic.relaxing.water.sort.colorgame.puzzle&hl=en_US&gl=US,ZenPuz,"Welcome to 3D Water Sort! Magic Potion — a relaxing and satisfying puzzle adventure where a clever little raccoon guides you through a world of colorful sorting challenges.

If you enjoy puzzle games that are easy to start but increasingly challenging to master, this bright and calming experience is designed for you. Sort vibrant liquids, organize bottles, and solve clever brain puzzles while enjoying a playful and relaxing atmosphere.

🦝 A Charming Puzzle Adventure

Meet your adorable raccoon companion, the curious helper who loves organizing colorful water. As you progress through the game, the raccoon celebrates your victories and encourages you to solve each new puzzle.

This playful character adds personality and charm, turning a simple sorting game into a memorable puzzle journey.

🌈 Simple Gameplay, Satisfying Strategy

The gameplay is easy to understand and satisfying to master:

• Tap a bottle to pour colored water

• Sort liquids so each bottle holds a single color

• Plan your moves carefully to avoid getting stuck

• Complete levels to unlock new challenges

Each level introduces new puzzles that test your logic, memory, and problem-solving skills. The mechanics are simple, but the strategy becomes more engaging as the puzzles grow more complex.

🧠 Relaxing Yet Brain-Teasing

Colorful Water combines relaxing gameplay with thoughtful puzzle design. It’s perfect for players who enjoy brain games, organization challenges, and calming puzzle experiences.

Whether you're looking for:

• Relaxing games after a long day

• Brain puzzles to keep your mind active

• Casual puzzle games to enjoy during short breaks

This colorful sorting adventure delivers a satisfying balance of calm and challenge.

🎨 Bright Colors and Smooth Visuals

The game features a vibrant visual style designed to be both cheerful and relaxing.

Enjoy:

• Beautifully colored liquids

• Clean and easy-to-read bottle layouts

• Smooth pouring animations

• A playful and friendly atmosphere

Every level feels colorful, satisfying, and rewarding to complete.

📶 Play Anytime — Online or Offline

Looking for puzzle games you can enjoy anywhere?

Colorful Water: Fun Sort Game can be played anytime, even without an internet connection.

Perfect for:

• Travel and commuting

• Relaxing at home

• Quick puzzle breaks

• Offline entertainment

Just open the game and start sorting.

⭐ Why Players Love Colorful Water

• Relaxing and satisfying color sorting puzzles

• Hundreds of engaging levels to explore

• Easy to learn, challenging to master

• Bright, colorful visuals

• Charming raccoon companion

• Smooth and intuitive controls

• Offline puzzle gameplay anytime

If you enjoy puzzle games, sorting challenges, brain games, or relaxing color puzzles, you’ll love organizing bottles and solving each colorful level.

🎮 A Fun Puzzle for Everyone

Designed for casual players and puzzle fans alike, Colorful Water: Fun Sort Game is suitable for adults, teens, and anyone who enjoys thoughtful and relaxing gameplay.

Play at your own pace, improve your puzzle-solving skills, and enjoy the simple joy of bringing order to colorful chaos.

Ready to start sorting?

Download Colorful Water: Fun Sort Game today and join the raccoon on a relaxing puzzle journey filled with colorful challenges and satisfying solutions.","puzzle, colorful, relaxing, water, satisfying",https://play-lh.googleusercontent.com/hox9yR-Si5MggkO3IJm5TA1vZAVTNFfwW1ocaMFRebiRfNQYJiQfOtcMoHgkf3bC3dx8z1gzsmoGq4qWA9WeDg=w526-h296-rw,https://play-lh.googleusercontent.com/CXZC7W2uAHK5pqxYgDWwGe47woMAsYlM4Y62uMtIgY3k5gYNSfMjjSyg81s1izlQnFtMGCZp_s6i6P5-bYsR8g=w526-h296-rw,https://play-lh.googleusercontent.com/_mdRRP68mDZpQMo3I7IpKxMHmk9Spd9nGWenP-GjGwsv0RHxaT35G1Ehl5iWBHR-G4bXFrxiKtrejXVqppooXA=w526-h296-rw,https://play-lh.googleusercontent.com/ujYTcCVohyavtyS3lPN9E442-UGEMDlfnP_-XdIUNcfeOJY8nMAQMvTlQWxOzCbyDS0M6qop-r0rLJryoX54qg=w526-h296-rw
General,3D Screw Out: Bolt Sort Master,https://play-lh.googleusercontent.com/UMDApaxYVL0MSHwY4emD6ZNMnQgATw5kID0qnUrORLKhijUGtcdcOPp8xe-2Y4rUx4uSsNUp8TT7mnse0m9d=w240-h480-rw,500K+,"Dec 30, 2025",4.8,15.4K reviews,https://play.google.com/store/apps/details?id=com.screw.pin.jam.puzzle.nuts.color.story.blast&hl=en_US&gl=US,Flyfox Games,"🔩🎨Dive into the most addictive 3D bolt puzzle game ever! 🧠🎄🎅😎 Tap, match, and sort screws by color in this satisfying brain-training adventure. Feel the click of every perfectly matched bolt as you relax, unwind, and kill time. Whether you're a puzzle master or just looking for a fun way to pass time, this bolt-sorting puzzle will keep you hooked for hours!

🎉Sharpen your mind while having fun!

Sort colorful screws, match bolts, and clear challenging boards. Every level is a relaxing puzzle that trains your brain, improves focus, and gives endless joy. With 3D graphics, smooth controls, and addictive gameplay, each tap brings a satisfying pop of color. Feeling stressed? This addictive bolt puzzle is perfect for calming your mind and boosting your mood!

✨No matter where you are – waiting for the subway, commuting by bus, chilling in a park, sipping coffee, or winding down before bed – 3D Screw Out: Bolt Sort Master is your perfect companion. Sort bolts, match screws, and enjoy addictive 3D puzzle challenges anytime. Crush bolts, master levels, and train your brain while having fun! Each level is designed to be simple to start but challenging to master, keeping your mind sharp and your hands busy.

🔩How to Play:

1️⃣ Tap screws of the same color to sort and remove them.

2️⃣ Strategically match bolts to clear each 3D board.

3️⃣ Complete levels to unlock more colorful screws, amazing bolt challenges, and advanced 3D puzzles!

4️⃣ Repeat and train your brain while having endless fun!

5️⃣ Challenge yourself daily with exciting levels, events, and festive puzzles!

💫Features — Immerse yourself in a fully 3D puzzle world:

✅ Hundreds of colorful bolts and screws to sort and match

✅ Unique 3D boards with varying difficulty levels

✅ Brain-training and stress-relief gameplay

✅ Offline play – enjoy bolt puzzles anywhere, anytime

✅ Smooth controls and vivid 3D graphics

✅ Easy to learn, challenging to master

✅ Perfect for casual play, killing time, or brain-training sessions

✅ Holiday-themed puzzles with festive screws and colorful bolt patterns

✨ Highlight:

🔴Tap, match, and sort colorful screws in 3D!

🔴Smooth Controls——360° screw rotation for precise disassembly!

🔴Experience addictive bolt-crushing fun, sharpen your brain!

🔴Relax anytime, anywhere.

🔴Perfect for casual play, stress relief, and holiday vibes.

Bring the holiday spirit into your puzzle adventure! 🎄🎅🎁❄️ Match red, green, and gold screws in festive 3D levels filled with colorful bolt challenges. Tap bolts with precision, plan your moves carefully, and experience the joy and satisfaction of completing each vibrant board. From winter-themed puzzles to sparkling festive challenges, this bolt sorting game is not just relaxing – it’s a celebration for your brain and a holiday treat for your eyes! 🌈

Don’t wait! Try 3D Screw Out: Bolt Sort Master now and start your ultimate 3D bolt-sorting adventure today! 🚀🔩🎄🎅 Perfect for relaxing, matching, sorting, and crushing bolts anytime, anywhere!","bolt, screws, puzzle, sort, match",https://play-lh.googleusercontent.com/eKeUE-tFBEPP4aQFhCjCZgjysehEF0OSXNoZ145IgChrDOrWP509KuV-dK_N-DFXtHUErAIci3lICITa1Bk4=w526-h296-rw,https://play-lh.googleusercontent.com/3H4HzYDXqWr2Om-8RJKMRiXiEavzLZvr-1AniKODNcS-HvFdTUE6jWKx446N5nmDcLrp8pnrcStLwMlLsIpKvgg=w526-h296-rw,https://play-lh.googleusercontent.com/yZpghRvb21vusTy3-ZkX7Vh42uiW6kilCeJBXApSoO5memNEVNE4ZPa1NMt4pkCgWJSs_2RKcQvJ47MG6ueBxQ=w526-h296-rw,https://play-lh.googleusercontent.com/D5nIFGWxx_aoq4i5gOrODtLwxgBTeHd3SPlJFbkTCHlxq7yN7-5e6nXhy2rx_S6XYad6E_MHZ8fRuRBhXh44nQ=w526-h296-rw
General,3D Unscrew Star,https://play-lh.googleusercontent.com/nGTkW3KkgtbBX9qztwLlPfLDefssvvfaDgFxWwRFWrR-xazuw1WbvpkKx3rWki4BLuwxeN-jyE4LJNk_u1uEEg=w240-h480-rw,100K+,"Apr 24, 2026",4.8,690 reviews,https://play.google.com/store/apps/details?id=unscrew.star.nuts.bolts.screw.pin.jam.puzzle.color.sort.out&hl=en_US&gl=US,Brainit Games,"🔧 Unscrew, rotate, and solve intricate puzzles in stunning 3D!

Whether you want to unwind after a long day or sharpen your mind during a coffee break, this is your go-to game. No rush, no stress—just pure, satisfying gameplay. 😌

🚀 Why You’ll Love 3D Unscrew Star:

🎯 Fun for Everyone – Simple to start for beginners, yet challenging enough for puzzle masters!

💫 Relaxing 3D Gameplay – Smooth controls, no time pressure, just pure fun.

🎨 Vibrant 3D Visuals – Explore a variety of colorful, creatively designed models.

📱 Play Anywhere – No internet? No problem! Enjoy the game offline anytime.

🌌 Game Highlights:

🪐 Diverse Levels – From simple warm-ups to mind-bending logic challenges.

🌀 Intuitive Control – Effortlessly rotate and unscrew objects with a simple tap.

⏳ Play at Your Pace – No timer, no pressure. Just you and the puzzle.

🎧 Soothing ASMR Sounds – Satisfying clicks and calming effects for stress relief.

🎯 Ready to Become the Ultimate Unscrew Master?

Join players worldwide in discovering the most satisfying 3D puzzle game. Download 3D Unscrew Star now and twist your way to victory! ✨","unscrew, game, satisfying, simple, puzzle",https://play-lh.googleusercontent.com/2AfT73PebjymHFbgbDbH8cNdolmjgr_L66YVhy2qhn9VTOepnaQysGaqTFtCQbX8sP_lb-zf6mcrczGTyCZkCQ=w526-h296-rw,https://play-lh.googleusercontent.com/3w20vs7EJQEqsYqxWQ7OzphlsbN_f5yKrGN6-mvp1mzd4TU5jlNm-N40e2Hm8-MT1iGVYpZjr7I7Y3n3MHTMa9I=w526-h296-rw,https://play-lh.googleusercontent.com/C8kMfULDOAqLNXGD1BBfCNdyVj9KffxL6T8y6BGbEQdMcaO-QcaaOm3n3oxKgSSYVXKPpzKCz9nhk1VTkavy=w526-h296-rw,https://play-lh.googleusercontent.com/mpDH6zMfkIDfHY_IW10UFThhBDThrNaYt7O3GIcCS920VBjlV6WTr-kb8PjMLCBFG5XO7aX3KzIgn9mP43rFRg=w526-h296-rw
General,3D Valentine Hearts WatchFace,https://play-lh.googleusercontent.com/88KXKvnONWuOmkhAl-jcuRmpTEpqiXsQOhq1XJRm93EAhpjmYVBVEVeQHMUSe8fE0LzXzc1CJE5C7u_IfHaR=w240-h480-rw,5K+,"Jan 2, 2026",N/A,N/A,https://play.google.com/store/apps/details?id=com.valentine3d.valentinesday.watchface&hl=en_US&gl=US,Filmmotion Studio,"Bring the magic of love to your wrist with the 3D Valentine Hearts WatchFace—a beautifully designed Wear OS watch face featuring romantic 3D hearts, soft animations, and a warm Valentine aesthetic. Perfect for users who love Valentine themes, love motion wallpaper style visuals, pink neon heart effects, and elegant rose-gold Valentine designs.

Designed with a minimalist heart theme, this watch face blends charm and clarity, delivering both beauty and essential daily information.

🎄 Perfect For :

• Women, men, couples, and anyone who loves:

• 3D Valentine animation

• Romantic neon aesthetic

• Valentine live wallpaper–style visuals

• Pink neon heart themes

• Minimalist love designs

• Valentine 3D hearts & glowing heart elements

🎉 Ideal Occasions :

Perfect for:

Valentine’s Week

Romantic dates

Weddings & anniversaries

Daily stylish use

Gifting loved ones

✨ Key Features:

1. Stunning 3D Valentine heart artwork with soft glowing animations.

2. Digital Display: Time, day, date, steps, battery %, and weather info.

3. Aesthetic Valentine theme with neon & rose-gold details.

4. Always-On Display (AOD) Support for continuous elegance.

5. Smooth, power-optimized performance on all Wear OS devices.

⚙️ Phone App Features

• The companion mobile app helps install and locate the watch face

easily on your Wear OS smartwatch.

🕒 Watch Face Features

• 12/24h Digital Time

• Day & Date Display

• Step Counter

• Battery Level Indicator

• Weather Information

• 3D Valentine heart animations

• Always-On Display (AOD) Support

📲 Installation Instructions:

1. Open the companion app on your phone.

2. Tap “Install on Watch.” On your watch, select 3D Valentine Hearts WatchFace from your watch face gallery.

✅ Compatibility:

• Compatible with all Wear OS devices (API 34+), including: Google Pixel Watch Samsung Galaxy Watch series

• ❌ Not suitable for rectangular watches.

• Celebrate love every day with the 3D Valentine Hearts WatchFace—a perfect blend of romance, 3D beauty, and stylish functionality. 💝💕","valentine, watch, heart, love, hearts",https://play-lh.googleusercontent.com/LIKuP4AJYHO4kIxPSpzPpC5FCaziBY68t4V3xnanyRUUE82Kms0uaE1oT8kh6kaRtCaPB1ZcSeKNcrFHuNNS-Q=w526-h296-rw,https://play-lh.googleusercontent.com/7IPdNGyLbfQW4yfeuU7Xc3C8Ya9vz1nnSThJoojGynUnhRxrDUGVEAjwmAMow5vUm_CTAmQ2-zq5g4NVduLWoA=w526-h296-rw,https://play-lh.googleusercontent.com/xPaNSU0kJf8sVsYqBqCxdbNIgSAVuKDiX39R8imk7DJGEKR8CD1fO5YmWR55PGi1YXlfDNIxc4h0xvdIeuPqpw=w526-h296-rw,https://play-lh.googleusercontent.com/aL-NyIqnU19B5eNbTwbYpcijUkl28_B5YQ48uVA5w5LBaonycXCFSy4CXRkcDRu83RUo9iIAM5rsdyc5v8jg=w526-h296-rw
General,5 Second Rule - Fun Group Game,https://play-lh.googleusercontent.com/Z7WVN-5ulOTdy5RqDL0dwXjtN4l1i6rHE_tsUSC2r_HJjCb5RpHrLhw-87KxXpHSP6E=w240-h480-rw,10K+,"Aug 10, 2025",N/A,N/A,https://play.google.com/store/apps/details?id=com.gtm.fiveseconds&hl=en_US&gl=US,Ultimate Party Apps,"Think fast or lose the round!

It’s 5 seconds on the clock, 1 question, and 3 answers to shout—welcome to the ultimate guessing game!

This is 5 Second Rule, the go-to group challenge party game: perfect for any house party, bachelorette party, sleepover, wild game night, road trip, or anytime you're hunting for fun games to play when bored.

How to play:

Read the question. You’ve got FIVE seconds to name 3 things.

Too slow? Mess up? Prepare to get roasted.

Challenge your friends or get exposed trying.

First to crack under pressure loses. Winner? Bragging rights forever.

Perfect for:

• Couples games that’ll test your love

• Sleepover games that turn up the volume

• Dirty questions for brave adults

• Fun group games with your besties

• Classic guessing games with a twist

What’s inside:

• 100s of hilarious & unexpected questions

• Add your own spicy or silly ones

• Up to 14 players - it’s the ultimate group game

• Track scores, settle debates

• Family-friendly AND adult-only modes

• Works offline - no Wi-Fi? No problem. It’s your next favorite night game

From pre-game warm-ups to wild after-parties at the party house, 5 Second Rule fits into every vibe. Just grab your phone, gather your crew, and get guessing.

It’s fast, chaotic, and totally addictive.

This isn't just a couple game for adults app - it’s a party in your pocket.

So next time you're stuck for games with friends… you know what to play.

5 seconds. 3 answers. 1 epic fail waiting to happen.

Download now and see who can handle the heat - or get exposed.","game, games, its, party, get",https://play-lh.googleusercontent.com/wYvz6796q3P10aCzYbFKhGXF3wXrmE-UdvG_gsxwfNwdZ19ILnifljaB9thljIRxVEA=w526-h296-rw,https://play-lh.googleusercontent.com/cs9i6u67NhGVJ-4-WxzYhGkZcOG_Fj5IIrzMDhrjeDldqQq4yh0VXcoWEt3996OBOQs=w526-h296-rw,https://play-lh.googleusercontent.com/Ddo1co0XMe72i48qSEGLMqfMElc_nmtUoB-LqiS5ldmhADllRXtFrtZ1VpApRJ1P3KPA=w526-h296-rw,https://play-lh.googleusercontent.com/CVWf1DoAlRkiAmQMY3yiGoraPoQVcPZM2megeeqUiF3o6xc-T7b3fnwJ52vAMP9teA=w526-h296-rw
General,5Min: Weight Loss Workout,https://play-lh.googleusercontent.com/x1ayiyf-DN3gh5v0cS5QtcmCxfFYoWiRQm-OIFEDw4kZ2zsIadUwB4YBC3xGVSncmXi7EXNelXst-ANUBlI8qg=w240-h480-rw,100K+,"Jan 23, 2026",4.6,745 reviews,https://play.google.com/store/apps/details?id=swiftflyers.plan.dailyweightloss&hl=en_US&gl=US,SWIFTFLYERS,"🌟 Want to lose weight and get fit but don’t have the time or energy? Or just feeling a little lazy? Meet 5Min! Your pocket-sized fitness coach is here to help you get the perfect workout anytime, anywhere! 💪

🏠 Lazy Workouts at Home, Work, Wherever!

Think of 5Min as your personal trainer on-the-go. This easy-to-use app offers short and effective workouts that fit seamlessly into your daily routine. 🚀

⏰ Always Missing Your Training? No Worries!

5Min keeps you on track with goals and reminders that work subconsciously, turning workouts into a fun habit. Say goodbye to lazy days and hello to the fit version of you! 🌈

✨ We Believe in You! 5Min is packed with features, including:

🔥 Quick Workouts for Abs, Chest, Legs, Arms, and Butt

Whether at home or sneaking in a session before your next meeting, these 10-MINUTE workouts maximize efficiency. Lose weight fast and keep it simple! 🏋️‍♀️

😴 Lazy Girl Friendly

No exhausting exercises or endless routines. 5Min is fast, simple, and perfect for busy women! Dive into a fitness app tailored to your needs and level. 💃

🛋️ Keep it Comfortable

Work out at your pace. Try a bed workout or pump it up to get your blood flowing. This digital coach matches your vibe! 🎶

🚫 No Equipment Needed

Discover chair workouts and boost your well-being with yoga, wall Pilates, strength training, and more. No expensive gear required! 🪑

🎯 Target Key Areas & Lose Weight

Transform that bum from flab to fab! Just one quick workout a day to lose belly fat, tone up, and get fit with simple home workouts. Target specific muscle groups for maximum results! 🎯

🎨 Choose Your Style

In-bed workouts, chair yoga, wall Pilates, fat-burning exercises, regular yoga, and more. 5Min is a must-have for the lazy, fit girl. Mix it up and find your new fab reality! 🌟

🚀 Go on — Challenge Yourself Today!","workouts, 5min, fit, lazy, lose",https://play-lh.googleusercontent.com/ejgcwPFmatvke4w_RWqahRcdUsopTBfnCVWVm-aMLQ3oume-7zNaKMTVQEe5MN7BLhLZ02xnHMnrLoHHka82Mw=w526-h296-rw,https://play-lh.googleusercontent.com/GWTc-3hdBjl5U6YRwnSY3saZoSOLVfMuKRKrISliZyBMWQNlFtTjJfWdOFvf1Gsm1-yxwNcFxckXaHdfmTTtICU=w526-h296-rw,https://play-lh.googleusercontent.com/0uGSjY6KABjQoW8p48cmT5JX18QciO6NgRy0xkWP1ltkjK8ndmdNXIQPS64aSh-2K7fSaOgp4DTzZaxQ-eeRpkw=w526-h296-rw,https://play-lh.googleusercontent.com/eCHhsnD_rYB_hswMzSW0g59EERf0IJ1p_brFCmD1fw9ZoBPF39sTTZ_y5pDXCKckyupUNlgVXFIODApUpuq9=w526-h296-rw
General,[365fun] DinoRun4,https://play-lh.googleusercontent.com/Bhl2PEHOAu5ZNZKtG_NHwhNz1GiExvwIrGacM7bDhVDfOPFV7AJjXS_Rc_WCPVmRzbFeA7S2MobO7Mlm9kva7w=w240-h480-rw,10K+,"Jul 19, 2025",N/A,N/A,https://play.google.com/store/apps/details?id=com.whitewind.dinorun4&hl=en_US&gl=US,wind,"Dinosaurs will come out from the left and right.

Drag and catch all the dinosaurs.

Catch the Tyrannosaurus with missiles by clicking continuously.","dinosaurs, catch, come, out, left",https://play-lh.googleusercontent.com/Mc8PNkZx70kOIMTR2PEuTrs91j9RqleNNwpV_Nj4MSlH9XdRsBRM5lhiGQfgPEIGbtOlGMCtWKNq9ujHTqon=w526-h296-rw,https://play-lh.googleusercontent.com/Dxc3QuSZcLAmwLavPihX1UgyBuztsFftk4UxZZAfSoev25rIHWHHOwg8j8x9CE02zOmnhguzTWvvp10br-Y3hA=w526-h296-rw,https://play-lh.googleusercontent.com/fNxHK4Xh_LqUDVN6nra2G6V7sYvnz0YYZoRoI2Ne3PkEHhO-mTn7SJGCjegwPWuwFlbOhtmwCK1f8kubUDF1d4o=w526-h296-rw,https://play-lh.googleusercontent.com/uUm93m9NTIWE4aeOhk5O61nYJm5qdZRuraL4LnlBBKnI15K5-qrzT31FWEOb_32e0dnmX9PQRFFLFZ5Qf49KdQ=w526-h296-rw
General,[365fun] PipeMan,https://play-lh.googleusercontent.com/c6hVShP-cHW0BzLFZKh_h3q_YVDVI9MowoQhEq_tf5eejddSsxwxoXQAcA4HcaJoty_KLDydqjoaPghzjfzi=w240-h480-rw,5K+,"Sep 5, 2025",N/A,N/A,https://play.google.com/store/apps/details?id=com.whitewind.pipeman&hl=en_US&gl=US,wind,"Proceed through the pipes.

Pass through the lids of the same color.

Avoid the monsters moving left and right.","through, proceed, pipes, pass, lids",https://play-lh.googleusercontent.com/-kGD2W_jfCFAM3ctOFU0QfxSIFa2L4G7e9sifJ1WrNjKmBmeBiVJBSsXuMga9dx5A8kWtC5JonK6Im8eVOIm=w526-h296-rw,https://play-lh.googleusercontent.com/IOaoYlhXl52_rc76xkMvekIUrY3slyFMz9Desu1eW8fVa7wjCWLHcreX3G8ffdgfAbz4tNXqkQ5Ahri57G1QYgo=w526-h296-rw,https://play-lh.googleusercontent.com/w-0oxvPRV0tC0wLV2aHY7KaFD5v8G2GmnNVgKtZdH47nPRTDpT9mVA5_WhcE8iuijUH2bSRhjp3lDpfUOwri=w526-h296-rw,https://play-lh.googleusercontent.com/djzXM2TkUdxCgmwoyyD50JeG1gcM5ocqcnheotkROXkDb4IpM9k2oERFCO8F4vfvE-Uqa-ntVYF3at0XasKQ=w526-h296-rw
General,[69D] Retro WF7,https://play-lh.googleusercontent.com/j5lR5gqQyK-wjaOORFXdOXNanu_5Nm0Ab3nwtjudZe1WOqMeYcNtfjKrEty6HE_TwBJIkNOaoeTS6x6sdwyU=w240-h480-rw,10K+,"Sep 8, 2025",3.5,151 reviews,https://play.google.com/store/apps/details?id=com.sixty9design.retrowf7&hl=en_US&gl=US,69 Design,"Please enjoy this outstanding watch face with many selection of customizable elements.

A lot of possible designs combination!

Now you can create your perfect combination which suits your taste.

Features:

- Many color combinations

- Battery level

- Steps count

- Heart rate level

- Date

- Complication area x 2

NOTE:

This app is made for Wear OS devices.

This watch face is compatible with most Wear OS devices, but keep in mind that it will run best and smoothest on newer devices with latest Wear OS software versions.

Please note the attached instructions above (graphic images) which explain how to configure the watch face.

Thank you.

69 Design

Follow us on Instagram: https://www.instagram.com/_69_design_/","watch, face, wear, devices, please",https://play-lh.googleusercontent.com/ulfAFaFI01VNgKBXziQ4TH23G_9u1z3yhw1smkivHa0NT9fzZj09fJAwuYbkn_7vgjKau0j8GCRDhhinCap1-po=w526-h296-rw,https://play-lh.googleusercontent.com/7Q7_1kkAo0UXSrmdmqCwErriKpGvH1egxZbIzZG_ht_bnU6_eHCpwEfQvsh45byI0rlr2REL-H0ruH1RMza1NQ=w526-h296-rw,https://play-lh.googleusercontent.com/m_9gzFFWZcsush9T92o-Qx6eg3qFC9fDTmdF5LaS5Gl5NHmvm0-uzN3CkKUlcD_1ZrMKcMqZOpb5ZC60apCOavQ=w526-h296-rw,https://play-lh.googleusercontent.com/XXMmDeuiAkyrpaNMiK44fEqAYPJE93Hddwe3Htw_hIPyJ3yVBp-IukROYBFSJoA_xjfiLIs_LYgZjpq7hkhF=w526-h296-rw
General,[Premium] RPG Isekai Villain,https://play-lh.googleusercontent.com/zd-E85Iy6OtHw8PgPxwBpPakydZJmHCAtxGLrEBMPMVVm-UqgbQxo5qelFnfk3UNxlD1L9n_CSXTYDJLMzjLwQ=w240-h480-rw,10K+,"Oct 14, 2025",4.7,655 reviews,https://play.google.com/store/apps/details?id=kemco.execreate.villainpremium&hl=en_US&gl=US,KEMCO,"An ordinary young man is reborn into the world of his favorite comic—only to find himself as a bit-part villain doomed to die. To escape his fate, he must rise as a true villain, gathering allies, defying heroes, and carving a new destiny in this dark fantasy isekai JRPG. Experience a story of survival, betrayal, and ambition where good and evil clash in a pixel-art world.

Fight strategic turn-based battles that blend classic RPG command systems with modern mechanics. Exploit enemy weaknesses, trigger chain attacks, and unleash powerful break attacks. Earn notoriety through misdeeds to rank up and unlock unique arts via a skill tree. Explore dungeons, gather resources, and develop your own evil base with a smithery, lab, smuggling, and more. Packed with pixel-art charm, immersive story, and tactical depth, this parallel world RPG is a must for fans of JRPGs, anime-style games, and fantasy adventures.

This Premium edition does not have ads during gameplay and includes 150 Evilstones as bonus!

[IMPORTANT NOTICE]

Your use of the application requires your agreement to the following EULA and 'Privacy Policy and Notice'. If you do not agree, please do not download our application.

End User License Agreement: http://kemco.jp/eula/index.html

Privacy Policy and Notice: http://www.kemco.jp/app_pp/privacy.html

[Game Controller]

- Optimized

[Languages]

- English, Japanese

[Non-Supported Devices]

This app has generally been tested to work on any mobile device released in Japan. We cannot guarantee full support on other devices. If you have the Developer Options enabled in your device, please turn off the ""Don't keep activities"" option in case of any issue. On the title screen, a banner showing latest KEMCO games may be displayed but the game doesn't have any ads from 3rd parties.

Get the latest information!

[Newsletter]

http://kemcogame.com/c8QM

[Facebook page]

https://www.facebook.com/kemco.global

*The actual price might differ depending on the region.

© 2025 KEMCO/EXE-CREATE","world, notice, any, his, villain",https://play-lh.googleusercontent.com/ET-XWzYV1GkUTzmubtH-RgBh78Abd3cZMobdAgTt2Bvd_v6mRILAYWYEUufHZNcL5j69TZqzQtSS0Kvg9pBPY-0=w526-h296-rw,https://play-lh.googleusercontent.com/vKzGccdultOqKoQ3YLLkbvgcWDEy82XxEFMSGOwB1dSqxt7PBUUqhocoNvwhKU6k2bsq8fOntdtW0N4-z1eDIg=w526-h296-rw,https://play-lh.googleusercontent.com/74ORPr_1jgkR3Jbm1YXFB0KFDZapZvcJlCqfdZkB3KzwZvAQtdT6giIU3xfC9jp8HLud9S89Tii4gzfe7kpu=w526-h296-rw,https://play-lh.googleusercontent.com/VT8vJHQLeSUvn6zfv_CitgrZ2TXMY6oeKb4ZUZb9hN-lm5vqvEBt5U0iz9gRw3CQQWbbGIsgDv_IQieFsdxjJao=w526-h296-rw
General,[untitled],https://play-lh.googleusercontent.com/YSJSgzbeQmGGaEUuv9uVbhk67cYe7TXeL5_9a6Y9a8AGxqKuYo_Js5RcYuuUbYN5K-g7ZSQvAauausEe6wCf0g=w240-h480-rw,100K+,"Sep 9, 2025",4.7,1.08K reviews,https://play.google.com/store/apps/details?id=stream.untitled&hl=en_US&gl=US,[untitled],"Upload & organize your music

• Upload directly from your local files, Google Drive, Dropbox, or anywhere you store music.

• Organize your tracks into projects and folders, synced across your Android, web, and iOS devices.

• Manage your tracks on the go, even without an internet connection.

• Download music locally for offline playback

Sharing & Collaboration

• Share links to your music with friends & collaborators.

• See who listens and manage access to your projects.

• Perfect for collaborating on work-in-progress tracks.

• Share snippets of your tracks with others via TikTok, Instagram, and other favorite sharing apps

Secure & Reliable

• We partnered with a world-class cybersecurity firm to protect your music.

Coming soon

• Edit pitch, speed, and gain on any track

• Record ideas instantly wherever you are

• Split any track into stems with AI","music, tracks, upload, organize, into",https://play-lh.googleusercontent.com/LN_Ff-k13-RSakEP_0TDW9U70fT9LyM2UWxct1pmwKc8jDydCIcwftVuISFgxVab5os1C_XkstpdEY_mzNc=w526-h296-rw,https://play-lh.googleusercontent.com/nUlYUszCzJElFdtobKdhdaCAEgJ91aWroTN4bizz9fy0Xhj-d_GfdW7vG81eiivbBoVnydREHIAxJ1eW2IPM=w526-h296-rw,https://play-lh.googleusercontent.com/z--jqtyTDtIC6lm6xgLq31KQ95__N_rxi06FrrsJnvb5kzuBvYXwJqnWWKMKNdmSu8JU2aAaO5ZqtJhIJc8uOA=w526-h296-rw,https://play-lh.googleusercontent.com/Rd7MiqLoPaIaHQG6AlwTX92Ak4hBtvwHF7pRp8NXWQZ5-PyOoyIhc4yIlqT1hx0fQ1S7ChO3S259T2n_7AQnUxI=w526-h296-rw
General,ABC Dragons: Learn to read,https://play-lh.googleusercontent.com/_kfY32Zl6a5lM3Oj0OYexC41V_caLPyiXMBQ64XiB0qp0q8gA1RQ2GjSpO0eKm_HiDru3TXe-AXxtd3HUFSGzg=w240-h480-rw,10K+,"May 5, 2026",N/A,N/A,https://play.google.com/store/apps/details?id=com.Didactoons.ABCDragons&hl=en_US&gl=US,Didactoons,"Learn to read through an adventure for kids full of magic, play, letters, and discovery.

In ABC Dragons, preschool children (ages 3 to 6) will join Drako, a little dragon who needs help to save his family and his entire village. A mysterious spell has turned everyone into magical eggs… and only the power of letters can bring them back to life.

✓ Each letter opens the door to a new world.

Through vibrant and detailed environments —the farm, the workshop, the school, the restaurant, and many more— children explore freely, interact, combine objects, and create their own stories. As kids play, they naturally become familiar with letters, their sounds, and their first words, essential skills to learn to read.

✓ What you’ll find in ABC Dragons:

• Alphabet letter recognition (uppercase and lowercase letters)

• Visual tracing of each letter: vowels and consonants

• Formation of simple words

• Learn to read words

• Educational games for preschool kids focused on attention and discrimination (flying and collecting alphabet letters)

• Image and word association

✓ Everything fully integrated into the gameplay experience.

As children interact with the environment, a magical progress bar fills up, unlocking new challenges and educational games with the current alphabet letter. Once completed, the egg hatches… and a new character appears to keep playing in the scene.

✓ English voice support

In ABC Dragons, we have included voice narration to play words and instructions for early reading and handwriting activities.

✓ A world full of possibilities:

• Free sandbox-style play where everything invites exploration

• Mini goals in each learning game (planting, building, cooking…)

• Character editor to create unique dragons

• Drawing mode to color and express creativitya

• Calm and accessible pace for young children (preschool and early childhood education)

Designed for preschool kids aged 3 to 6, ABC Dragons supports learning to read and learning the alphabet while respecting their curiosity, their pace, and their way of discovering the world.

Learn to read while playing, exploring, and discovering new words.

Words start to make sense.

And every small step feels like a magical achievement.

Company: Didactoons

Recommended age: For children aged 3 to 6","their, words, read, letters, dragons",https://play-lh.googleusercontent.com/vrBh5pI5J6vngZ5MVkaqGwJfeX3vDV_Qe4qjF3HKT6O0RTkLANiLhR3Drl7YI-Aj6_gDRVMCQZAqJ76JXPTnOg=w526-h296-rw,https://play-lh.googleusercontent.com/ir8LvnrThFvxSLHsn-xwiy5x6c--2HlGdHpwbYcXfL-nyqRoyiDJSAOQiTuWOUaqS_Deq1o72dEtgjRAxlBD=w526-h296-rw,https://play-lh.googleusercontent.com/PbQ8dFIPp-hE1b92XxV_thLWv9JdDzXMA9Ly6wKr6JZzwsG606Dy8ufyfP-GBTBLT4_lyiF-ILtoNNO-tQWMy3k=w526-h296-rw,https://play-lh.googleusercontent.com/wxDg_mN9aaBwavo5uzp4bUpvqkzIbFMdx0Ar1uOQ7xVWtiXNzNEdX4fKMUnsglaQSjv9IHn-oy_KHuCoeyqPdwQ=w526-h296-rw
General,ABC: Kids Alphabet Games,https://play-lh.googleusercontent.com/BotFirmQ2pyULKPOqr4UDwp8XzsIqFg6nxdQ-3WCdmwWAJGiHfrWR4FXQsODh9UlcvIQtpAT8Ndr3cErIeJjFQ=w240-h480-rw,100K+,"Sep 11, 2025",3.5,132 reviews,https://play.google.com/store/apps/details?id=com.amayasoft.abc.kids.alphabet.learning.games&hl=en_US&gl=US,Amaya Kids - learning games for 3-5 years old,"Looking for an educational ABC kids game to help teach the English alphabet? In our learning ABC app, young explorers will enjoy fun educational alphabet games, play ABC learning games for kids, learn to recognize letters, trace them, memorize new words, and color by letters. ABC games for kids are a smart and exciting way to begin your journey toward mastering the alphabet and learning to read.

50+ EDUCATIONAL GAMES

This app with ABC games for kids provides short, playful lessons and fun tasks that help preschoolers explore the English letters. The varied activities keep the learning process fresh and interesting. Here are the categories in the app:

√ ABC Alphabet

√ Quiz Time

√ Logic Games

√ Letters Review

√ Fun Games

√ Color by Letter

The categories in this ABC app are designed to explain each concept first, then offer smart practice, a quick break, and a review. This structure helps preschoolers absorb and remember what they learn more effectively.

ABC ALPHABET

This is where the ABC game adventure begins! Young learners will start with the letter A and go all the way to Z. Along the way, they will discover each letter’s name, what it looks like in both capital and small form, and learn words that start with it.

To make learning stick, our ABC kids game gives children fun tasks to complete. With fun tracing games, little explorers will learn to write each letter. Assembling jigsaw puzzles will help them remember what they’ve discovered.

QUIZ TIME

Let’s put your child’s skills to the test with a series of fun, interactive quizzes in the ABC games for kids! These focus on spotting the difference between capital and lowercase letters, which can be a little tricky for kindergarteners at first. But with practice, your child will master it in no time!

LOGIC GAMES

Building strong thinking skills is just as important as learning letters! Our ABC kids app combines fun alphabet games with brain-boosting activities like memory matches, dot-to-dot, and quick-reaction challenges, helping young learners sharpen memory, problem-solving, and fine motor skills.

LETTER REVIEW & FUN GAMES

These sections of our ABC learning games for kids are packed with mini-games loved by children like balloon pop and picture searches. These quick, fun breaks help little ones relax and recharge, keeping them focused, motivated, and ready to keep learning.

COLOR BY LETTER

Coloring is one of preschoolers’ favorite activities, so this ABC game made the most of it for learning! Young explorers will match letters to colors and fill in fun pictures. The activity is designed to help them remember the alphabet order. With 30+ coloring pages featuring dinosaurs, animals, food, and more, there’s plenty to enjoy!

EARLY EDUCATION

Learning the basics — like ABC alphabet, phonics, numbers, and tracing — builds a strong foundation for school or kindergarten. Knowing the letters is the first big step on the journey toward learning to read. This ABC game makes that journey fun with simple and playful activities designed just for preschoolers.

PRE-READING ADVENTURE

The challenges in our ABC app are carefully designed to keep young learners curious, engaged, and excited to explore. The English alphabet is introduced by a friendly character, Raccoon, who helps children learn the letters’ names and related words. With cheerful voice-overs and helpful tips in every activity, even pre-readers can confidently play, explore, and learn all on their own with these ABC games for kids.

Our app gives toddlers and preschoolers everything they need, from clear explanations to fun practice and smart interactive games, to make learning letters easy and enjoyable. You can use our ABC learning games for kids as one of the very first educational tools with alphabet games for your child, helping them recognize letters, build early phonics skills, and take an exciting first step toward learning to read with confidence.","abc, games, learning, fun, letters",https://play-lh.googleusercontent.com/WIH0kahAQAciM2hjAmfd6ZLR50-Qwjc_9_NjJ8XZIQjf9QLbeoPf2izQljkNXIht9_t2fRg00lqhGalSHUUNvg=w526-h296-rw,https://play-lh.googleusercontent.com/H9cv4rYYzLgJ8USbjgGNKfrO-QEuSBP8H1EuZAqfpfedmIo8j4xT6PmV7NN5lgsd7X_XPVRvVI-a7yqyTorjwA=w526-h296-rw,https://play-lh.googleusercontent.com/Hn8mu6Pa2ORhbad5jaEaoft8v5r0Cvh73aZmShI1_WsALaeE-W-8XZPxUDrq1VyEd6YVR18H9RwthXllt9Q=w526-h296-rw,https://play-lh.googleusercontent.com/gjuguHGODTCrFH-Yx2GwfGMbvsTOLvYWbBe3k112ywa1f5woCFT8Pq41fT_Rdx_hQ_4DSeVU77wkhZkJ2qYH=w526-h296-rw
General,Abs Home Workout to Burn Fat,https://play-lh.googleusercontent.com/YHD6MXvBgRG1maldysODjZwFwqeTCvNVYS87ftU1TVrk8Z8jsEXMryK2s6wizoDfSleVJ4m4ozspT4r2fkQefw=w240-h480-rw,10K+,"Aug 22, 2025",4.3,14 reviews,https://play.google.com/store/apps/details?id=swiftflyers.absworkout.athome.losebellyfat&hl=en_US&gl=US,SWIFTFLYERS,"Abs Home Workout to Burn Fat is a tailored program designed to help you achieve safe and effective fat loss—right from the comfort of your home. With systematic workouts and customizable diet plans, it provides a comprehensive approach to improving your health and sculpting your body. Backed by scientific research, this program is proven to deliver visible results. Stay committed, and you'll witness a transformation that boosts your confidence and reveals a leaner, stronger you.

Our targeted workout plan focuses on your abs, as well as other key areas like arms, buttocks, and legs, helping you burn excess fat and tone your body. Detailed animations and video guidance ensure you maintain proper form with every exercise. Best of all, no equipment is required, so you can easily complete your workouts at home or wherever you are. Start your transformation today!

Get Fit Anywhere, Anytime – No Equipment Needed!

This easy-to-follow program only requires 4-8 minutes of your day, making it simple to stay consistent. Watch your body change as you embark on your fat-burning journey with us. Ready to get started?

Discover more powerful features:

- No equipment necessary. Work out anytime, anywhere.

- Tailored plans to meet your specific needs. Burn fat and get in shape fast, especially targeting stubborn belly fat.

- Absolutely free—no payment required.

- Build self-discipline effortlessly with just 4-8 minutes per day.

- Low-impact workouts available for injury recovery.

- Stay motivated with workout reminders to help you achieve your daily goals.

- Easily track your weight loss progress and calories burned.

Experience the unique benefits of Abs Home Workout to Burn Fat:

💗 Personalized plans just for you

Receive customized workout and meal plans designed for your fitness journey.

💗 Targeted exercises for abs and more

Focus on your abs, chest, buttocks, legs, arms, or enjoy a full-body workout.

💗 No equipment needed

Exercise anytime, anywhere—at home, at work, or outdoors.

💗 Expert-designed routines

Follow high-quality, effective workouts created by fitness experts.

💗 Variety of workouts

Choose from a wide range of routines to suit your preferences and goals.

💗 Clear instructions

Get step-by-step guidance to ensure proper form and maximize results.

💗 Smart progress tracking

Visualize your fitness journey and stay motivated by tracking your progress.

💗 Daily reminders

Keep on track with regular notifications, making it easy to stick to your routine.

Take just a few minutes each day for yourself and dive into the world of Abs Home Workout to Burn Fat! Experience a slimmer waistline, a stronger core, and a healthier, happier you.","workout, fat, abs, home, burn",https://play-lh.googleusercontent.com/8lcMj0yEe6i4GM6uUUPtSUFrEPvwQQ0A_ThQqHPbLmsqmYwUQCjAtTImEWD9gbI0LMniw77CaYAMf_kJWrsk=w526-h296-rw,https://play-lh.googleusercontent.com/JoGms5fpL9MH7kkP_jYbsxeZz9VsfeANZvfNv7kGdNfkx5UFYSonx033TyjvWJcCf6a92vx694TEc7JuPMQpiA=w526-h296-rw,https://play-lh.googleusercontent.com/G16sIXAabBKilc5wQdYyKvYDaiBf1TP5sw89BnKQL3yF9YlpOF_2NlfqfeIiNXF4ibJcUaKyfJGVyMow3K51Eg=w526-h296-rw,https://play-lh.googleusercontent.com/le2W0GLQOByJfu13KR-WJWPE1pu78gf8OxcstenCcIX2Q1Suj1ium-51wz53RQGChbddZmedVtHOMS6wTKPl=w526-h296-rw
General,ABYSSDIA : Chain Action RPG,https://play-lh.googleusercontent.com/uoDMR6qv0dkOTa6daGuX7ATtEHPbzGA8h9O0i4Lw0GAfnrx5kiZeV4Pamp8MifQcHyWrSBpyZ-usqNpvIejmbw=w240-h480-rw,100K+,"Feb 12, 2026",4.5,9.27K reviews,https://play.google.com/store/apps/details?id=com.nhn.abyssdia&hl=en_US&gl=US,RING GAMES,"A sudden breach in the sky appeared without warning—

the Abyss Fissure.

It marked the beginning of chaos that shook the world.

And yet… the light of hope was not extinguished.

Those who restore the distorted wavelengths of the world

and bring order back from ruin—

they are known as Tuners.

Now, you can become a Tuner,

setting out on a new journey alongside your Vanguards.

As you face countless adventures together, your bonds begin to deepen.

A shared meal, exchanged smiles, and fleeting yet precious moments—

each memory carved into your heart becomes a force strong enough to shake the battlefield itself.

“Chain Action Harmony of the Vanguards”

Tune this world together with your heroines!

▶ Real-time action raid battles against colossal bosses

Engage in intense real-time combat as you clash with massive bosses in breathtaking encounters.

Coordinate with your allies, tune the battlefield, and seize victory with powerful Harmonic Strikes!

▶ 4-person tag chain action battles with stunning characters

Experience dynamic combat brought to life through detailed 3D motion and dazzling skill effects.

Switch seamlessly between four unique characters and unleash stylish, high-impact battles!

▶ Share a banquet and deepen your bonds

The dish you choose, her gentle smile—

every shared meal becomes a story of its own.

Enjoy her favorite foods, build Affinity, and create unforgettable moments together.

▶ Immerse yourself in rich lore with fully voiced stories

Begin the journey of a Tuner born from chaos,

and uncover the hidden truths that slowly come to light.

Dive deeper into the world with fully voiced stories performed by a luxurious voice cast.","world, together, action, battles, chaos",https://play-lh.googleusercontent.com/8pjqsoDyH-Z7JhgOOnmEjrtE-307GFvgG9h-3zyLvgHvT-_QgY6ZT8LSGsfFSa14HBNt0ozdysXpIUvwMYf1GA=w526-h296-rw,https://play-lh.googleusercontent.com/ABdE6ugRFcXochctpJNaaQlcd1iePpFygEOcNDVWXwEg0q63bNfi6Rfw7oPWYcQLmdiVcS_3Db6EqaXNL1it5Lc=w526-h296-rw,https://play-lh.googleusercontent.com/FA5aeeXC1VVHPbXxlVg7tWLv7xWxviU1Q68qXl6yViD6auvOqn4LFXqfFimvIsvnu11bJRteUxvRiQLwiNDUWhg=w526-h296-rw,https://play-lh.googleusercontent.com/QUt4xJYfbwOH5_7wIq87VSpzimkH4ExatbDy-IQ4CgcTn42zLSAD3S1OjdINwQXtTsxHAYES1tsz2EEelBeK=w526-h296-rw
General,Ace Division,https://play-lh.googleusercontent.com/LByWeO2qvATsuqz5vkfV_06DdENwbEi-katopwKJFt-wEsxIjGgkS9ou_TXUfwXpBps=w240-h480-rw,100K+,"Nov 19, 2025",N/A,N/A,https://play.google.com/store/apps/details?id=net.mbc.aceDivision&hl=en_US&gl=US,MBC Group,"Game Features:

【Gather Your Officers and Conquer the Kingdom】

Ace Division is an exciting strategic war game that combines new mechanics and warfare. The game offers a unique experience that combines war strategy, online multiplayer competition, freedom of movement, and immediate combat. In this epic journey, players will be thrust into an era of wars where powerful dark forces threaten your people. You will assume the role of an armed military leader and lead your people against the evil hordes of Telenomus

【Explore Ancient Civilizations and Confront the Telenomus】

The game tells the story of a group of heroes and allies with diverse backgrounds facing invaders. You will play the role of an independent military commander leading the people against the evil hordes of Telenomus. After the commander accidentally acquires a mysterious mechanism from the ancient Sumerian era, they send their forces to explore the ruins to assimilate advanced technology into the mechas. However, the Telenomus continue to harass the base. The commander must strongly develop their forces and enhance their combat power to confront the challenge and establish a strong peace system in this turbulent world

【Occupy Ancient Wonders and Get Rich Rewards】

Regular opportunities to occupy ancient wonders are available every week, and upon defeating their guards, you can obtain rich rewards!

【Capture the Great Capital and Become the Server Leader】

The goal is the central city on the map. By capturing the major city, you can become the leader of the server","game, telenomus, ancient, their, forces",https://play-lh.googleusercontent.com/Se65an5GsMTLLFsrRUGjH03X8mkEBgrBNwMmfI_xKLFbMgM_GQ1OSbKiJp1JokpNO8OJNabND3HboaJBMZIRhw=w526-h296-rw,https://play-lh.googleusercontent.com/WYUGLz8iGSo7-tRsrk8GlHoKl5Ox0KJuxy3kIilZc5DL1MDE1rH9Dln7kFWqrbC9JmVRBWzMT5MjQhXSmbT3kQ=w526-h296-rw,https://play-lh.googleusercontent.com/iURLTYdzXqhgzNjBmIW3-g05y53auHkPxgJ7ORFA57UATMNZAQsjs8U0exkOdV9EXgc0rSPn_6uBIytjG1iBTg=w526-h296-rw,https://play-lh.googleusercontent.com/clMGE_NOtQhpNGLvn6sNCSDHQzmex9TAK2CXT6JyHyJSD0U4-O953tfDQVtzPJkx0gjFa7wVBu5dAshYooljWQ=w526-h296-rw
General,ACECRAFT: Sky Hero,https://play-lh.googleusercontent.com/jjmI7WzU5u_4Ed3B8DOiJAMl9oqQhr6yig4puhesm5LQdqO9TBDsorndG5mqwlx5pMBqfj0jkqVmJ-7UGN4i_w=w240-h480-rw,500K+,"Aug 26, 2025",4.6,35.6K reviews,https://play.google.com/store/apps/details?id=com.vizta.weflyam&hl=en_US&gl=US,Skystone Games Pte. Ltd.,"Soar through a world suspended high among the clouds as a skilled pilot, commanding your aircraft through mystical islands and engaging in thrilling aerial combat.

Wind up! Time to fix the world!

Game Features:

[Diverse Random Skills – Master the Shoot'em Up Experience]

Choose from a wide variety of roguelike skills that provide powerful combat bonuses! Mix and match them to create spectacular bullet combinations and take on the Nightmare Legion! Every challenge offers a fresh new experience with endless combinations to discover!

[Absorb Pink Projectiles – Become the Sky Ace]

As a skilled pilot, you'll not only dodge countless enemy projectiles but also absorb pink projectiles from dense bullet storms, transforming them into your own combat arsenal. Use your enemies' attacks to enhance your weapons, craft your signature bullet storm, and become the unbeatable sky ace!

[Retro Cartoon Art Style – Return to Innocent Childhood]

Board the time train and journey back to an era of nostalgia and pure wonder as you explore the vast realm of Cloudia! Engage in intense battles with bosses of all shapes and personalities, discover their weaknesses, defeat them one by one, and claim victory with your own hands!

[Diverse Stage Styles – Soar Through Adventure Worlds]

Unknown adventures await your exploration! Challenge over 100 different stages, each with unique terrain and stationed enemies. Adapt your combat strategies to each stage's characteristics as you unveil the mysteries of Cloudia through your adventures!

[Classic Co-op Mode – Let's Fly Together]

Team up with friends for exhilarating co-op battles! Pilot your exclusive aircraft and embark on a wondrous journey together, discovering amazing treasure chests along your combat adventure. Support each other with quick in-game communication and take down bosses with ease!","combat, through, pilot, them, bullet",https://play-lh.googleusercontent.com/TjLlMnGjpMPHofOY5VfhbbTenTBsC2xw-ASi4dV8t2BqEZVpbLDSs0P6oKh1cRH3kPcd9hXXkry8ME-BZQp2ZA=w526-h296-rw,https://play-lh.googleusercontent.com/Ap-GSSkW1bPJ227C3-oGRemRZOWN9diQsfekat-3eqzrI7tjnkFPr6x1-vOGRYqiEp4nVYXswafy5Q50AIEsYA=w526-h296-rw,https://play-lh.googleusercontent.com/H3WBse_XCFbFFCmRSTNtg2Sa_zVZqNkZtW-LltVjmTwDHewwzGPLPcwzN2kP6idgjbYMqEJwWGFgdMHi6E3-=w526-h296-rw,https://play-lh.googleusercontent.com/ySFGLCdzEGFBha2LNd4ufUzLigVCU9za5v39r6vcHFPwJmTfpD5KfHNrpi1jXqnkZvMbEqPIXrYvtLJxdKJDgQ=w526-h296-rw
General,Action Playground Sandbox,https://play-lh.googleusercontent.com/lNkYHynId4I2J-KLOEVaWJBJV6lVYwuA-xhvfZgt0njWJCQutHukY0yxyP1yg6pY9WRk=w240-h480-rw,100K+,"Jun 11, 2025",3.2,476 reviews,https://play.google.com/store/apps/details?id=com.GGG.ActionPlayground&hl=en_US&gl=US,Go Dreams,"Welcome to a dynamic and chaotic playground where every step turns into an explosion of emotions. Here, players are met with a unique blend of physics and madness, as ragdoll characters bring incredible charm and hilarity to every collision. This is a place where your imagination runs wild.

A sandbox where you make the rules. It doesn’t restrict or hold you back — here, you can build, destroy, experiment, and test the laws of physics in your own way. In this action-packed world, you're not just controlling a character — you're commanding chaos.

The gameplay is inspired by classic platformers, but with complete freedom of movement. Tricky jumps, moving platforms, and traps, combined with a sandbox structure, make this game a real challenge. The playground is filled with levels, each offering a unique experience.

Ragdoll physics isn’t just a feature — it’s the core of everything that happens. Every fall and hit is accompanied by realistic or absurd animations. A sandbox with such deep interactions can captivate you for hours.

Action elements are so naturally woven into the gameplay that you won’t even notice how immersed you’ve become. Jump, fight, dodge, and survive — this is not just a platform, it’s a battle for survival. The platformer truly comes alive when each fight becomes a show.

Create your own playground using built-in tools. Place objects, set traps, spawn enemies — every level will be different. The game becomes a true ragdoll sandbox, where you are the lead architect.

If you enjoy games where the fun spirals out of control, this sandbox is for you. Run physics experiments, launch characters into the air, and watch them tumble in classic ragdoll fashion.

The platformer doesn’t forget its roots. Timing, jumps, and precision still matter. But thanks to the action, each level becomes twice as intense. You’re not just reaching the finish line — you’re fighting for it.

The playground unlocks new layers of environmental interaction. One press of a button — and the whole scene flips upside down. This is a space with no repetition, where every run is a new story.

Action is fueled by multiple game modes: survival, free play, arena, and more. They form the perfect foundation for a diverse experience. And of course, ragdoll physics makes each mode unpredictable.

The platformer offers challenges for players of all skill levels. Simple routes and complex combos are accessible to everyone. Within the sandbox, you can train or just goof around. There are no limits.

Ragdoll characters become stars of their own show. Even the simplest jump can turn into a comical tragedy. The playground becomes a stage, with physics as the lead actor.

The sandbox is your laboratory. Build and destroy, test mechanics, study object behavior. Action isn’t just about hitting and exploding — it’s about strategy, momentum, and creativity.

The platformer returns once again when you must balance between traps and enemies. It’s a test of resilience, and only the best make it to the end. Ragdoll physics brings joy to every fail.

The playground can be seen as a sandbox for grown-ups, where action and platformer elements blend perfectly. Control chaos, create messes, and enjoy complete freedom. Here, you’re the director of your own experience.

Download the game now and dive into a world where playground, ragdoll, sandbox, action, and platformer merge into one unpredictable, dynamic, and endlessly entertaining gameplay experience!","sandbox, ragdoll, playground, physics, into",https://play-lh.googleusercontent.com/0v7_D5qpGIALOdHA7JUm-u7M9aoj_Yn4p4K0KLl9sFoSM8UDFnvStALL8oCN3bzmS-Hy=w526-h296-rw,https://play-lh.googleusercontent.com/UMFxhbGkp-1tJI5ds_q0CLIu1Yu5aKcR39TuTGcEeoEjoi668k9Rl84gD988aH5nPZSW=w526-h296-rw,https://play-lh.googleusercontent.com/fLtkAHT4gQD5M7342YSzLLE17zYnnHX1SC5MqpVRwKj9Q2S4PaD0_-GgIclOKEDrEfE=w526-h296-rw,https://play-lh.googleusercontent.com/9A8s7ERTkMJoMl-dxnVboXX5u3A0n5CrATDTHdlfwHdc3QFlf550kBDwlK8Id-54BUI=w526-h296-rw
General,ADCB Business,https://play-lh.googleusercontent.com/_Za3pogrQkfeL3egV173dMLlXDd3czFOYoba_dyh7YfehiZ7KGjTKHqojqafT5eeyl9KxLF_mNQpadQP_GnHUR0=w240-h480-rw,5K+,"May 12, 2026",N/A,N/A,https://play.google.com/store/apps/details?id=com.adcb.business&hl=en_US&gl=US,Abu Dhabi Commercial Bank,"Bank smarter with ADCB Business – your all in one digital platform designed for businesses. Seamlessly manage your accounts, make payments, and track transactions in real time.

Single-owner businesses can now open domestic AED accounts fully digitally, enabling faster access to essential banking services. Enjoy secure, efficient, and hassle free banking with powerful tools that keep your business in control anytime, anywhere.

Key Features:

- Open a business account with 100% digital onboarding

- Bank with confidence through enterprise grade security, including biometrics, two factor authentication, and data encryption

- Stay in control with real time access to balances, transactions, and sub accounts

- Manage cards instantly, including debit card issuance and cardless cash withdrawals

- Move money effortlessly with fast local transfers, own account transfers, and standing instructions

- Pay with ease, from salary payments (bulk or manual) to utilities and credit cards

- Grow surplus funds with digital fixed deposits

- Request cheque books and services online, without branch visits

- Manage users and access easily, all from one platform","business, digital, manage, accounts, access",https://play-lh.googleusercontent.com/yqXMdtcESFIVt7Wz9j2Px-QKPLr7YiXTU_CQ0rpf2nH834hiD1bERauhO9Z1Klfy7Rqp8zKkxiHd1Z8qz9edKxY=w526-h296-rw,https://play-lh.googleusercontent.com/bbF6K7_jnlOk_ifXVfiHJPOv9drlouDwylzbVWmlWaHFaGmIjPox-eJj3fSw2Bzh3ACzuzfra25_Hw3ZEGiN=w526-h296-rw,https://play-lh.googleusercontent.com/N-fkvz3Zw4bcXEa6HUrBIN-N1nI5QqefSQmkg_ZN0qBFdmRp3DBQkpTpTAYhT9nGyxuhhdE1PBe2oQiMB-1r=w526-h296-rw,https://play-lh.googleusercontent.com/IJMy9-CBGmE9GJf1n5AMTRcSG5zaWDDB1LO1lU-_OqRHvAV1KQzsDjod3lXYDJIK86CVSVly08MHe5usKjjJRg=w526-h296-rw
General,ADCB.,https://play-lh.googleusercontent.com/8a4DBrLNpCk2XKnynAoQehCM2c6NkywlCNyVIXa7QfKAJX4g7I6Meew9zSrjMapeCbGL8VzQRxbCUXGMYWH1Luo=w240-h480-rw,500K+,"Apr 20, 2026",4.3,52.6K reviews,https://play.google.com/store/apps/details?id=com.adcb.nexgen&hl=en_US&gl=US,Abu Dhabi Commercial Bank,"Welcome to a new era of banking. Powered by AI. Shaped by you.

The new ADCB Mobile Banking App is powered by advanced AI and built with a next-generation digital experience, making banking faster, more intuitive, and seamlessly connected to your everyday needs.

Designed to simplify the way you manage your finances, the app brings together intelligent features, seamless navigation, and secure access, all in one place.

AI-powered smart banking

Experience smarter banking with advanced AI that provides intuitive prompts and helps you complete tasks quickly across a wide range of services.

Faster, more seamless experience

View and manage your accounts, cards, loans, and services in one place, with improved speed, smoother navigation, and quicker access to what matters most.

Intuitive end-to-end journeys

Every journey has been redesigned to be simpler, clearer, and easier to complete, from everyday transactions to more advanced banking needs.

All-in-one banking

Open accounts, apply for products, manage your cards, and build your investment portfolio, all within one secure app.

Investment and trading

Access global markets directly from the app and trade US equities, ETFs, and cryptocurrencies with real-time market data.

Secure and convenient access

Sign in quickly using biometrics or UAE Pass, with enhanced security built into every interaction.

This is just the beginning.

The ADCB Mobile Banking App will continue to evolve with every update, becoming more intuitive, more helpful, and more personalized over time.

A smarter way to bank, built around your daily life.","banking, app, intuitive, access, advanced",https://play-lh.googleusercontent.com/lTJQ7gau4PmVT7FgvUCT9KUK4s8lcqTKsefI69-r6UsTCpHfMayCpdRDyIO7sbbAiNG5gZhYHtZLmyX-ara5r3M=w526-h296-rw,https://play-lh.googleusercontent.com/9h2rZ3WXy7FGrsvKiMk7zs_uGGPkMyJr4jVuR0Xi81eaprqZuAwnyY7Em7zw-1bLcMVlEnzHYSSvqTYW6Z3o=w526-h296-rw,https://play-lh.googleusercontent.com/YyE_8uSZubx4TkAN6bUxEffeX4DNvZ1JE_cLguw4g4AGQ4BU8avLfuoL91tBlbJJPvNYDZKdliPbV5yFSG2r4g=w526-h296-rw,https://play-lh.googleusercontent.com/kn1JSXV8cX_5LDDOlxe4Fq7SdlmRpwUFHOVOJrN1dKaldiXTdrI9MEzfbtcDJgJ1EXQtmctnLXtXyZUQYzKnCg=w526-h296-rw
General,AdGuard DNS,https://play-lh.googleusercontent.com/W9EgY8d2SZj5uUGa48qlPW_BgRI6SH3jL0XK1MXkwR1-TZdVqBHqC6Z7JGBuiT4GqvjgLkDpQEbQ2HzaLsGRog=w240-h480-rw,100K+,"Nov 7, 2025",3.6,447 reviews,https://play.google.com/store/apps/details?id=com.adguard.dnsclient&hl=en_US&gl=US,AdGuard Software Limited,"This app works in tandem with AdGuard DNS. To use it, you need an AdGuard DNS account. Sign up or log in at https://adguard-dns.io.

AdGuard DNS lets you connect to a secure, privacy-oriented DNS server that protects you from online threats. It works on all devices — phones, tablets, laptops, and routers — with no restrictions.

It is perfect for protecting your home network and convenient for schools, universities, or companies that need to manage multiple devices consistently.

Privacy first: we do not track users, collect personal data, or embed third-party analytics or advertising SDKs. Learn more in our Privacy policy: https://adguard-dns.io/privacy.html.

Need help or have questions? Visit our support center: https://adguard-dns.io/support.html.","dns, adguard, need, works, devices",https://play-lh.googleusercontent.com/V-VE-74eTgWqJu7f7kBeR0RerjLOZFo1n4xFbdjq8aBCH7pyvNAhgA5vYB9q5dkDs4cYpyj1_td-9khWW8o2Ew=w526-h296-rw,https://play-lh.googleusercontent.com/JN1ysZiSK5TSptw2yNEXZOm8aPEGtIoOCgxOfJibH5Z1CjZehfn59LPAi-na75Qtjagy-3_sldGiGM5vKyse=w526-h296-rw,https://play-lh.googleusercontent.com/tl--AOK5qKpPjMs0VFoN8esASkFwGI3pwvqVVxOrHgYOIwT1MJ3d_emj4nTlEKql5B7bycMPi_Cu76M5rUAMmDs=w526-h296-rw,https://play-lh.googleusercontent.com/HJ-MFglnc1Ti_YtlliQhPAjnJltDsn5ISGXBupJoCyGlGZSFHDWng5nk6Jk35Rgv2JHHNX4m2xtb7yEKpff4HA=w526-h296-rw
General,Adobe Photoshop: Photo Editor,https://play-lh.googleusercontent.com/CDdttb_dBXoeygilKolRae_ideVLb2izBHmgZrLO1BKwVNvwMF-lkwR5yVrQ4goYEsjFVOBbUyk77493ap8XZnk=w240-h480-rw,1M+,"Oct 7, 2025",4.4,3.74K reviews,https://play.google.com/store/apps/details?id=com.adobe.photoshop.retail&hl=en_US&gl=US,Adobe,"Photoshop on mobile is an image editor app with a wide selection of free photo editing tools. Whether you are just getting started or already know Photoshop, it's easier than ever to transform a single photo or blend multiple images into a cohesive design.

What can Photoshop on mobile do?

⦁ Add new objects with AI

⦁ Blur or remove backgrounds

⦁ Replace backgrounds and remove unwanted objects

⦁ Retouch, refine, and perfect your images with targeted adjustments

⦁ Combine multiple images to create high-quality compositions

⦁ Make collages, album cover art, perfect your passion projects, and develop unique digital art

How to remove or replace backgrounds with Photoshop?

⦁ Select the backgrounds with the Tap Select tool.

⦁ Remove backgrounds or replace them with another image, create AI-generated backgrounds with Generative Fill, or select from our large library of Adobe Stock images, textures, filters, and patterns.

⦁ Adjust the background, brightness, effects, or vibrancy to bring your creations to life.

How to remove unwanted objects or distractions from photos with Photoshop?

⦁ To remove an unwanted object from photos is simple with our photo editor:

⦁ Brush out blemishes, spots, or small imperfections in seconds using the Spot Healing Brush.

⦁ Remove objects from your images with Generative Fill image assistant.

How to personalize a photo, image or design with Photoshop?

⦁ You can personalize your photos, images, or designs with Photoshop in multiple ways:

⦁ Create stunning visual images that are uniquely yours by blending photos, graphics, text, utilizing effects, and more.

⦁ Combine unique elements from your own photos with a selection of free Adobe Stock images, to create elevated images.

⦁ Retouch photos as you like, by selecting an object or person with the Tap Select tool.

⦁ Remove objects in your image or control how they come together with layers.

⦁ Easily add and remove content from your photos using simple text prompts with Generative Fill. Ideate, create new assets, and jumpstart your creativity using Generate Image.

⦁ Photoshop mobile allows you to adjust the color of anything, like your shirt, pants or shoes, using adjustment layers. Use the Tap Select and other selection tools to edit the brightness or vibrancy for a pop of color to your images.

What premium features does Photoshop on mobile have?

⦁ Upgrade to the Photoshop Mobile and Web plan for enhanced control and precision.

⦁ Easily remove entire objects just by brushing over it, and have the background filled in automatically with the Remove Tool.

⦁ Seamlessly fill selected portions of an image with content sampled from other parts of the image with Content Aware Fill.

⦁ Quickly and precisely select people and objects like plants, cars, and more with enhanced precision using Object Select.

⦁ 100 generative credits to add, expand, design or remove objects and people from your images.

⦁ Ideate, create new assets, and expand your creativity using the latest features like Generate Image.

⦁ Change unique layer interactions to control transparency, color effects, filters, and add style to your images with Advanced Blend Modes.

⦁ Quickly and easily select an object or area of your image based on similar colors and tones with the Magic Wand Tool, and retouch photos further with precise adjustments.

⦁ Export in additional file formats (PSD, TIFF, JPG, PNG) and export options for print quality and compression.

Facial retouch feature processes data on the device only. No data is stored, processed or retained by Adobe or third parties.

TERMS & CONDITIONS:

Your use of this application is governed by the Adobe General Terms of Use http://www.adobe.com/go/terms_linkfree_en and the Adobe Privacy Policy http://www.adobe.com/go/privacy_policy_linkfree_en

Do not sell or share my personal information: www.adobe.com/go/ca-rights-linkfree","images, remove, photoshop, image, objects",https://play-lh.googleusercontent.com/3Sgm0CwGiervdibV6_Wu_sG11fYUJdOdaAOuDpGZX_XgvN-NrwAxAWNmIW3ozOV7w4ZKbm19raiXmexuiOEgSw=w526-h296-rw,https://play-lh.googleusercontent.com/DmUbiBBzU8D0LtagPso42wlBIRs2YRSPsnxGB_Z_F6F40we47H2zZBv3ojUKD6YxNdSnJSFlL8dIohS0TohcYA=w526-h296-rw,https://play-lh.googleusercontent.com/hDaSwAM4oX19aF0GQcOZSAEpVhupyDb6_RgYdMma5LZV0Zz4b-6EdZAGcKvyg7ZKcR_qLORuIWxORP6DPZK8KA=w526-h296-rw,https://play-lh.googleusercontent.com/kFcLHBdPfH6_-OiWl4ELslUhMDA7A_bGXGLsN8Jz_SUkQS38tYzhRANDrA66QVMYZGORoTC7XlCLM4GlHHWAtg=w526-h296-rw
General,AFK Zombie Waves,https://play-lh.googleusercontent.com/cZCtB6XiNnxEN9r5WGB4JO2GadTzP5191hv_oc1GktJd1DnoyDOeaVDDr2CCAxNb61mFmscsgb6AB-BZZ45q=w240-h480-rw,10K+,"Nov 12, 2025",4.5,657 reviews,https://play.google.com/store/apps/details?id=com.afk.zombie.war&hl=en_US&gl=US,Texas Poker Cassino Games,"AFK ZOMBIE WAVES — MOBILIZE THE DIVISIONS!

The year is 2199.

After decades of climate collapse and cyber wars, humanity built the Synthetic Eden Project to heal the planet.

But the experiment backfired. The hybrid cure Crimson Prime twisted both the living and the dead.

Now the world needs a leader.

You are the General-Commander.

Recruit elite soldiers from four elemental divisions and lead the Final Offensive to reclaim Earth!

COLLECT & COMMAND

Build your ultimate squad of five soldiers, each mastering a unique elemental weapon.

Discover dozens of heroes with distinct combat roles and ultimates. Forge your strategy. Dominate the battlefield.

WITNESS THE SIEGE

Experience one-handed, idle-friendly combat where your squad auto-fires, cycles skills, and unleashes devastating ultimates.

REWARDS — EVEN WHILE OFFLINE

Progress nonstop! Earn supplies, gear, and upgrade materials as your base generates rewards automatically.

Level up your soldiers, promote ranks, all while you’re AFK.

CAMPAIGN & MODES

Global Campaign: fight across megacities, deserts, and rainforests to secure the Crimson antidote.

Boss Hunts: face grotesque mutations that evolve through elemental phases.

Events & Special Ops: rotating challenges with exclusive loot.

Endless & Trials: push your limits, climb leaderboards, and perfect your meta team.

UNITE THE WORLD

Headquarters have fallen and treaties are gone, but the divisions still stand. Find the Crimson Zones, annihilate the undead, and synthesize the cure.

Can you save the bases and the people? Can you save the world?","divisions, crimson, world, soldiers, elemental",https://play-lh.googleusercontent.com/N88xZa3F4jPu5Nr_ZnkgMzvE4aXG8Dvf_0DT3JgYBYqQI2ytXjq4B99i_COHMDhIIF--gtEMU7EkhL84iS5Fpg=w526-h296-rw,https://play-lh.googleusercontent.com/j8uP6uwVbhMs6o9b8Uc6XWpetD7pi_fkDJZFhx0LIX9VTXV_7HY2p188OESUZ6voTf75-TUwrISdoYIlssbZ=w526-h296-rw,https://play-lh.googleusercontent.com/vwJA5DoX7jfb-rywq5GDfxwpxW4hwIETM78WeaMj2Uu7v4SD5kQzOCShEqtA_7SXlbw55hFLB1_Oaz0Eg16h=w526-h296-rw,https://play-lh.googleusercontent.com/1paf4NCKOo_Kv_dpPSXDTLb_KhdNeu6kVBxYR7WyJAqsP7cA6x9wWQ-7n84RoqnhMaDghob3SvkKftLH1DZrtPM=w526-h296-rw
General,AI Chatbot Assistant - Axon AI,https://play-lh.googleusercontent.com/SgS8wgyhItFhIdd_YywE5Rx1Fr9U4knZXqNZoCzC15pMrAcujTNZaM5QdiTTBkX_SRVfMTyvzCVCffWHmYb9Tw=w240-h480-rw,5K+,"Jul 29, 2025",4.3,257 reviews,https://play.google.com/store/apps/details?id=com.superapplabs.axon&hl=en_US&gl=US,Superapp Labs,"Explore the Future of Intelligence with AI Chatbot Assistant - Axon!

Step into a new era of smart conversation, AI personal assistant and ai assistant for various tasks, and boundless creativity with AI Chatbot Assistant - Axon, chat bot ai assistant, AI homework helper, ai plant identifier, ai coin identifier, and ai image generator! Built on the world’s most advanced ai models like GPT-5, Claude, Gemini, and DeepSeek, this revolutionary ai chat assistant and ai question and answer app understands context, adapts to your needs, and elevates your daily digital experience. Chat ai ask anything to ai homework helper, ask questions and get answers with this incredibly intelligent chat bot ai assistant, ai plant identifier, ai coin scanner, ai math tutor app and ai chat bot ai assistant answer app for all subjects! Just ask questions get answers with a socratic app for all subjects and ai assistant for various tasks!

Plant Identification

Did you see a plant while walking in nature and fell in love with it, but you don't know what plant is this? Or are you wondering how to plant care for a plant at home? Don't worry anymore; these are just a click away with an incredible ai plant identifier and care app! With Axon ai plant finder and flower identifier, you can learn easily whats this plant. Just take a snap and ask Axon ai plant scanner.

Coin Identifier

Are you interested in coin collecting but need help with it ? That's where the Axon AI Coin Identifier comes in! This coin identification app for collectors and rare coin identifier recognize any coin! Just take a pic and ask ai coin scanner value identifier and coin checker. Scan coins and learn what they are really with a coin identification app for collectors and rare coin identifier!

AI Assistant & AI Homework Helper

Imagine an ai chat bot app that not only answers your questions but also inspires your creativity, chat ai ask anything to assists with daily tasks with ai personal assistant, ai image generator, ai question solver and ai for homework,and understands your tone and intentions with ai conversation. This isn’t just another chatbot ai chatbot assistant —it’s your ai personal assistant, ai problem solver, creative partner with ai plant identification,ai image generator, ai homework helper and socratic app for all subjects, and a reliable study guide to say do my homework.

AI Assistant for Various Tasks

Whether you’re looking to have thoughtful ai conversation, solve math problems, write professional content, need relationship coach,do my homework with ai homework helper, ai problem solver, chat ai ask anything to chatbot ai chat open assistant or even bring your imagination to life through AI-generated images with ai image generator app, this ai chatbot assistant app adapts to your needs seamlessly. With chat ai ask anything ai chat assistant It isn’t just about getting answers for homework.

Ask anything, get everything! Join millions of users already experiencing the future of ai with ai question and answer app! Whether you need a smart assistant, math tutor, ai for homework study buddy, ai document generator, photo math answer, ai image generator or just someone to talk to. Just ask questions get answers!","assistant, plant, coin, app, chat",https://play-lh.googleusercontent.com/eN8DDDzI7McU0iss_GsidzPUfsQ8jIazhTnpmcFL5bf7VDiAWhk3RkEUWjSUFwnnJ9rr2-stivFY4YmBtCRYXAc=w526-h296-rw,https://play-lh.googleusercontent.com/BabPt3c8n2toolDC5N6Owao4HdOa_HBUF3ZZvT29zyLJP8jfrwCCphbbckriMfcD2cHO4W4ZbQ2crxu76znz=w526-h296-rw,https://play-lh.googleusercontent.com/SCkPLEjuK7tIX7lcPG380cLarf-YqUgeta3WJ6Ia16o58BnFJ6uKl7xmHH3waEPfvQGs_WukFU1mEb8cG0Wu=w526-h296-rw,https://play-lh.googleusercontent.com/mcD1p7aUWMToh7Suzj627EBtnaGFQCip6dzCtBsZcNnX6N7oROV30TYqOX2pT3Nv9R95cuAjtGBhnqPw72DH-Q=w526-h296-rw
General,AI Chatbot Assistant – Ask AI,https://play-lh.googleusercontent.com/DdMz7ITDy0qylJ5VWSUKvcw8rLSoAfDXko76HGQ8Znk7_ABs4rTTKJULclhP6kZuaDqeMyLFXicKWalWGvQ1HvY=w240-h480-rw,10K+,"Dec 8, 2025",N/A,N/A,https://play.google.com/store/apps/details?id=com.aquila.ai.chat.gpt.chatbot.assistant&hl=en_US&gl=US,Aquila Soft,"Meet your all-in-one AI chatbot assistant! With Chatbot Assistant, you get a powerful ai chatbot that’s smart, responsive, and ready to help 24/7. Whether you want to ask AI simple questions, dive into deep conversations with a chatbot, or just have fun with an intuitive chatbot app, this is your go-to solution.

🌟 Why download Chatbot Assistant?

🤖 Chat easily with your ai chatbot for quick answers, jokes, or personal guidance.

🚀 Enjoy ai chatbot free features that make it simple to explore.

🌱 Upgrade anytime to ai chatbot assistant pro for even more smart replies and premium perks.

💡 Have tricky questions? Just ask AI chat and watch your ai chatbot assistant deliver clear, helpful answers.

📲 Keep everything at your fingertips with the ultimate chatbot ai app experience.

💬 What makes it special?

✅ Natural chats developed on GPT-5, GPT-4o and Gemini —is your reliable AI companion for a wide range of tasks.

✅ Your personal ai chatbot assistant ask easy – no hassle, just answers

✅ Try the ai chatbot smart ai chat to explore ideas or plan your day

✅ Use chat on ai to stay connected anytime

✅ Ask anything you want with ask ai app features built right in

🔥 Features at a glance

AI chatbot assistant free: Start chatting without paying a cent.

Chatbot assistant: Always ready to help, anytime you open the app.

Ask AI: Get quick replies, fun facts, or life advice instantly.

Chat on ai app: Designed to keep your conversations smooth and engaging.

Chatbot ai: An intelligent companion that grows with you.

No matter if you want a casual chat, need study help, or want to explore creative stories with your ai chatbot assistant, this app is made to fit your needs. Experience why people use Chat On AI and see how this smart chatbot ai can assist you with quick answers, creative ideas, and everyday productivity.

Download Chatbot Assistant now to discover an amazing chatbot ai app that truly understands you. Try the ai chatbot assistant free version today, or go for ai chatbot assistant pro to unlock even more. It’s time to ask AI anything — and get answers fast!","chatbot, assistant, ask, app, chat",https://play-lh.googleusercontent.com/MmpbJgHHrX2QygDtO8loV4aj-7CErDsvieBTFG6KSSVeofHW3iLNWt7RuIYV7PmuAPf1GyWiN3XyNjcfNSZl=w526-h296-rw,https://play-lh.googleusercontent.com/wS3dOpK3syWffOYAk42hXqW3JxpvnUyxOdMgMIQOz_srXz4TIlw8wH733XQ0PryUGfwG7oEvlE-hzRToVP09Dg=w526-h296-rw,https://play-lh.googleusercontent.com/AtLswl5j-uGDlG5OcoaXkS0QfXWNmXw6B-fUnWG-XauwmbfqqzbT1prr_V_l6oCFpN6nKJ9Cc7HTyGSHSbszAg=w526-h296-rw,https://play-lh.googleusercontent.com/2F-QrSpGyRXg9W6btKEPDpKSCYW9UZETFGg-BlP9F2Ip8BBxwvGLBA0oxHqOgjjanpWOBjjpUrbwgMek2VleSg=w526-h296-rw
General,AI Cleaner: Clean up Storage,https://play-lh.googleusercontent.com/4k-JMrJ0-bZqVTtltbvMHPaC5pWsUMYKrZX4BkQOGEQ__4pDLBFOoyyTMq9xQi3QpVq4cWoULYZpZZq2dcGEpWc=w240-h480-rw,5M+,"Mar 25, 2026",4.5,33K reviews,https://play.google.com/store/apps/details?id=com.aicleaner.clean.cleanstorage.ai&hl=en_US&gl=US,iKame Applications - Begamob Global,"Running out of storage? AI Cleaner helps you free up space, organize your files, and keep your Android phone running smoothly.

Scan your device in seconds, remove unnecessary files, and enjoy a cleaner, faster experience with just one tap.

✨Free Up Storage:

Clean up your phone with a smart AI Cleaner built to find what you no longer need. Remove duplicate photos, blurry images, screenshots, large videos, and other files taking up valuable storage. Reclaim more space without deleting important memories.

📸Smart Photo Cleaner:

Organize your gallery faster with AI-powered photo cleaning. Detect duplicate photos, similar pictures, blurry shots, and unnecessary screenshots. Review everything before deleting, so you stay in control of your photo library.

👥Clean Up Contacts:

Keep your contacts organized with smart contact cleanup. Find duplicate contacts, merge repeated entries, and remove outdated information to make your contact list neat and easy to manage.

⚡One-Tap Phone Cleaner:

Speed up your device with a powerful Phone Cleaner. Analyze your storage, identify large files, and clean unnecessary data in just one tap. Enjoy more free storage and smoother daily performance.

🔒Protect Your Privacy:

Store your private photos and videos in Secret Space. Keep sensitive content safe with passcode and Face ID protection for extra peace of mind.

🎨Personalize Your Phone:

Make your phone more fun with charging animations, beautiful wallpapers, and useful home screen widgets. Quickly check storage, monitor your battery, and access your favorite cleaning tools.

💡Why Choose AI Cleaner?

• Free up storage in seconds with AI-powered cleaning.

• Remove duplicate photos, similar images, and large videos.

• Clean and organize contacts with ease.

• Review files before deleting anything.

• Keep private photos and videos secure.

• Enjoy simple, fast, and user-friendly controls.

Whether you need a Storage Cleaner, Phone Cleaner, Photo Cleaner, or an AI Cleaner to clean up storage, AI Cleaner: Clean Up Storage gives you everything you need in one easy-to-use app. Clean smarter, free up more space, and keep your Android device organized every day.","cleaner, storage, phone, clean, free",https://play-lh.googleusercontent.com/5SxyrjCgMOu_jpM9d3D02FLQtprEGvIWf975LOyAxls2vidORnvvNLWiMA13yw9NssUUEzkpY6oT_tQ8jiUrDQ=w526-h296-rw,https://play-lh.googleusercontent.com/ypL-tNQkxDf_MoMC1JkWRsPjN1fQYoyzgfTzkWwWZ3MYjJBzKUZRHuniCULVb1Khoh2QG7lmEVikurB1ttoBqPo=w526-h296-rw,https://play-lh.googleusercontent.com/g6PoSqDvB_jFEcpuLR76Vuueq2MMa70W7wA6TgNWQ0jYD2zgjxPSJl5w1B8tg8rA6bHuPN-pH9FqB_tdR8BOEg=w526-h296-rw,https://play-lh.googleusercontent.com/Cz4xW0Cc9bV6G3BpU4rRcODXc-80Klajr6EI0cKtKuNqgpqMEY8CT8OfrrqkEKWogHBRE5TzwOa1MlMSKN9SpFE=w526-h296-rw
General,AI Dance Generator - DanceAI,https://play-lh.googleusercontent.com/va8th1eSTsTg35Z2mEzJNEZmjkeV9p1t1wAxt0vcMW5QoBWvKubYCPzDTJeaX49UwteMd5np-jsP1yrIquA1VA=w240-h480-rw,10K+,"Apr 29, 2026",4.4,1.22K reviews,https://play.google.com/store/apps/details?id=com.superapplabs.danceai&hl=en_US&gl=US,Superapp Labs,"Introducing the future of viral videos with AI Dance Video Maker - DanceAI, incredible AI dance generator with AI dance filter. Create AI dance videos with AI dance generator, dance video maker with music app! With this amazing AI Dance Generator, step into the future of content creation. DanceAI dance video maker with music transforms your ordinary photos into stunning, realistic dance performances by using ai dance filter. Whether you’ve always wanted to go viral or simply have fun, this is the easiest way to create a dance video without any skills with an AI dance generator. Just pick a trending template, upload your photo, and let the AI generate a high-quality dance video where you appear to be dancing like a pro with DanceAI - AI dance generator and dance video maker with music!

AI Dance Video Maker - DanceAI is built around the most viral dance trends seen across all social media platforms. From hip hop and street dance to K-pop, ballet, belly dance, cha cha and viral challenge routines, with DanceAI dance video maker with music and AI dance generator every dance video template is carefully curated to match what’s trending globally. You don’t need choreography, you don’t need practice, this AI dance video generator handles everything. Every dance video looks incredibly realistic, making your AI video content stand out instantly. It’s never been this easier to dance with AI sway dance filter effect and ai dance video maker with music!

This is more than just an AI dance video maker. It’s a complete AI dance video studio and AI dance generator designed for speed, creativity, and shareability. The AI dance videos ensures that each dance video feels authentic, syncing movements, expressions, and rhythm seamlessly. Whether you want a fun dance video for friends or a viral-ready AI video for your socials, the results are always impressive.

Dance video templates are constantly updated with the latest viral trends, ensuring you always stay ahead in the content game. If you’re looking for a dance video maker that captures attention, boosts engagement, and delivers high-quality AI video results, you’re in the right place. DanceAI - AI Dance Generator is here for you! Every dance video is optimized for social sharing, helping your AI video creations reach wider audiences. You can enjoy different dances with an AI dance video maker and dance ai app!

The simplicity is what makes it powerful. Choose a template, upload a photo, and instantly generate a dance video using AI video technology with this incredible dance ai app. No editing, no effort, just pure creativity. AI Dance Video Generator is designed for anyone who wants to create a dance video quickly while leveraging the power of AI video skills!

Create your own dance video, explore endless dance video styles, and share your AI video creations with the world. Whether it’s your first dance video or your hundredth AI video, the experience remains seamless, fun, and incredibly engaging.","dance, video, maker, generator, danceai",https://play-lh.googleusercontent.com/RZwWv4ivz-X030B_4CSvKU91XTbFHWn51fRrlyd_UYLB0zYKk3nzw2BRCa9_ZCSNntfMEKwhLw6DTeGxnSNlnw=w526-h296-rw,https://play-lh.googleusercontent.com/rxDr_Uqn-dobx5ikpJGb9PfQLtf5yXBqfckWzooXR2aRpuXeIHREN5Fulq-q9PGZdzJ82X1_0xgH4pV4fB9DIw=w526-h296-rw,https://play-lh.googleusercontent.com/cT78Jv6iOOvTGAgLMLt9iKioPeOPxPp15JdER6nvISSAW-I1H0opnuICBDy29XDL3_ABgznoM0de1xkO_X09B3I=w526-h296-rw,https://play-lh.googleusercontent.com/HzJlM1eUD1vUIOKLrjBpsE-UC9qY4fKfyKXoxnP66-4FSMQBv35i4WRu9HIQPg-UyU87jZBHmbeWMOX4oNlUoAI=w526-h296-rw
General,AI Hair Style & Color Makeover,https://play-lh.googleusercontent.com/7OkDyXtgVoBhBmk-SIx6Kx-gf6-43ZW8Az-WKowvs5etiCnGjo8Kb_XClbGfZWN2zdUjBBa9aHu6XHT5TN5ZdQ=w240-h480-rw,5K+,"Dec 16, 2025",N/A,N/A,https://play.google.com/store/apps/details?id=com.sm.hairstylecolor&hl=en_US&gl=US,SM Infotech,"Try new hairstyles instantly using AI on your photo and see how you look before making a real change.

This app helps you generate hairstyle looks with AI, check hair colors, and explore makeover ideas easily using your own photo.

🤖 1. AI Hairstyle Try On (AI Look Preview)

👉 See Which Hairstyle Suits You with AI ✅

Features:

• Choose a photo from camera or gallery

• Select from predefined AI hairstyle prompts

• AI generates hairstyle based on your selected style

• Get realistic hairstyle previews on your own photo

• Explore modern, trendy, and unique hairstyle ideas instantly

• Helps you decide your next haircut with confidence

🎨 2. Hair Color Changer (Try Different Shades Easily)

Try different hair colors on your photo and find your perfect shade.

Available shades include:

Dark Brown, Coffee Brown, Golden, Beige, Burgundy, Copper, Silver, Pink Rose, Lavender, Royal Blue, Hot Pink, Violet and Coral.

Features:

• Apply color instantly to your photo

• Compare multiple tones easily

• Use Color Picker for custom shades

• Helps you choose your next hair color before salon visit

💇 3. Hairstyle Changer (Manual Style Try-On)

Explore different hairstyles and see what suits your face.

Features:

• Browse multiple hairstyles

• Apply styles on your photo

• Change hairstyle colors

• Try different combinations of style and color

• Useful for haircut planning and styling ideas

📁 4. My New Looks (Save & Compare Looks)

• Keep all your hairstyle and color previews in one place.

• Save AI-generated hairstyle looks

• Review color and style experiments

• Compare different makeover options

• Share looks with friends for feedback

⭐ How This App Helps You

• Generate AI hairstyle looks instantly on your photo

• Avoid wrong haircuts by previewing styles first

• See which hair color suits you before coloring your real hair

• Explore trending and creative hairstyle ideas

• Compare multiple looks to find your best style

• Save and share your makeover ideas easily

• Plan your makeover with confidence using realistic previews

🎯 Perfect For

• Planning a haircut or hairstyle change

• Trying new hair color ideas

• Exploring AI-based hairstyle looks

• Finding the best look before visiting a salon

🎯 Use For Anyone Planning a Makeover

Whether you want a new hair color, a new hairstyle, or AI-powered hairstyle ideas—this app helps you preview everything on your photo.","hairstyle, color, photo, looks, hair",https://play-lh.googleusercontent.com/4PB2NdfhbINza-qay0Jt2Dad4jK2EO8JGoBqPNNiN0yyZQkP0hjM_plAa2InkvjKtp76-txm-6rzkfC1aVuK_F0=w526-h296-rw,https://play-lh.googleusercontent.com/-yTlPKqvUDWwVMoadH8EOGUERN8f9OP0_vonftF5B_QvTGTFsuBy3faUYa8IHCX5e5kDKkMXjlUm63mHUbfe5w=w526-h296-rw,https://play-lh.googleusercontent.com/1sxPfuJRr5zcvMKWoga6EO8786xmVZO-k8ZSa9qpJG3JnFFQOfypusEnl6mk0n3VbW88QFYDtUwoc2N-N5LXSA=w526-h296-rw,https://play-lh.googleusercontent.com/7Dsyt44ypR__8LKM3qufla5z8JsxNX4KVhAFqNVRET2WKwNG2yibyuwJ_NiOviu03hvnjoi-Ao2tQIszxVrMR5E=w526-h296-rw
General,AI Home: AI Interior Design,https://play-lh.googleusercontent.com/-sciVELRIlIAW66LOAIWNGrz26GnGi8tqt51-Y9nij5oJ6FgMT8NMY6sw8fIaZGJ7FYKziBvsUGPYUB7ECFB6x0=w240-h480-rw,500K+,"Nov 15, 2025",2.5,1.01K reviews,https://play.google.com/store/apps/details?id=com.godhitech.home.ai.designer&hl=en_US&gl=US,GODHITECH JSC,"Welcome to your new favorite AI interior design assistant! Ever look at your room and wish you could see its potential? Stop guessing and start visualizing. Our AI home design app is a revolutionary room planner that turns your home decoration dreams into reality.

See Your Room in a New Light

Tired of your living room? Planning a room makeover? Our app is the easiest home design app you'll ever use. It’s not just a room visualizer; it's a complete redesign tool powered by advanced generative AI.

How It Works (It's This Easy!)

Snap a Photo: Just take a picture of any room—your bedroom, kitchen, living room, or office.

Choose a Style: Select from dozens of styles. Are you Modern, Minimalist, Scandinavian, Boho, or Farmhouse?

Let AI Work Its Magic: In seconds, our AI room designer will generate stunning new interior design concepts based on your photo. It's like having a professional AI decorator in your pocket!

Key Features:

AI Design From Photo: Our core feature. Redesign your room from a photo and see the ""before and after"" instantly.

Dozens of Styles: Explore endless home decorating ideas. Find the look that truly feels like you.

Redesign Any Room: Perfect as an AI living room design tool, bedroom designer, or for a quick kitchen redesign.

Save & Share: Love your AI room makeover? Save your favorite designs and share them with friends, family, or your contractor.

Virtual Decorator: Act as your own virtual decorator to find the perfect look before you buy furniture or paint.

Virtual Staging: Planning to sell? Our AI home styler can even help you create virtual staging concepts to wow potential buyers.

Who is this app for?

Homeowners looking for inspiration for their next room redesign.

Renters who want to plan their space without making permanent changes.

DIYers who need a room planner to visualize their next project.

Real Estate Agents & Stagers who need a fast virtual staging app.

Anyone who loves interior design and wants a fun house design app to play with.

Stop dreaming and start designing. Download the ultimate AI home generator today and create the space you've always wanted!

If you have any questions, please contact us at support@godhitech.com. We are here to assist you anytime :)","room, design, its, home, app",https://play-lh.googleusercontent.com/o2iu0IDeOVmvprj0X8f1OFde64S4JpkxkVjZWxCarciKCmVo7EGZFGGYXy5k29voN--L1Af5jxdAErFV8LW_fA=w526-h296-rw,https://play-lh.googleusercontent.com/i56jxhrDUg-CVLUGHbY59WWd4CjosSR6lH4GQc6x9l-SPKEn3RSgltC5cdJH3Q6wN-Q2aepBrohaWSBCBtDPWio=w526-h296-rw,https://play-lh.googleusercontent.com/-AdZIVulzSvMq4-sKbgaxC7DAhTFQq9NQk0cuJuSX7mcgCJIBsnGOM1C9SLXqLvFrIXN5X6ZuErhdGbOpfgPFnA=w526-h296-rw,https://play-lh.googleusercontent.com/ogf3Ms2NsJ3B1S_uwi-o9ET5VkySrkVXrN0WKACItH3NGaNsQ40QyyZJLgLcXQ-K7RKriG9Gcnefy5fvLe6H1TY=w526-h296-rw
General,AI Home: Decorate & Designer,https://play-lh.googleusercontent.com/stbq9ftWvvXT4uX3QCIJTdYaXM79UflfBywlss_JyaQnABNJ2rQR9VJwZWqiN7cPzHez-eYiOoBU91u5oIug=w240-h480-rw,5K+,"Jun 4, 2026",N/A,N/A,https://play.google.com/store/apps/details?id=ai.voiser.aidecoration&hl=en_US&gl=US,Voiser Teknoloji Limited Sirketi,"Design your dream home in seconds — powered by AI.

AI Home is your personal AI interior designer. Upload one photo of any room, garden, or exterior and instantly see it transformed. No skills, no software needed.

How it works

Upload a photo, choose from 20+ styles, and AI Home generates a realistic redesign in seconds.

Design every space

Living room, bedroom, kitchen, bathroom, office, garden, terrace, exterior — every corner with one-photo simplicity.

Virtual staging

Generate professional virtual staging from empty room photos. Perfect for property listings.

Keep layout or go creative

Refresh your room keeping existing furniture, or let AI reimagine everything from scratch.

Key features:

— AI interior designer from one photo

— 20+ design styles

— Keep layout or full creative redesign

— All room types + garden and exterior

— Virtual staging for property

— Before and after comparison

Upload a photo and see your home reimagined. Design smarter, decorate faster.","room, design, home, photo, upload",https://play-lh.googleusercontent.com/KPOrJUlKWGXeiUYmOvKy1xkjVBuKWgVAiS6gDbnnrX7i6GzPmmWhsv-fKkisZAy6R2UvlYMfuzcNdhXDZG26UO4=w526-h296-rw,https://play-lh.googleusercontent.com/SaYgaCfmAA2foyRmrHwyd9rhh1zFLYP0h96oO80PGERvpdpsEhEqKvtF2uzqCAPKkSrV7hHhWckgNlxddHs47A=w526-h296-rw,https://play-lh.googleusercontent.com/4_jrxtUDFagz8YD58PmA-HsfCcif2QNxhUa_AaZCGGg7-gLb_akg3GpbaYKEMRgRvuIdJR-PZ5PPC4pMJPnvfg=w526-h296-rw,https://play-lh.googleusercontent.com/8yXjL3Ob3F6BzJ5Qriav_LNRCjgijGy3f_1ca7eqsrcv2_HpzcCdoRaU5d0U_Cp-UhIPlcZ7LV3m80q5M5mqew=w526-h296-rw
General,"AI Launcher: Smart, Creative",https://play-lh.googleusercontent.com/_k6ZYG1fP5I3EOcoZrE6OvsgKjQQi70CrB0JsGYPTOgo9QsrXUjlaaytu-3tz0ATc2OZWX-YKPHAAcFT5sn_yDQ=w240-h480-rw,10K+,"Feb 4, 2026",N/A,N/A,https://play.google.com/store/apps/details?id=com.ai.launcher&hl=en_US&gl=US,Model X Apps,"Reinvent your Android experience with
AI Launcher
. this Home Replacement app transforms your home screen into an intelligent, personalized space with stunning AI-powered features that make your phone smarter, faster, and more beautiful. Enjoy incredible customization, dynamic themes, and powerful AI tools that take your phone to the next level.

🤖
INTELLIGENT AI TOOLS

🔹
AI App Classification
: No more messy screens! Our AI automatically sorts your apps into smart, logical categories.

🔹
AI Chat Assistant
: Get answers, write texts, or brainstorm ideas with a powerful built-in
AI Chat
.

🔹
AI Art Generator
: Turn your imagination into reality by generating unique
AI pictures
and art.

🔹
AI Wallpapers
: One click to change your background to a high-quality, AI-generated masterpiece.

🔹
Motivational AI Quotes
: Start your morning right with fresh, AI-curated
motivational quotes
.

🎨
PREMIUM CUSTOMIZATION

🌈
Colorful Themes & Wallpapers
: Refresh your visual experience with vibrant
launcher themes & wallpapers
.

💖
Unique Icon Layouts Shapes
: Stand out with
heart-shaped
, circle, or rounded rectangle icon layouts.

📅
Smart Widgets
: All-in-one desktop
widget
featuring time, weather, week, and calendar info.

📂
Custom App Drawer
: Choose between vertical, horizontal, or category-based drawer styles. Use A-Z Alphabet Navigation.

✨
Visual Freshness
: A clean, modern UI designed to make your
home screen
feel brand new.

🔒
PRIVACY & SECURITY

🛡️
Hide Apps
: Easily remove sensitive apps from your home screen for total
privacy
.

🔑
App Lock
: Secure your
hidden apps
with
fingerprint
, pattern, or PIN protection.

🔔
Notification Dots
: Stay on top of your alerts with clean, non-intrusive
notification dots
.

⚡
EFFORTLESS NAVIGATION

👆
Advanced Gestures
: Navigate faster with swipe up/down, pinch in/out, and double-tap actions.

✌️
Two-Finger Gestures
: Set custom shortcuts for your most-used features using multi-finger commands.

🚀
Speed Optimized
: A lightweight
launcher
experience that won't slow down your device or drain battery.

Join the
AI
revolution. Whether you want an
aesthetic home screen
or a powerful productivity tool,
AI Launcher
delivers it all in one app.

Download AI Launcher today and experience the future!","launcher, home, app, experience, screen",https://play-lh.googleusercontent.com/uyNpxtj4M0iNl7guN_YjZy0PFROVUJNfeHmpUGO2YWj-IBh1CPcj4U6NmyaWAIFSeulT7RN0nkvXBFVA6qWnag=w526-h296-rw,https://play-lh.googleusercontent.com/P7pDrcA_wOs8R8V22SBA8DnpNJH2TEcts8tnRoJM3TyE_O9qN4FFCH5BRMQHdPj8fLQuw7mQn7C2OxBX2Hxfnw=w526-h296-rw,https://play-lh.googleusercontent.com/5jGrCRIwdZW_5v6pMaqY6wUvGv-1Kp_mXzNDzg14l0eX8H9MYaxAmeNy1V-rgLkUZTdXUCAR2THg9mFq2Izu_A=w526-h296-rw,https://play-lh.googleusercontent.com/2tH0XIaqqXmcehmmNZyapznLIXYqRC_EYLWdtKGIGLSGH-Rkx8_KqghtnyaNfQ_PoCJ44aLERZbhTYPUICoCeQ=w526-h296-rw
General,AI Music & AI Songs Generator,https://play-lh.googleusercontent.com/2_Ok-gX4UUMu7zO1dui_obXWMRBYLwgsp_GYbJLQqQP3WBuJDMBDPVPNjNAofvmKWGkBBoCdf4YT6-SKviRI=w240-h480-rw,100K+,"Jan 13, 2026",4.2,1.11K reviews,https://play.google.com/store/apps/details?id=aimusicgenerator.aimusic.aisongs&hl=en_US&gl=US,KUCO Apps,"🎶
Create Original Songs with AI

Turn your ideas into music instantly!

AI Music & AI Songs Generator - TuneGen
lets anyone compose, sing, and produce songs with just one tap. No music skills required — our intelligent AI creates melodies, lyrics, and even vocals for you!

🌟
Key Features

🎤
AI Song Generator
– Type your idea or mood, and AI writes lyrics & music automatically.

🎧
Custom Music Styles
– Pop, Rock, Lo-Fi, EDM, Jazz & more — choose your vibe!

🧠
Smart Lyrics Creation
– Get original lyrics tailored to your theme and emotion.

🎹
AI Composer
– Instantly generate melodies and beats that fit your style.

🎙️
AI Vocals
– Add singing voices or instrumentals powered by advanced AI models.

🎵
Remix & Edit
– Adjust tempo, tone, and structure easily for the perfect result.

🎶
Vocal Separation
– Isolate or remove vocals from songs to create clean acapellas and karaoke backing tracks.

🎼
Audio to MIDI
– Convert audio recordings or melodies into editable MIDI files for music production and synthesizing.

📤
Save & Share
– Export your AI-made songs and share them with friends or social media.

🚀
Why You’ll Love TuneGen

* No instruments, no studio — just your imagination.

* Make music for TikTok, YouTube, podcasts, or personal projects.

* Get unlimited inspiration from AI and discover your creative sound.

* Perfect for beginners, musicians, and content creators alike!

🌈
How TuneGen Works

* Type your idea or pick a theme (e.g. “summer love”, “space dream”).

* Choose a genre and mood.

* Let AI compose the melody, lyrics, and vocals.

* Listen, tweak, and share your masterpiece!

💡
Discover the Future of Music

Experience how artificial intelligence is revolutionizing creativity.

With
AI Music & AI Songs Generator - TuneGen
, you don’t just listen to music — you create it.

Let your imagination sing and make every moment sound amazing!","music, songs, lyrics, tunegen, vocals",https://play-lh.googleusercontent.com/dvVQirVjupr88JUomz_nCeSbJ8o2cyIk6HoZLjCnwOskQqnahAwGKPCsCzTO3enl1CIwlSuCUi8XDi_43Xh4tw=w526-h296-rw,https://play-lh.googleusercontent.com/nzXqLbwmmJ_NSqe-Hc6z_-VUHR8DfqY11sdAnIZNuOfy6z0nQeE-e1tM6C1zh_vuJuTeT4bgrSkJTOog58XsbA=w526-h296-rw,https://play-lh.googleusercontent.com/R5NaKK1SH3BsevQGCutvlVvB0qb2oDx13FDmcD_6Y7TrZj7tpeFDiczQ3K-et-58P_TzDyyq5aUiY5ov9Wv0f5Q=w526-h296-rw,https://play-lh.googleusercontent.com/2Sku129swPxbDEySWBcO4seWBd-uRHLOAg6-7SuxeyA1Qt85e4cVcxHIGAlR1WghbdgoMStt0DSwPIX8Qcu9=w526-h296-rw
General,AI Photo Editor Effects: Lymmo,https://play-lh.googleusercontent.com/azVlMIIVX8YxvGxSTBnEkA1cuyawbPx_7FqWqff8gk9w8DaCgusETtU5FQjVaDHFJqQ2shkQ1gGNXWTBeMxxxg=w240-h480-rw,5K+,"Mar 3, 2026",4.7,247 reviews,https://play.google.com/store/apps/details?id=com.kvadgroup.ai_editor&hl=en_US&gl=US,KVADGroup App Studio,"Experience the face editor app for your mobile. Easily touch retouch photos with precision and use face swap AI for amazing results! 📸✨

🤖🤳 Elevate project using a powerful AI image generator. The AI portrait generator creates lifelike digital representations effortlessly. Professionals benefit from a high-quality AI headshot generator. This AI art photo editor stands out among unblur photo apps. Enter a custom prompt AI to manifest specific creative visions. An integrated AI face editor handles complex facial modifications perfectly. Generate unique identities with the AI profile picture generator.

💫🖼️ Experience the comprehensive face editor app for detailed beauty enhancements. Adjust proportions using the specialized nose editor tool. The hair color changer includes a realistic hair filter for style testing. A professional skin editor serves as a high-end selfie editor. Apply cosmetics via the makeup editor or a subtle make up filter. Achieve total skin bliss by smoothing out minor skin imperfections. Implement a soft blur effect to create artistic depth. Every glamour photo benefits from automatic lighting corrections. Sophisticated face AI changes expressions from joy to irony. Utilize face blur to emphasize focal points effectively.

🛠️📷 Comprehensive Feature:

👉 Utilize the AI face generator and face edit for skin editor improvements; 👉 While editing photos, apply the hair color changer for new looks;

👉 The background eraser and BG remover create a photo white background;

👉 Use the photo picture resizer to fit various social media formats;

👉 The Lymmo AI image generator produces art from simple text;

👉 Implement sky replace to swap classic or cartoon horizons;

👉 Choose a photo editor filter, old filter, or film filter style;

👉 A photo blender merges multiple exposures into a single frame;

👉 Advanced text to image AI fulfills complex descriptive requests;

👉 Enhance your portraits using a blur editor and a powerful AI filter for a stunning finish. This tool allows you to seamlessly touch retouch photos and experiment with creative face swap AI effects.

🌍🤖 A sophisticated AI object remover cleans up busy or cluttered scenes. The background maker generates entirely new environments via text prompts. This background eraser app offers unrivaled precision for edge detection. Use the BG remover to manage diverse backgrounds like gradients. Effortlessly remove text from photo without damaging underlying pixels. Advanced algorithms remove background noise to increase overall image clarity. Precision tools cut out background layers for professional graphic design.

🔍🧠 The AI enhancer utilizes deep learning to increase image resolution. Every picture enhancer tool focuses on restoring lost photographic details. It is possible to unblur photo and achieve a photo unblur result. Users get a clear picture from even the grainiest originals. A dedicated blurry photo fixer recovers memories from old family albums.

🎞️🎨 Modern filter apps provide endless variety for digital content creators. The cartoon filter creates unique avatars in seconds. Combine an old filter with a vintage filter for nostalgia. These special effects include watercolor, pencil, and brush stylizations. Top-tier film filter apps replicate classic analog camera looks perfectly. Use aesthetic photo editor effects to match current visual trends. Every AI photo editor filter optimizes brightness and saturation automatically.

🚀📸 The Lymmo image app streamlines the process of editing photos for sharing. A versatile image maker works alongside the photo blender for compositions. Adjust dimensions with the photo resizer for specific platform requirements. Perform a clean crop cut to improve image framing. Generate a photo white background for professional photography.

📬 If you have questions about Lymmo app, email us support@kvadgroup.com!

https://kvadgroup.com

https://www.instagram.com/kvadgroup

https://kvadgroup.com/lymmo_pp.txt","photo, editor, filter, face, image",https://play-lh.googleusercontent.com/ytxOy0FDcvxdDuiAvD8BmU4UAUtlFrdWAUwG1ZF5uQDvmaNapz0ZivcWzZcYBYkPViEhOC2XVrk94-CHEKeqlQ=w526-h296-rw,https://play-lh.googleusercontent.com/NiIq8W-lUEc_5Hb8uM2gs4vaXLLSvdr63UGt8XBBzFd7c2bLf8x-C8KA058hPIQx3fUm8FW4gEsYadjIueIF3g=w526-h296-rw,https://play-lh.googleusercontent.com/N_hhw8X-4K1uF39CA4QCDQhJiiLD2xg59Rw3E5VYYP1aYjwJQjGQQxkKZJ4tzKxoqBfhUd-nd-Lx24m0dSiShQ=w526-h296-rw,https://play-lh.googleusercontent.com/FlLHbx-1r-3oMQq_FLcSP_TWG8BnTpc3vIua1juP_MR2QcoJKG_7pqc2Vd12RdVAjZpx8OAem3yEH4IYAj8z=w526-h296-rw
General,AI Photo Generator: Muselab AI,https://play-lh.googleusercontent.com/m_GhGgRojyYJIJlFnYq4wuSGGQL0k1K9bYpA3Ii-0DIM21GA81i7JiaT_PLumGxDIXhdOeK4KR_gO6QxdYzMMw=w240-h480-rw,50K+,"Apr 10, 2026",4.2,376 reviews,https://play.google.com/store/apps/details?id=ai.photo.generator.editor.fotos.ai.image.app.free&hl=en_US&gl=US,Shotcut Video Workshop,"AI Photo Generator & AI Image Generator for Stunning AI Photo

AI photo generator
that transforms selfies into ai portrait, professional ai headshot & ai image in seconds! AI photo enhancer, restore old photos, or remove object from photo, Muselab is your all-in-one ai image generator & ai photo enhancer. Create B&W ai photoshoot, ai art & avatar with amazing ai photo generator.

✨
TURN YOUR SELFIE INTO STUNNING AI PHOTO

With our powerful AI photo generator & AI image generator, simply upload a selfie and watch it transform into high-quality, realistic image. Whether you want a professional avatar or a fun creative style, this AI picture generator delivers amazing results instantly.

* Upload your photo → generate unique AI picture & ai image

* Create lifelike AI portrait and AI photoshoot

* Try advanced AI filter and AI photo editor tools

* Make aesthetic AI Polaroid couple photo & ai image

📸
ALL-IN-ONE AI PHOTO EDITOR

* AI Photo Enhancer: unblur photo & enhance photo quality to 4K

* AI Restore old photos - Colorize photo, remove scratches, fix blurry photo & old photo restore repair

* Object Removal: Remove Object from photo

* Haistyle try on & hair color try on

* AI photo editor with words - edit photos freely

This AI picture generator helps you create content that feels real, stylish, and ready to share.

🎨
EXPLORE GLAM AI PHOTO STYLES & TEMPLATES

Muselab AI is more than just an AI photo generator—it’s a complete AI image generator and art AI studio.

* Turn photos into AI anime or caricature maker styles

* Create unique AI avatar creator designs

* Try tattoo AI ideas before committing

* Use AI merge to combine multiple photos

* Bring memories back with AI photo revive

All powered by our advanced AI picture generator technology.

💼
PROFESSIONAL AI HEADSHOT & AI PORTRAIT

Work or fun, this AI photo generator & AI image generator has you covered:

* Generate a professional AI headshot instantly

* Experiment with hairstyle try on features

* Create stylish AI figure visuals

* Edit and enhance with AI photo editor tools

* Produce stunning AI portrait images in seconds

🚀
Why Choose Muselab AI?

* Free to use AI photo generator and AI image generator

* High-quality, realistic AI picture generator results

* Massive library of trending templates

* Easy-to-use AI photo editor interface

* Fast generation with powerful AI models

Download AI Photo Generator: Muselab AI today and start creating with the most versatile AI photo generator, AI image generator, and AI picture generator. Turn your ideas into stunning visuals and make every photo go viral!

MuseLab AI includes safety filters and content moderation to prevent the generation of inappropriate or harmful content.

Questions about Muselab (AI Photo Generator FREE)?

Contact: getsupport@muselab.tech","photo, generator, image, muselab, picture",https://play-lh.googleusercontent.com/N-COWSBAHFmz2My2Umt4YZhJiP9Zy_Hw5zNmrhUZ7YY9HIdR7TPfoqTOXudjqeHHBLPSdY2mhozintuWpAOfHQ=w526-h296-rw,https://play-lh.googleusercontent.com/l4sCPCNex010XPCpVV8JxjQRFlqSXWdzCP8AGdkX9X0TUeb9oiqSc7tlz9zRDW1JTV33JAoOK1Z0dEARm83nIg=w526-h296-rw,https://play-lh.googleusercontent.com/jD7MRqQ9-OwOxCo_0cxAGrKAoIZ0YgilZjCqcd15u2mLqgJCYPeVLGu3IyCGxNuDs73EDAX6NyrxmGhFui-9=w526-h296-rw,https://play-lh.googleusercontent.com/oxk0qsYNe6hM9S-BOhKHoHqxGQCS0kuIKLgSQxpn0efOAXMB1pBRnJ3kh_RjOyrfjBJbNyHe3DIoxIa5K7dxMg=w526-h296-rw
General,AI Photo Master: Pro Headshots,https://play-lh.googleusercontent.com/W9tFPVH7F3pYJ3CcJAFCZ81l64kdUKbUs0xrl2uhW9HUOSvVd1IHa91Q_Q0zcuyEaENhUFKXYBoZomH03A3kyQ=w240-h480-rw,10K+,"Aug 22, 2025",3.7,1.38K reviews,https://play.google.com/store/apps/details?id=com.tor.aiphotomaster&hl=en_US&gl=US,Tor.App,"Turn your selfies into professional headshots in minutes. With AI Professional Headshot: APM, you can create polished, business-ready photos for LinkedIn, CVs, resumes, and corporate profiles without paying for a costly studio shoot. Our AI headshot generator is designed to make you look professional, confident, and authentic in every photo.

Upload your selfies once and our AI clone technology builds a model of you, allowing you to generate dozens of photos across different packs. Each pack delivers 20 unique images, so you can explore endless variations — from business looks to creative and fun styles. It’s like having a personal photographer and design studio in your pocket.

What You Get

•  Professional Headshots

Generate studio-quality headshots for LinkedIn, resumes, and business websites that look realistic and polished, perfect for making a strong first impression.

•  CV & LinkedIn Photos

Create job-application ready portraits that are optimized for professional platforms, helping you stand out to recruiters and employers.

•  Corporate & Business Photos

Produce clean, high-quality corporate images for company websites, presentations, or business cards — without the need for a photo shoot.

•  Dating & Social Media Looks

Use the same AI clone to make natural and attractive dating photos or unique social media portraits that feel fresh and authentic.

•  Creative Styles & Anime Avatars

Explore our AI photo generator library filled with prompts for artistic looks, anime styles, and imaginative variations inspired by leading AI tools.

•  Travel & Lifestyle Packs

Transform your selfies with AI-generated travel backdrops, seasonal looks, and casual styles, so you always have the right photo for the moment.

Each feature is powered by advanced AI, ensuring results that are realistic, detailed, and professional. From retouching and background changes to creative avatars and anime portraits, you’ll always have options to fit your personal or professional needs.

With AI Professional Headshot: APM, you don’t just get a simple editor — you get your own AI-powered photo studio. Create, transform, and experiment with styles whenever you want, all while knowing your data is safe and private.

Download now and elevate your image with professional headshots, corporate photos, avatars, and creative AI transformations in just a few taps.

We’re constantly improving AI Professional Headshot: APM based on your feedback. For suggestions, ideas, or features you’d like to see, email us at support@aiphotomaster.com. For details and our Terms of Use, visit: https://aiphotomaster.com/terms-of-use.","professional, photos, photo, styles, headshots",https://play-lh.googleusercontent.com/gWp5SXqhDXnlrvkqVq8Z9HVlc89X5QL7rANjCKOLFJUwDfZ7LG85iKwCHXGUDW6bkBVKxwpovi9e-H6ysP_SbA=w526-h296-rw,https://play-lh.googleusercontent.com/8ds5l2wbF8p1dOad27O0uBUDDNeq6-uqgrLyiSECkY3KrXAI01G_w-KFsJilQxMKEGSf5G-qP8xCXA9stCKhOQ=w526-h296-rw,https://play-lh.googleusercontent.com/jOCZ0eXJevaWmR5PheP1TJJh6JCJbOJjBVs3QGKeWCBj-nu11emQo71hFB4XP7MVbj2_zqbbavKiW9Al71Ri4Q=w526-h296-rw,https://play-lh.googleusercontent.com/adYt6eUc8cp-ixFvNyaeLOND7pyK5IrppfMx9QutjBNl-8CLAQmyVLtOwJ5XxuFxTWls1Dh8Xgo2ySkNkZ1tlw=w526-h296-rw
General,"AI Photo, Face Editor: Pic Fix",https://play-lh.googleusercontent.com/E47NdgvNBlJZdlp3RK8elohAMYMYP-REFCaGVl3psge2V_V4VKKN-l0VLvIOBiXCTmpyuM_4JmPGtgExXd8FDyM=w240-h480-rw,100K+,"Mar 31, 2026",4.6,743 reviews,https://play.google.com/store/apps/details?id=ai.photo.editor.fix.retake.face.app&hl=en_US&gl=US,Shotcut Video Workshop,"PicFix AI – Natural AI Photo Editor & Face Editor

Meet PicFix AI, a fast and natural AI Photo Editor designed to improve every photo while keeping your face real. Instead of heavy filters or artificial edits, PicFix AI uses advanced ai fix technology to subtly enhance each face, making your photo look natural and authentic.

Whether it's a selfie, a travel photo, or a group moment, this powerful Face Editor helps you refine your face instantly so every photo is ready to share on Instagram, TikTok, or Facebook.

FIX EYES, SMILE & EXPRESSION IN ONE TAP

Sometimes the perfect photo is almost perfect. Maybe someone blinked, your face looked stiff, or your smile didn’t feel natural.

PicFix AI makes it easy to fix those moments:

• fix eyes in group photos

• fix smile for a more natural look

• fix expression when a face looks tense

• fix face details while keeping the original photo

With intelligent ai fix technology, PicFix AI improves your face while preserving the lighting, background, and style of the original photo.

A FACE EDITOR THAT KEEPS PHOTOS REAL

Many editing apps regenerate a new face, which can make the photo look fake. PicFix AI works differently. As a smart AI Photo Editor, it enhances your original photo and carefully refines the face instead of replacing it.

Your photo stays real. Your face stays recognizable. The result simply looks better.

FAST AI PHOTO EDITOR – NO SETUP REQUIRED

Unlike many AI apps that require uploading multiple photos, PicFix AI works instantly. Just choose one photo, apply an ai fix, and the Face Editor will refine the face in seconds.

No complicated setup. No privacy concerns. Just a smarter AI Photo Editor that improves your photo immediately.

MORE THAN A FACE EDITOR

PicFix AI is also a versatile AI Photo Editor that helps you improve overall photo quality:

• Enhance blurry photo details

• Improve old memories with ai fix enhancement

• Remove unwanted backgrounds

• Make every photo clearer and more shareable

Every improvement keeps the face natural and the photo authentic.

With PicFix AI, every photo becomes the best version of the moment. This powerful Face Editor helps you refine your face, apply a subtle ai fix, and share photos confidently with results that feel natural and real.","photo, face, editor, fix, picfix",https://play-lh.googleusercontent.com/hi_1fv9tD3DMmq2Q4hZHeZv8KoFDa1T1Za04xuy9G9XbAc96oo7r1ZSXLtwCShByvdnUPT9S6gSsglChDG0u=w526-h296-rw,https://play-lh.googleusercontent.com/HNhosnE1Myli4yT1J0d5y-laY7cmXjYftyBPGuoy2BGscHqD8dOgGdp0JEptnWvqQP_fiAt3IPpr_blLhofOQKo=w526-h296-rw,https://play-lh.googleusercontent.com/bzL42vrcW_yrkvnPDs8xZet0M6sm95ByQR6rFpskNrgMJ5i3QoC9etJw-FgeSpIZsE4Qdt_LFWljAg3Tl3KEXg=w526-h296-rw,https://play-lh.googleusercontent.com/FQs-b_7Y2CFG8V1Sjxgp2pE97Fa1BwN0bwfXrGdEUSQ_QCudf3rlJ6oSwXLwjjLgZzxctsya1wajifbaB_lO=w526-h296-rw
General,AI Play Ukulele · Chordie,https://play-lh.googleusercontent.com/Sb66Vp49Ux91kaOVe1Qs0S70a1rjg5YWkhuZSd7jKBc8Re6-Gn2HrToO2jYJ8ExY9fN9GugKskx9H9OITclrZMo=w240-h480-rw,5K+,"Sep 14, 2025",2.1,44 reviews,https://play.google.com/store/apps/details?id=com.deplike.ukuleleLearning&hl=en_US&gl=US,Deplike Yazılım Müh. San.ve Tic. Ltd. Şti,"Ukulele Lessons with AI gives you adaptive ukulele lessons that listen as you play and coach you in real time. Start from day one and move from first chords to full songs at your pace.

Unlike one-size-fits-all tutorials, these ukulele lessons personalize your path—chords, strumming, rhythm, and smooth transitions—so you practice what actually helps you make music. Short ukulele lessons are designed for beginners and busy schedules, turning practice into small, achievable wins.

What you get

- Personalized practice plans with progress tracking, streaks, and gentle reminders

- Learn with approachable versions of real songs and tabs you can play right away

- Instant feedback on timing, rhythm, and chord changes after each take

- Built-in tuner and metronome to get set up fast and stay on beat

- Follow 3D ukulele and hand models you can rotate and zoom for clear finger positions

- A friendly AI ukulele teacher for quick tips and tricky transitions

Perfect for beginners or returning players, the app grows with you—from first chords to confident strumming and complete songs. Whether you're just picking up the ukulele or returning after a break, you'll find an encouraging and flexible learning experience that fits your lifestyle.

Built by Deplike’s team of musicians and technologists, the approach blends step-by-step ukulele lessons with song-based learning to keep motivation high and progress steady.

Download now to start guided ukulele lessons that fit your life—and play your first song today.

Terms of Use

https://deplike.com/tos/","ukulele, lessons, play, first, songs",https://play-lh.googleusercontent.com/RlMin_xYTwfTBvPL9IVtu5pl_NCkk-YQFHt4AhmnFFFgGN7DoxvU4gL8VyFO0KLDvNAuT_iOBPEK9NH3X_f4=w526-h296-rw,https://play-lh.googleusercontent.com/kIw4ZX0uj3IvFH9LvSDJ-h0eHQr169G7P3Cn2G6aGcGSe5gDfZ7NvOy9qGBsYPPKbz-BW_M6yhv_PoALxKxD87U=w526-h296-rw,https://play-lh.googleusercontent.com/J-7QZB-IGRrtAsMYfBih9hBbQ-PB8ojgm8FYvslIq7yFSJuo5fYbAkx9NgGn6RsDmTppQRKaaw7Xgq-wpYXefA=w526-h296-rw,https://play-lh.googleusercontent.com/9EoIgmgUQusKSNbIEhLYPu0GRBjs6dBLxCb_Lp5G-v6cFphTethuj_ejTVeVrdRfiOMdkgQa3M8jHIUUVE4YRQ=w526-h296-rw
General,AI Resume Builder and CV Maker,https://play-lh.googleusercontent.com/LJHFyWdswcIzSohymqXa_m6-tmrQY2T2d42TS5YxCdm4fwItrdJATF5XdzsPfz5FeHKhePoL03xaSltDbtsGHQ=w240-h480-rw,10K+,"Aug 19, 2025",N/A,N/A,https://play.google.com/store/apps/details?id=com.cc.resume.maker.builder.cv.professional&hl=en_US&gl=US,CC Publisher,"Create a professional resume and CV in minutes with an easy-to-use resume maker designed for job seekers, fresh graduates, and professionals. AI Resume Builder helps you create a modern resume using ready-made templates, smart editing tools, and professional formatting options without needing design experience.

Whether you are applying for your first job, changing careers, or updating your professional profile, this CV maker app provides the tools you need to build a clear and well-structured resume that highlights your skills, education, work experience, and achievements.

Choose a resume template, add your personal information, customize your content, and create a professional CV that matches your career goals. With AI-powered resume assistance, you can improve your resume descriptions and present your experience in a more organized way.

📄 Professional Resume Templates For Every Career

Create different types of resumes with customizable CV templates suitable for various industries and job roles:

• Fresh Graduates & Students:
Build your first resume by adding education, skills, projects, internships, and achievements.

• Professionals & Job Seekers:
Create a detailed CV that highlights work experience, career history, and professional skills.

• Career Changes:
Organize your experience and transferable skills into a structured resume format for new opportunities.

• Multiple Resume Styles:
Choose modern resume designs, professional layouts, and formats that fit your career needs.

✨ Easy Resume Customization

Personalize your CV with simple editing tools and create a resume that represents your professional profile:

• Add personal information, education, experience, and skills

• Upload a profile photo for your resume

• Edit resume descriptions with AI resume assistance

• Customize fonts, layouts, and design elements

• Highlight achievements, projects, and career experience

• Create and update your CV whenever needed

🤖 AI Resume Builder For Better Descriptions

Improve your resume content with AI-powered writing support. The CV builder helps you organize your professional information and create clear job descriptions that better explain your skills and experience.

The AI resume maker helps users save time when writing resume sections by providing guidance for professional summaries, experience descriptions, and skill presentation.

📥 Export, Share & Save Your Resume

Create a high-quality resume and export it in convenient formats such as PDF and JPG. Easily save your CV, share it with recruiters, or print it when applying for jobs.

This resume generator app is useful for anyone who needs a professional CV quickly, from students preparing for their first interview to experienced professionals updating their career profile.

⭐ Key Features of Resume Builder App

• Professional CV templates for different career needs

• AI-assisted resume writing and description improvement

• Simple resume editor with customization options

• Add education, skills, experience, profile photo, and projects

• Review and edit your resume before exporting

• Download resume in PDF and image formats

• Share or print your completed CV easily

How To Create A Resume With CV Maker App

1. Add your personal details, education, work experience, skills, and career information.

2. Select a professional resume template that matches your preferred style.

3. Customize your CV design, edit descriptions, and organize your information.

4. Review your resume and make changes to improve your presentation.

5. Export your resume as PDF or JPG and share it for job applications.

AI Resume Builder is a complete solution for creating professional resumes and CVs quickly and easily. Whether you are a student, fresh graduate, job seeker, or experienced professional, this resume maker provides the tools to build a structured and professional resume for your career opportunities.","resume, professional, experience, create, career",https://play-lh.googleusercontent.com/3GKkpuKonsbYzWG7vxA4kvJGN0SC_wLMkuKKAC7dHW_XNAZehOSguSCf3OeN7D5yMd3LsCL-Xkh7JPuOoy3iPw=w526-h296-rw,https://play-lh.googleusercontent.com/1wpnDuwSd9iWb_nZduOXTWpQmnZ2CMaNRUlVFdDuabjVIt3sT1SZLnB_KUBCHfNnS6ZR1_cv2jcgnqQ7tpN87G8=w526-h296-rw,https://play-lh.googleusercontent.com/CX9J1wxXzL6ZJ4kryGelItcSJ9sUnOfCza2EmV083r6ectwuaO_vQR8lKL_oaFcAZbXbCKLuV2ErLnRnLOW0A4g=w526-h296-rw,https://play-lh.googleusercontent.com/71DmxeiqbHu7chf-rC8-xXJBsTfxOsj-2anqofffdWP1Usu4L3qGSNRNaGWeORSfz0tw92xdjwAZrv6AOLYpgw=w526-h296-rw
General,AI Retouch - Remove Objects,https://play-lh.googleusercontent.com/v5uAcaSmUNkQ4hjetcXMkVBWcMT_REDwnjQnryXgDJg8MihgDgeTXqiRRRLUF2oii5vGkrmTo2Goo29kDFojWw=w240-h480-rw,500K+,"Aug 1, 2025",4.5,9.26K reviews,https://play.google.com/store/apps/details?id=com.photo.retouch.remove.objects.magic.eraser.app&hl=en_US&gl=US,Shotcut Video Workshop,"With Object Eraser – AI Retouch & Object Remover, you can delete unwanted objects, remove people, erase text, clean blemishes, or remove watermarks. This object eraser app makes photo editing fast, simple, and professional with AI retouch.

Sometimes your perfect photo is ruined by strangers, clutter, or unwanted details. That’s when the object remover comes in handy. With just one tap, you can erase objects and remove objects from photo naturally. Thanks to AI retouch, every edit looks smooth and realistic.

Why Choose Object Eraser?

✨ Erase Objects Fast: Highlight anything you don’t want, tap once, and the object eraser will clean it instantly.

✨ Remove People from Photo: Got photobombers? Use the object remover to delete them in seconds.

✨ Erase Text & Watermarks: With the object eraser, you can remove text, logos, or watermarks without leaving marks.

✨ AI Retouch for Portraits: Use AI retouch to clean blemishes, scars, or acne for flawless selfies.

✨ Professional Results: Every time you remove objects from photo, the app makes it look natural.

How It Works:

1️⃣ Pick a photo from your gallery.

2️⃣ Brush or highlight the area to erase objects.

3️⃣ Tap the magic object remover button.

4️⃣ Let AI retouch finish the job.

5️⃣ Save or share your cleaned photo.

Perfect for:

📸 Travel Photos – Remove objects from photo like signs, wires, or random people.

👥 Privacy – Use the remove objects from photo to delete private info or strangers.

🛒 E-commerce – Clean product shots by erasing logos, stickers, and clutter.

🤳 Portraits – Use AI retouch with the object eraser to erase blemishes for clean selfies.

With Object Eraser – AI Retouch & Object Remover, you’ll never have to worry about ruined pictures again. Remove objects from photo, fix details, and make your photos look perfect anytime.

📧 Need help? Contact us: getsupport-Android@removeobject.app","object, photo, objects, remove, retouch",https://play-lh.googleusercontent.com/txR2w2oJUjjkYvRvTrfBgJtd_RrM2VCuTeS0ToOQ2dbjC-aZ8AvScjV01wUddvI5t8BisnEHdq8UA7OkRvyrgg=w526-h296-rw,https://play-lh.googleusercontent.com/uh3-ZgiMcUS5NqoSKsLtGzt6AdtPpRCxj57kc3ycZq5NVrrJ0YEkYpfP9NvuQRYmFkATvpMhGbal2zlRpX9iXFM=w526-h296-rw,https://play-lh.googleusercontent.com/_gtrVAh0gloRCn0nHbzFzYFHXSzQOaHA9NycKbMsojBG9z19lkN-dl8PTjdVh7jMYQUp2NrYy1xmGa-tRgmZtYQ=w526-h296-rw,https://play-lh.googleusercontent.com/t702bK5emZ3xNvYKXnoq5-qa24-QS7hAA2gdsl-7dDgMrtn3aCGe-JTe6A6T-yxO73hOb9sn0h3pmZIVPtmSluI=w526-h296-rw
General,AI Scanner - Snap Identifier,https://play-lh.googleusercontent.com/escKiQxsqRCI5NR4S_ZV7lflt9BlQjFSs7oppMiRYhd5KkpOI21pq0qUNtcpErezaEB1Mz6ZVqlYGSjj-i3q=w240-h480-rw,5K+,"Mar 22, 2026",N/A,N/A,https://play.google.com/store/apps/details?id=com.healthapplines.scanner.ai.identifier&hl=en_US&gl=US,Health Applines,"Use AI Scanner - Snap Identifier, turn your camera into a powerful AI scanning assistant.

Scan objects, food, plants, and documents to instantly identify, analyze, and understand what’s around you — then ask follow‑up questions to get things done faster.

Download for free and unlock smarter ways to explore, learn, and manage everyday life.

🔍 Scan Anything (Objects & More)

Point your camera at anything and get instant answers.

- Identify everyday objects, products, animals, landmarks, and more

- Get reference prices, usage insights, and encyclopedia‑style information

- Ask follow‑up questions like “Is this worth buying?” or “What are similar alternatives?”

🍽️ Scan Food & Track Nutrition

Know what you eat — instantly.

- Recognize meals and dishes from a single photo

- Automatically calculate calories, protein, carbs, and fat

- Add meals to your food log in one tap

- Receive personalized nutrition suggestions based on your intake

🌱 Identify & Care for Plants

Your personal plant expert, always with you.

- Identify plants and flowers in seconds

- Detect common health issues like yellow leaves or pests

- Save plants to My Garden

- Set reminders for watering, fertilizing, and pruning

📄 Scan Documents & Text

Turn documents into actionable insights.

- Scan documents, notes, books, and screenshots

- Extract text with high accuracy

- Automatically generate key summaries and to‑do lists

- Translate text into multiple languages

💬 Ask Follow‑Up Questions

Scanning is just the beginning.

After each scan, continue the conversation:

- Food: How do I cook this dish? Is it healthy?

- Plants: How should I trim this plant? How often should I water it?

- Objects: How does it work? Who is it best for?

🤖 Your All‑Purpose AI Assistant

No scan needed. Ask anything.

- General knowledge & explanations

- Creative writing & idea generation

- Learning help, planning, and daily advice

One app. Multiple AI superpowers.

📸 Just scan it — and let AI handle the rest.

Download now and explore the world with a smarter assistant.","scan, plants, objects, food, documents",https://play-lh.googleusercontent.com/BvsxTWgfoSeU6XsR-3w1t6bHzUP7yZE0ruUgBcnZICUlgOT5VG08hhVlygddsBeT_DKEVIS6kp0VZ4vvAPYkZQ=w526-h296-rw,https://play-lh.googleusercontent.com/T40vINbeEN6M671GmnIX6HdFCtkqtsw3tIQkGZs664buMLAtyorBpNxgrcqxMF6hoEmxFtweWGkOuLbPnvbiVw=w526-h296-rw,https://play-lh.googleusercontent.com/rKZgs1Rzo2w7LPb8bswt4l0aMhRTXMBLg2PK0rDbEJCe50JG_YkvHoLFjgawCyUO_yUhDA2rdovqyisxSAE=w526-h296-rw,https://play-lh.googleusercontent.com/72F_SIoLPDUlu6a204aHEOA40ZCpvpg8u-h8TiP1JLZQvI-D5AOoGlmbsC2JMqqsv89IkofguZm4Pvxqkbbp=w526-h296-rw
