Search Keyword,App Name,Logo URL,Install Count,Release Date,Rating,Review Count,App Link,Developer,Description,Keywords,Screenshot 1,Screenshot 2,Screenshot 3,Screenshot 4
,8-Bit Music Player,https://play-lh.googleusercontent.com/NP1F--5f5S8Sm8RmfoE2vkuiOYWBMprf9bBSloYCOiGnLWfP8HixSMPtnhSNYFofuH_wQE_ZiLhLRKsnIFr79g=w240-h480-rw,5K+,"Jan 15, 2026",4.6,56 reviews,https://play.google.com/store/apps/details?id=com.shenron.a8_bitplayer&hl=en_US&gl=US,"Namekian Affairs, Inc.","RETRO TERMINAL INTERFACE

Experience music with a clean, text-based interface. As a dedicated retro music player, this app removes complex graphics and distractions to offer minimalist music playback. The fast, lightweight command line music player style is optimized to run smoothly on phones, tablets, and foldables, making it the perfect choice for retro enthusiasts.

MATERIAL UI DESIGN

Blending modern Material UI with mesmerizing colors and smooth visuals for a clean, immersive experience.

Multilingual Interface: Fully translated into 12 languages including English, Spanish, French, German, Italian, Portuguese, Arabic, Hindi, Russian, Japanese, Korean, and Chinese.

POWERFUL AUDIO CONTROL

Take control of your sound with a professional audio engine designed for local files.

Equalizer Presets: Quickly switch settings for Rock, Pop, Classical, and more using 50+ built-in options.

Manual EQ: Fine-tune the 5-band equalizer to perfectly match your headphones.

Bass Boost & Virtualizer: Enhance low frequencies and add spatial depth to your audio for an immersive listening experience.

Gapless Playback: Listen to mixes, live concerts, and concept albums with gapless playback—ensuring zero interruption between tracks.

Format Support: Plays MP3, FLAC, WAV, M4A, OGG, and OPUS files.

PROFESSIONAL AUDIO ANALYZER

Dive deep into your sound with a real-time, Audacity-inspired visualizer built for audiophiles.

Dual Modes: Switch seamlessly between a detailed time-domain Waveform envelope and a 200-band logarithmic FFT Spectrum analyzer.

Precision Metering: Monitor your track's live RMS, True Peak, Dynamic Range (DR), and detect audio clipping in real-time.

Hi-Res Stats: Instantly verify your music's true fidelity with live terminal readouts for Sample Rate, Bit Depth, and Bitrate.

DESKTOP LYRICS OVERLAY

Keep your lyrics always visible with a customizable floating window. Synced lyrics appear on top of any app — games, videos, or your home screen — with full control over font, size, color, and opacity.

LYRICS & ROMANIZATION

Sing along and understand every word with our advanced lyrics player, designed for global music fans.

Synced Lyrics: Lyrics scroll automatically in time with the music.

Romanization Support: Automatically convert Japanese, Korean, Chinese, and Russian characters into Latin script. Our romanization engine makes it easy to read and sing along to J-Pop, K-Pop, and anime soundtracks.

Quick Download: Fetch high-quality lyrics directly from LRCLIB.

LIBRARY ORGANIZATION

Manage large collections effortlessly with a folder-centric music library organizer.

Folder Browsing: Navigate your storage directory to find files exactly where you saved them.

Smart Playlists: Create custom playlists or use the Favorites system to keep your best tracks ready.

Playback Statistics: View your listening history and most-played tracks.

Dynamic Art Generator: Automatically generate sleek, customized art based on audio metadata.

CUSTOMIZATION

Personalize your terminal to match your style.

Retro Themes: Choose from 12 distinct colors including Amber, Green Phosphor, and Red. Our retro themes bring the classic CRT vibe to your modern device.

GIF Headers: Add animated pixel-art headers to your interface for a unique look.

Widgets: Control music directly from your home screen with retro-styled widgets.

CONNECTIVITY & SAFETY

Android Auto: Control your music safely with a simplified interface while driving.

DLNA Media Streaming: Cast your local high-fidelity audio effortlessly to smart TVs, speakers, and compatible DLNA receivers on your network.

Cast Support: Stream your local files to compatible smart devices.

Radio: Listen to online radio stations (internet connection required).

PRIVACY FOCUSED

This app respects your privacy. It is designed primarily for offline use. Internet access is only used if you choose to download lyrics, artwork, or stream radio. There is no background tracking.

Clean. Simple. Powerful.","music, lyrics, audio, retro, interface",https://play-lh.googleusercontent.com/JOTzxcZwR9xgAN1V3zD7r0UCn5XBUonX_u0VF4wQ3Th8YjQEqnhHEODI74a5MRYR671cUfGGY-lV_c-VN1x1=w526-h296-rw,https://play-lh.googleusercontent.com/cTL1D0PoJEBEK6MrJmjg284dUouFjd3PagWfN0PtDwh3gSCMotCnUXIDNmkCUebUqOTyhvDejVqM3pyf61QBMw=w526-h296-rw,https://play-lh.googleusercontent.com/srCX-H0LlV53t3iAexmwWp1Knwl1wSHQ6wBJV9aS-A2GYQ2BHz0rKCL4FAfvU7Rg1KOpAfB6zRPrf-Z8-KYmiQ=w526-h296-rw,https://play-lh.googleusercontent.com/msR1NaWdjVMOdBFL-DQBeXmn5KwHY0Uz0YOwpEDFuOOZrlwR5vOUP_C2gB1CNu0d8Jryt9YilKgHGz5vuMTs=w526-h296-rw
,9xconvert: Download & Convert,https://play-lh.googleusercontent.com/FCDR5dFfvB84uy1bLz5lZgosApf2wr1CODxMzJpmzZnE17AzkahUkXpCCSku41umA6jNnUIjIErehnFSMWVWxU0=w240-h480-rw,5K+,"Jan 16, 2026",N/A,N/A,https://play.google.com/store/apps/details?id=com.xconvertmobile.app&hl=en_US&gl=US,123SUDO,"Fast. Private. Offline. ⚡🔒💻

⚠️ NOTE: This app does NOT support downloading from YouTube due to Google Terms of Service.

9xconvert is an all-in-one offline media converter built for people who want speed, privacy, and full control over their files.

Convert, compress, trim, and download media in one place — without uploading files to cloud tools, waiting in server queues, or dealing with file size limits.

Whether you need to convert video, extract audio, compress large files, trim clips, create GIFs, or download and process media from supported sites, 9xconvert helps you do it locally on your own device.

This is not just a basic converter.

9xconvert is a complete local media toolbox designed for serious everyday use.

✨ Why 9xconvert?

⚡ Fast by design

Use hardware acceleration to process media with the power of your own CPU and GPU.

Get faster local performance without relying on slow online tools.

🔒 Private by default

Your files stay on your device.

No cloud uploads.

No tracking.

No unnecessary data collection.

💻 Offline first

All conversions happen locally on your machine.

That means better speed, more privacy, and fewer limits.

📦 Convert across 50+ formats

Support for major file types across:

• Video

• Audio

• Images

• Documents

🎬 Built for real media tasks

9xconvert helps you handle everyday work with:

• Video conversion

• Audio conversion

• Image conversion

• Document conversion

• Video compression

• Audio extraction

• Video trimming

• GIF creation

• Subtitle handling

📥 Built-in downloader

Download media from 1000+ supported sites and convert it in the same app.

🗂️ Batch tools

Handle more in less time with:

• Batch conversion

• Bulk import from CSV / TXT

• Multiple files in one session

• Drag and drop import

🚫 No file size limits

Convert files locally without upload caps.

From small clips to large 4K media, 9xconvert works with the files your device can handle.

🧠 Built for convenience

• Dark and light theme

• Multi-language support

• Offline-first design

• No email required

• UID-based identity

• Flexible usage with no recurring subscription required

🎯 Great for

• Creators

• Editors

• Students

• Professionals

• Researchers

• Anyone who works with media often

If you want a faster, more private way to convert and manage media, 9xconvert gives you one powerful offline toolbox.

Fast. Private. Offline. ⚡🔒💻

Convert locally with 9xconvert.","media, 9xconvert, files, convert, offline",https://play-lh.googleusercontent.com/e7iJLMGNikoqU8fryaooimI2O831Ti3TkGyryLBfLbIXGbGYdoM-y8UOVaN3N2c4NsfmKZv1qDSIMnWgpxr0xg=w526-h296-rw,https://play-lh.googleusercontent.com/wvxZdWpIlZmoyOFHbwsBqyCh8TLZMlMZboPDU9B4Ekkdee31lA34OOF9QBIf_jOdY1Q1RX_UE5zWWsywA3iYhQ=w526-h296-rw,https://play-lh.googleusercontent.com/43sy5nFiqItgQcmlbm1loB1FmLTZLJRKRXtVQEuHfOd7Ox1TESwJctIBqSr6572Dwjh4zKqVsVvg1SlSQFkd=w526-h296-rw,https://play-lh.googleusercontent.com/mUwPnjnjO7pgk0JkG5W7MBVfCRLbEK-QesFeQSHCq_1N3kAXrpuPL43p8Wmo-9KgRXtqICcgE60lnkyZX-jpeA=w526-h296-rw
,AI Cleaner:Smart Storage Clean,https://play-lh.googleusercontent.com/EwP1MHW-C7G1qE2OIsaQAxByApkj9tuSfeoqG1mtxGzjSwjJMj80blN97CHIrd84MUuZNR0l6nQGNIAyBFDfyw=w240-h480-rw,5K+,"Mar 6, 2026",4.5,34 reviews,https://play.google.com/store/apps/details?id=com.raysaar.aicleaner&hl=en_US&gl=US,RaySaar Technologies,"Running out of storage space at the wrong moment?

Smart AI Cleaner uses advanced Local AI to reclaim your phone storage in seconds. No cloud uploads—just fast, secure, on-device cleaning that respects your privacy.

Why Smart AI Cleaner is the Essential Choice:

AI Photo Expert: Instantly find and delete duplicate photos, blurry shots, and accidental bursts.

4K Video Shrinker: Use our Smart AI to reduce large video sizes by up to 80% while keeping HD clarity.

Social Media Sweep: Clear hidden caches from social apps (compatible with WhatsApp™ and Instagram™) that eat up your phone storage.

Privacy Guaranteed: As a privacy-first AI Cleaner, your data never leaves your device. No cloud, no tracking.

📸 INTELLIGENT MEDIA CLEANUP

Our AI-powered storage cleaner analyzes your gallery to find:

Exact Duplicates: Identify identical photos and videos instantly.

Similar Image Manager: Our AI Cleaner groups near-identical shots so you can keep the best one.

Blurry Photo Scanner: Automatically find out-of-focus shots wasting storage space.

Screenshot Manager: Bulk-delete old screenshots you no longer need.

🎥 PRO VIDEO COMPRESSION

Don’t delete your memories—just make them smaller with our Smart AI video tool.

Shrink HD and 4K videos while preserving visual quality.

Custom quality levels to balance your storage savings.

🔒 SECURE & PRIVATE

Local Analysis: All AI Cleaner processing happens on-device.

No Auto-Delete: You are always in control. Review every file before it's gone.

Battery Efficient: Optimized for 2026 Android devices for minimal power impact.

Download Smart AI Cleaner today and take back control of your phone storage!","storage, cleaner, smart, video, our",https://play-lh.googleusercontent.com/4uQhc8HT5hhRxHWBdQ9SibHkLek9L4VYyEwGjD-PhUm4gbMGNP-9v0jcy6cZ9L2m2XRRd2EVGMZAZei3oKkDMA=w526-h296-rw,https://play-lh.googleusercontent.com/3z6izgsXNB4RSgbVbqMCYnWhyLpOa1Vn_7hKL3-NHEC3mmRJf6vCddRLD7JmgbdyuPNgzcH3-xahl-OZ96YV=w526-h296-rw,https://play-lh.googleusercontent.com/Z3G2Szbmae0X_64GSKwfFnuxcmmtPiZov0PH5SnmIoiM-PfpnRNCVyPaD-wErfnalGMhq6IyMbApYv3Y-Hiynw=w526-h296-rw,https://play-lh.googleusercontent.com/6HMdZQTY2dmh_Dxgu9hkM0y4uaH40LSGW0KfO3Hc0KdAvq5v7zMieoryNNiiQ0c4XproahJmkcAoS5YDZLdF=w526-h296-rw
,AI Summarizer - Text Summary,https://play-lh.googleusercontent.com/bJFMRqVdi_9ih9X5Cu771kiJaFlGiZZJQuwhAB5pUOgNWb8-Jn-C-mMBD_niQhIMQA9nUIXxjGticdWPzN5h=w240-h480-rw,10K+,"Feb 11, 2026",N/A,N/A,https://play.google.com/store/apps/details?id=com.ai.summarizer.rephrase.text.summary&hl=en_US&gl=US,Card Scanner,"AI Summarizer – Reword your text naturally and make it sound professional.

Quickly turn long texts into clear, concise summaries with AI Summarizer, built to help you reword text and understand content faster. This powerful AI summary app is designed for users who want a reliable text summarizer AI for daily reading and writing needs.

This all-in-one ai summary generator helps save time and simplify information without losing meaning. Perfect for students, professionals and anyone who wants to read, write or understand content faster using short summary ai app free experience. Simplify reading with text summary ai summarize text powered by AI.

AI Summarizer text pdf summary makes processing information easier than ever. AI summary notes, helping you capture important ideas in a short summary ai format.Whether it’s class notes, work reports, or online articles, this advanced ai summary generator creates short summary ai note taker free for faster decision-making.

Powerful Tools AI Summarize:

AI Text Summarizer:

Instantly condense articles, notes, reports and long text summary into clear summaries using a reliable text summarizer app. This AI summary text summarizer ensures accurate results without missing key points.

Word & PDF Summarizer:

Efficiently summarize Word & PDF files, extracting key insights with ai pdf summarizer free technology. This feature supports ai summarizer text pdf summary for faster reading and understanding. Quickly get a text summary ai summarize text for all your documents.

Webpage Summarizer:

Quickly summarize online articles, blogs and webpages into concise results using tldr summarize logic for fast content scanning and better comprehension.

AI Paraphraser:

Reword and refine your text to make it clear, professional and original while keeping the meaning intact. Ideal for improving clarity, readability and creating polished content.

AI Humanizer:

Transform AI-generated content to sound natural, professional and human-like. This feature improves tone, flow and quality across documents created with ai summarize app free tools.

Advanced OCR Technology:

Instantly extract text from handwritten notes, screenshots, photos and images, then convert it into summaries using an accurate summary generator powered by OCR.

Key Features of This AI Text Summary App:

● Summarize any text instantly using ai summarizer text pdf summary for quick understanding.

● Generate clear summaries from Word and PDF files with ai pdf summarizer and ai summarizer text pdf summary support.

● Turn lectures, podcasts or recordings into readable summary ai note taker for easy review.

● Condense webpages and articles into key points using text summary tldr summarizer tools.

● Improve content clarity with text summarizer AI and ai summary text summarizer technology.

● Make AI-generated content sound natural and professional with summary ai app free tools.

● Extract text from images and notes using a smart summary ai note taker app and OCR system.

Benefits of the AI Summarizer App:

- Use our app to text summary ai summarize text instantly.

- Get key insights from reports and documents using ai summary notes and ai summarizer tools.

- Save time and boost productivity using a fast ai summarizer built for everyday use.

- Create clean summaries with text summarizer AI support.

Download the ultimate AI Text Summary app to create summaries, notes and documents with ease. Experience a smart ai summary generator designed for faster reading, better writing and clearer understanding. This ai summary app free solution helps you tldr summarize content without effort.

Disclaimer:

AI Summaries are generated by AI and meant for reference only. Accuracy may vary. Always review original content before relying on it.

Contact Us: eclix.suport@gmail.com

Privacy Policy: https://theonlineconverter.com/privacy-policy

Terms of Service: https://theonlineconverter.com/terms","text, summary, summarizer, app, summarize",https://play-lh.googleusercontent.com/DgnPso1S9D_SKicJQZT4UVWHo9XUn9uREK_f31aOhGSIDCbkChBJW12Q-2Wkro4-V70lA98VcPOQqRE9hUEucI8=w526-h296-rw,https://play-lh.googleusercontent.com/weeQyf99ty13B13CbqkDRGtaCdolKh7RqSECeuQW4IKA351oyRsmiRlA6nzn2t-1zgwWu-UxZ2Tk9taNszUsdg=w526-h296-rw,https://play-lh.googleusercontent.com/-85YSXYkXTx1QKgpDlAw8j3_m77BiDhmETbO7ZZ01q0E5fWpy4lj4EwdLRfwzMfRzZ9e4ezrXvdnG2v3A24L4Uc=w526-h296-rw,https://play-lh.googleusercontent.com/UmHUvVA-fLynfE897SDh1NsM1yVUwgWZTaFhtavFlVTM69_Dk0kW1yg836tL9aBiW_schw8ftuTidf0Q4jJzkQ=w526-h296-rw
,AI Video Creator - Bloom AI,https://play-lh.googleusercontent.com/BPinQH8r4kXpPyLw-QjznwjgkeMM3L6BwRZVjVxmjei3_4SUrnMxSwsuBfZiISli10My2cUFEcx8hI4VVrSQ=w240-h480-rw,50K+,"Aug 6, 2025",4.4,1.78K reviews,https://play.google.com/store/apps/details?id=com.bivex.beautykit&hl=en_US&gl=US,BIVEX,"Bloom – AI Video Effects & Editor

Bloom is the ultimate AI-powered video effects app that helps you create viral content, apply trending effects, and transform your videos into stunning masterpieces in seconds.

Now featuring Viral Video Effects and AI Video Transformations, Bloom gives content creators, influencers, and video enthusiasts the most powerful tools to create scroll-stopping content—smarter, faster, and more dynamic than ever.

Whether you're creating content for TikTok, Instagram Reels, or Stories, Bloom gives you access to trending video effects and AI-powered editing that makes your videos stand out.

Why Bloom?

Unlike basic filters that simply overlay effects, Bloom uses advanced AI to understand your movement, lighting, and scene composition. Every video effect is intelligently applied with precision—delivering professional results that look cinematic and engaging.

We believe in intelligent video creation. Transform, enhance, and captivate without losing authenticity.

Top Features

1. Viral Video Effects Library

Turn ordinary clips into trending masterpieces. Access a massive library of Viral Video Effects all in one place. Whether it's for Instagram Stories, TikTok, or Reels, apply dynamic AI filters that transform your video's style, lighting, mood, and atmosphere instantly. From cinematic color grades to fantasy aesthetics, create content that gets views.

2. AI Video Avatar Effects

Step into a new reality. Transform your video selfies into stunning digital avatars and fantasy characters. From sci-fi aesthetics to anime styles, explore how you look in different dimensions with real-time video tracking and motion capture.

3. AI Photoshoot Generator

Get the perfect shot without hiring a photographer. Transport yourself instantly into professional scenarios:

* Seasonal Themes: Perfect ""Santa Baby"" or ""Winter"" shots.

* Couple Shoots: Romantic ""Couple Winter Shots"" without leaving home.

* Event Ready: Stunning ""Birthday Shots"" or ""Monochrome Fashion"" instantly.

4. Video Face Enhancement

Look your best in every frame. Smooth skin, adjust facial structure, apply makeup, and enhance features—now works on video with real-time tracking. Maintain your natural expression while looking flawless in motion.

5. Hairstyle Changer (Video & Photo)

Preview different hairstyles and colors on your videos. See yourself with bangs, blonde hair, or a pixie cut in motion. Perfect for planning your next salon visit or creating fantasy content.

6. Body Reshape Tool

Enhance your appearance naturally in videos and photos. Sculpt your silhouette, adjust proportions, and refine your shape with AI guidance—great for fitness content and fashion videos.

7. Outfit & Dress Try-On

Preview fashion styles virtually. AI adjusts outfits to your body shape and pose automatically—perfect for content creators looking to showcase different styles without buying new clothes.

8. Object & Text Removal

Clean up your videos and photos by removing unwanted objects, logos, or background clutter. Keep the focus on your content.

9. Side-by-Side Comparison

See your transformation in real-time. Compare original vs. AI-enhanced versions to ensure your edits remain natural and authentic.

Privacy First

We do not collect facial data or store your content. All edits are processed securely with your privacy in mind.

Download Bloom today and discover the most advanced AI video effects editor on mobile. Create viral content that stands out—without losing who you are.

Privacy Policy: http://bivex.com/ios-privacy-policy","video, effects, content, bloom, videos",https://play-lh.googleusercontent.com/dE0Yb4GRCrbmLDx2TIWusRjBPflMKrrqtv7TyGKn8q8MgzAxx2LSkq8U_NM0s_L3gadCql9IyQh4daBoiXU4=w526-h296-rw,https://play-lh.googleusercontent.com/31m54-ANavYm9BZh5gGYC5GeiuOe4urJIPnpE0cZ3LhYv-1JnVq24uWmwl8qkd6N29wTVSlVUKv1ApNiPOKS=w526-h296-rw,https://play-lh.googleusercontent.com/vepTkeRQTijsJX4jhtgzAnXHAboc4yoQmts3Pb1NjVqOS84XKJBMx7LuvAYgOBh1pblS0_6H4PMb0lyGXa2X=w526-h296-rw,https://play-lh.googleusercontent.com/o1zriATqvZf6ws5joHYWm7nEwQYngNtRuoWgb6lgYSrgzYoINmJC9KuDFx0vAb7XZvsElshlXq1hTbfmBgdWCw=w526-h296-rw
,Alarm Clock For Heavy Sleepers,https://play-lh.googleusercontent.com/3BXqe0OPllzFbLNwomfTtxeLIB8XBoyzVRO2kSb8SpTwNLaxYU3-i3oFKxaiWgzrNX0=w240-h480-rw,50K+,"Jul 10, 2025",4.3,729 reviews,https://play.google.com/store/apps/details?id=com.nbow.alarmclock&hl=en_US&gl=US,Nbow Developer,"⏰ Wake Up on Time - Every Day

Wake up on time every day with the most reliable alarm clock for heavy sleepers with wake-up challenges. Whether you're someone who sleeps through multiple alarms or struggles to stay awake in the morning, this alarm clock is built for you. From powerful sound to task-based dismiss features, it's more than just a morning alarm clock, it's your personal wake-up assistant.

This intelligent alarm app helps heavy sleepers avoid the snooze trap. It is designed with various challenges to make sure you are alert before the alarm ends. You’ll be surprised how effective it is once you set it to match your sleep habits. From mental math to barcode scanning, every feature is created to push you out of bed.

🔥 Powerful Wake-Up Challenges That Work

One of the key reasons this is the alarm clock for heavy sleepers with wake-up challenges is because of its smart and unique dismiss methods. Here’s what’s included.

🔢 Math Challenge

You’ll need to solve math problems before the alarm turns off. Select the right answer from a dropdown. Choose your difficulty level and the number of equations. It's perfect for those who want to wake their brain as soon as they open their eyes. If you like apps that let you solve math to stop alarm, this one is built for you.

⌨️ Rewrite Challenge

You’ll see a long, hard-to-type sentence on your screen. Type it exactly to stop the alarm. It's tough when you’re half asleep, which makes it extremely useful for waking up with attention.

📷 Barcode Challenge

Scan a physical barcode you saved during alarm setup to disable the alarm. Use a shampoo bottle, book, or anything that’s not within reach from your bed. This makes it a true barcode alarm with scan feature, and one of the most effective tools to force physical movement in the morning.

🤳 Shake Challenge

This shake alarm with time feature requires you to shake the device for a set duration. It helps activate your body and build momentum to start your day.

🧠 Memory Challenge

Find all matching icon pairs in a game-like setting. This turns the app into a deep sleep alarm clock with memory games, giving your brain a workout while waking up.

🟦 Sequence Challenge

Repeat the exact pattern of shapes shown to you. You must follow the sequence correctly to stop the alarm.

Motivational Video challenge : Add motivational song or video to challenge for wake up with goal reminder.

🚨 Why Choose This Alarm App

- This is not just another alarm app. It’s the most effective alarm to wake up, even during deep sleep.

- This is also an annoying alarm with custom challenges, but in the best way possible. It’s annoying only because it won’t stop until you’ve actually woken up. That makes it the powerful alarm clock you’ve been looking for.

- It’s a very loud clock for morning wake up with features to back it up. The volume and sound settings make it the loudest alarm clock in your phone. It’s perfect for people who ignore low or medium-volume alarms.

- If you're someone who prefers structure and routine, the app helps you manage your sleep time with alarm scheduling. You can choose specific days, set recurring alarms, and assign challenges per alarm.

- The app also functions well as a wake up app for heavy sleepers thanks to the combination of features. From the intelligent alarm with wake-up challenges to the unique dismiss methods, everything has a practical use.

- Even if you need an annoying alarm with math challenges or a simple alarm clock loud, you’ll find exactly what you need in this app.

🌅 Designed for Real Mornings

We understand that mornings are difficult. Especially for deep sleepers who ignore the first few alarms. This app is tailored to handle that. It’s your alarm for heavy sleepers and comes with options that match your needs.

Don’t let sleep take over your schedule. Get the alarm clock for heavy sleepers with wake-up challenges that finally works.

Download now and start your day the right way, every day.","alarm, clock, its, challenges, app",https://play-lh.googleusercontent.com/eoePM35QeelNziJGPlzAaDP8f6RGPEIe1uV5bSvbLCo_CQOVvGStmmsRYP5W-iWkg4pA=w526-h296-rw,https://play-lh.googleusercontent.com/nK5IWow-mFFSTsNwTGd_HgOUpnLj0wP4CtCLgYzIGDnquG-eTLu75J5o7UFvNLTn3Vk=w526-h296-rw,https://play-lh.googleusercontent.com/Q_Pm_hhFF5nZs7Hk-yyDgPGtCcnU_ez4K6zHBKxhvnq6UbP_RlE33bNfr67VSI5eBw=w526-h296-rw,https://play-lh.googleusercontent.com/fRckd4ld_bvEtSWRs_rtD88bQ96C3DNlKSQgYLxk57jGYFyUNEDZ8f1gs2_esa4cxTxu=w526-h296-rw
,All Cleaner - Phone Cleaner,https://play-lh.googleusercontent.com/jrCLaMu65cJfYExjGV3yrgaurzlELVX19LvYWx9-UJ7MnQJ-10sXYAA1V0-kq3GCmSDRGIT6WcttxZW4Dc3f=w240-h480-rw,50K+,"Aug 4, 2025",4.4,88 reviews,https://play.google.com/store/apps/details?id=com.es.all.cleaner&hl=en_US&gl=US,ESTRONGS LIMITED,"ALL Cleaner - All in one Phone Storage Cleaner is an excellent and comprehensive phone cleaning app. If you're running out of space on your phone, you can try out features like Fast Space Cleaner, Deep Cleaner, and Photo Cleaner to clear unnecessary space. You can also use the file management feature to manually organize and delete files you don't need.

Key Features:

Junk File Cleaner

Automatically scans and removes residual files, cache data, and system junk that accumulates over time. Our smart algorithm identifies unnecessary files without affecting important data.

Deep Cleaner

Phone storage full? Deep Cleaner comprehensively analyzes your storage usage, clearly showing which files are taking up space. Duplicate file cleaner helps you list all duplicate files, allowing you to select and keep only one file. Large file cleaner helps you find files taking up a lot of storage space, if you no longer need them, easily save a lot of space. There are also visualization tools like App cache, recent files, and redundant files to help you delete more unnecessary space-consuming files.

Photos Cleaner

Too many photos and not enough space? You can try similar photos cleanup to remove redundant similar photos. There's also blurry photos cleanup to help you find out-of-focus photos and delete these invalid ones. You can also find screenshots and duplicate photos to further save space.

Disguised Files

Some apps disguise cached images or videos as other formats, making them undetectable and undeletable. ALL Cleaner can find them, helping you reduce this unnecessary space consumption.

Find Hidden Files

Files prefixed with ""."" are hidden. ALL Cleaner can help you find these hidden files and see which hidden files are taking up storage space.

File Manager Pro

Organizes all your files with intuitive categorization. Quickly locate documents, media, and downloads with our enhanced search function.

App Control Center

Manage all applications in one place: batch uninstall apps, and analyze app storage usage with detailed statistics.

Why Choose ALL Cleaner?

✓ Lightweight design with zero performance impact

✓ Real-time storage monitoring dashboard

✓ Rich and practical cleaning tools

✓ Supports all Android versions from 6.0 and above

Experience the difference with ALL Cleaner - the smarter way to keep your phone running like new.

Disclaimer:

* All information will be kept secure by the privacy and cookies policy.

* None of your personal data, username, or email address is stored or processed.

Privacy Policy Link: https://www.estrongs.net/all-cleaner/privacy-policy

Terms of Use Link: https://www.estrongs.net/all-cleaner/terms-of-use

ALL Cleaner - AI Phone Cleaner is a helping tool to maintain device performance. If you have any questions or concerns, feel free to contact us through email.","cleaner, files, space, storage, photos",https://play-lh.googleusercontent.com/rb2VuyD5d0Z6QBwAupyvBu2z21Q4oA4upsXKCKhyVO10bjUF8DcTenXHKSW9u5beX8p0u3FDsxRUL3GNwvPP=w526-h296-rw,https://play-lh.googleusercontent.com/GmHdfjfl-STLbKv_55wsSEN2RQk7ZvXUY4NhTbJpsN8ARSOMfqDJ9nzX0O7P-YQtSnIFutlLhuJhBiIxWFr3=w526-h296-rw,https://play-lh.googleusercontent.com/ysfh5o9iKdb2cPYySqYeo07FkSgCZqeqN-8SHb-6n1SBWJEXn9e_vVyMl2xpgI__FQ6COVVNLIhueqbnF8d9zA=w526-h296-rw,https://play-lh.googleusercontent.com/TqmrOIEMZveWGv_DbzYqFUSF-a_AgAAvGLw7v9-Lq91m2QOuEtRLlgVTw3qv3qQFshU7W2vRsWcfOq-MnTlH5sI=w526-h296-rw
,All Document Reader & Editor,https://play-lh.googleusercontent.com/3iqb0doBxc67eJ7p-hCo1AFWPtT9tXOc6eTtXS4Vq8_1aINMEep-R0IjYkWoPBdEGN8q0YqMOVUUlZU5t_JH=w240-h480-rw,5K+,"Nov 25, 2025",N/A,N/A,https://play.google.com/store/apps/details?id=com.all.document.reader.editor&hl=en_US&gl=US,AppeZay,"🚀 Document Reader & Editor: Complete Office File Viewer and Processor

This is the perfect app for mobile document processing. Our all-in-one file viewer and editor helps you read and manage all your office files easily, including DOC, DOCX, PDF, PPT, PPTX, XLS, and XLSX. This robust app is designed for high productivity, making it an essential mobile tool for every user.

The All-Docs Mobile Document Reader and Editor

This app functions as a complete document reader and document editor. With support for all docs formats, you can read and edit every type of document on your mobile device. Forget juggling multiple applications—this office app handles it all.

Document Viewer & Editor: Full support for text files: DOC, DOCX, and DOCS. Easily create a new document, edit an existing document, and read reports.

Spreadsheet Processor: Open and edit XLS and XLSX sheets for data management. This app gives you the perfect way to analyze data on your mobile phone.

Presentation Maker & Reader: View PPT and PPTX slides. Use the app as a reliable presentation reader and maker on the go.

PDF Reader: A fast and simple lector and viewer for every PDF file.

Advanced Document Processing Tools and Utilities

This is not just a document reader; it's a powerful document processing toolkit, giving you more ways to edit and manage your documents.

File Converter Suite: Easily convert all your documents to PDF. This includes converting Word to PDF, Excel to PDF, and PPT to PDF.

PDF Management Tools: Sign PDF documents, compress PDF file size, and merge PDF documents.

Productivity Tools: Start instantly with premade templates for your document, sheets, and presentation app.

Photo Maker: A unique tool to create perfect passport photos directly within the app.

Download this document editor and viewer today! Get all the document tools you need for your mobile office.","document, pdf, app, reader, editor",https://play-lh.googleusercontent.com/66kzoaBVF48fRmiJgi3UU2n5Ub07aYGEOuqOgvrGoCAS6K1nX7CY6tGTskYkumZnie5-FXYtV0vs_vxQZQ4Ztg=w526-h296-rw,https://play-lh.googleusercontent.com/Wr6OyGvWxIFjYUaMQIqJEpZbX1VfG_v8cvty9xKl8KbA01NaDj0o63UiGfdx2--e8L7vBIxxEdyswoJ2NTRq=w526-h296-rw,https://play-lh.googleusercontent.com/61jxz0SYENL6YKGzgrzUDE8MdS76llveyGY6NAldCavnsbqGcvWNaKQYO0TCyGyqZ4N2E22liFNrFERb4Udh=w526-h296-rw,https://play-lh.googleusercontent.com/8V0VbqvQgVGFffjBKGNX0Wt8w4OwkxF_8wUqgB0_k_QahzlVWwE-alktg_pMdIAeHjqP2wnxtrWF9xVLeV0DjA=w526-h296-rw
,All File Recovery,https://play-lh.googleusercontent.com/Oo-K8XEPf_eoMqx9Js1W1T43guXKtD7FztpChYj6V4qBu5RkyUnFhl2hQqlUmbBc0do=w240-h480-rw,1M+,"Jun 12, 2025",3.6,3.69K reviews,https://play.google.com/store/apps/details?id=com.all.filerecovery.image.video&hl=en_US&gl=US,DEVONECRYPTO,"File Recovery Features:

Supports recovery of various file types.

Photo & Video Recovery

Scan and recover deleted photos and videos — ideal for retrieving lost memories or important visuals.

Audio and Document Recovery

Recover audio files and a wide range of documents with ease.

File Backup

Securely back up your files to prevent accidental deletion or unexpected data loss.

Download our app now to safely back up your files!","recovery, file, files, recover, audio",https://play-lh.googleusercontent.com/XJk0ZpGvH4u47izE3_zRGQ_K9XSFBeuuXQdyK7Z7OVk0gHqrXlRmIXsb53cW9kbXsL8=w526-h296-rw,https://play-lh.googleusercontent.com/CUIjWcN_k9vyoxja0FEMkK0dn7iwsThnSPt-xaVB-8biLfjkGbchGi3Omyvc92xz4JOd=w526-h296-rw,https://play-lh.googleusercontent.com/XkNNqAlv37_V2IwxIILWXlYw_Br16TSCw7WZcnwbugGZX9DmF_6NG3OB3pdyBIjUhlQ=w526-h296-rw,https://play-lh.googleusercontent.com/TgXdZON40f7BDyxcwdK_W4kLDe5rKVahq9Xq_7Djj181Ckh9HDEi9bOYT9hZ6tcQh24=w526-h296-rw
,Antiques Analyzer,https://play-lh.googleusercontent.com/sXUfFsMIwrsz4r6aqBIee48H-oMa3Z0GekozMYp7F2XX5w4foj2ykmvF9raEU3IsBTuIkYlcvGIYnzSu-6KWLA=w240-h480-rw,5K+,"Sep 16, 2025",4.2,63 reviews,https://play.google.com/store/apps/details?id=com.otoole.antiques_analyzer&hl=en_US&gl=US,Chalupin,"Discover, Identify, and Value Your Treasures with Ease

Unlock the history and worth of your collectibles with a single photo. Our app is your personal antique appraiser, powered by cutting-edge AI technology to instantly recognize thousands of antiques, vintage items, and historical artifacts. Whether you're a seasoned collector, a curious hobbyist, or just found something interesting in your attic, we make antique identification and valuation simple and accessible.

Key Features:

•
Instant Identification:
Snap a photo of any item—from vintage furniture and porcelain to coins, jewelry, and paintings—and get immediate identification. Our powerful visual recognition engine does the detective work for you, providing the item's name, origin, and time period in seconds.

•
In-Depth Valuations:
Get an estimated value for your items. Our appraisal tool compares your find against a vast database of historical sales and current market trends, giving you a clear sense of its worth for auctions, sales, or personal knowledge.

•
Rich Historical Context:
Beyond just a name, discover the story behind your antique. Learn about its provenance, historical significance, cultural context, and the materials used in its creation. Every item has a story, and we help you uncover it.

How It Works:

Snap:
Take a clear photo of the item you want to identify.

Identify:
Our AI instantly analyzes the image and finds a match.

Explore:
Receive a detailed report with an estimated value, historical background, and key details.

Stop wondering and start discovering the true value of your finds. Download today and turn your smartphone into a portable antique expert!","historical, value, our, antique, identify",https://play-lh.googleusercontent.com/VFxLFJ72dJ8tQU0cdclvCgHOJGvqtO3QNDGnIIjQ6iW2J6-1P0uoxWYn5ZrZJqWgMkdMXhmm4LgWTMsqacxTKQ=w526-h296-rw,https://play-lh.googleusercontent.com/wpnggtoQuDXIxBt8m4ullTtvcIMIHtlspltyxOTKlosg7UkfSl2aC4B5tq4zRbrz2eZEDFiXykebWqtVg6RslQ=w526-h296-rw,https://play-lh.googleusercontent.com/hOltq3qFJbpBHyOgRwDPn9U1ycgx85DIahCYFh_6gRBPNgZL8LINP9aVTnq3POI_Hh9a_Pd-7EVMWumPGPGEea4=w526-h296-rw,https://play-lh.googleusercontent.com/a07qr8GxqQOW8DC1EaSYrq2NuRHpaExtd98JPDmN6o_NQqfcajkJihXKqhaQhJvwf9cU33Ay0z4VndUl_ZsrYw=w526-h296-rw
,AR Ruler: Tape Measure Tools,https://play-lh.googleusercontent.com/14_NGO85sgD34WMQzvDR5V7yCjQiMb4j2YlJLZn_OFDGAYobZXAdM6xbuGQu_C0-4uum4hfgMACwpTc58_Zt=w240-h480-rw,50K+,"Jan 12, 2026",4.1,634 reviews,https://play.google.com/store/apps/details?id=com.starnest.arruler.ruler&hl=en_US&gl=US,Starnest JSC,"📐 AR Ruler: Tape Measure Tools anything with Your Camera

AR Ruler: Tape Measure Tools is a powerful AR measuring app that turns your phone into a smart tape measure, ruler, and protractor using Augmented Reality (AR) technology.

With this camera measurements app, you can measure distance, polyline, circle, rectangle, height, angles, area and perimeter directly in the real world quickly. Like Measure the dimensions of boxes, suitcases, household items: tables, cabinets, doors, floors and packages to estimate product sizes with various shapes, reduce size discrepancies during shipping and home renovation.

AR Ruler: Tape Measure Tools is ideal for home renovation, DIY projects, construction, interior design, engineering, and everyday measuring tasks.

⬇️Why Choose AR Ruler?

_Convenience Augmented Reality measurements app

_Easy-to-use camera ruler

_Replace physical tape measure, ruler, and protractor

_Perfect for professionals and everyday users

_Works anytime, anywhere with your phone camera

📏 Tape Measure Distance, Height & Length with AR Ruler

_Use your phone camera to Distance Measurement  distance, width, length of any object in your life like the length of sofas, tables, cabinets, TVs before purchasing, ceiling height, door width, and distances between objects. Suitable for renters, quick decorators, and those who don't need bulky tools.

_This makes AR Ruler a reliable distance measuring app and height measurement app for daily use.

📐 Tape Measure Angles

_Angle Measurement / Augmented Reality Protractor  Measure angles between two lines or surfaces.

_Adjust measurement points easily.

_Real-time angle updates in degrees (°).

_Perfect for construction, tiling, furniture placement, and engineering checks.

_ For learning & education: Students measure real objects to understand geometry and spatial reasoning, creating a visual and memorable learning experience.

📐 Tape Measure Area, Perimeter & Shapes

_AR Ruler supports advanced shape measurement tools

_Polyline Measurement  curved paths and multi-point lines.

_Rectangle Measurement width, height, area, and perimeter for the door and frame.

_Measure the radius, diameter, circumference, and area of ​​your new desk or measure drilling distances, hanging pictures, and installing shelves. Check straightness and relative height to avoid measurement errors and redo work.

_These tools make Augmented Reality Ruler a complete area measurement app and perimeter measurement app.

💡 Smart Camera & Augmented Reality Features

_Automatic surface detection

_Flash on / off for low-light environments

_Zoom-in precision view for accurate point placement

_Real-time AR guidance for better results

🔄 Multiple Measurement Units in Augmented Reality Ruler

Choose the unit you prefer:

_Millimeter (mm)

_Centimeter (cm)

_Meter (m)

_Inch (in)

_Feet (ft)

_Yard (yd)

_Change units anytime — all measurements convert automatically without losing data.

📸 Capture & Share Measurements Quickly with Augmented Reality

_Capture screenshots with measurement overlays with camera measure

_Save results to your device

_Share images via social apps, email, messages and more

📂 Augmented Reality Ruler Organize Measurement Files Easily

Manage your measurement projects with ease:

_Create and manage folders

_Rename, move, and delete files

_Grid view & List view

_Search files and folders instantly

_Sort by name or creation date

_Trash bin with restore or permanent delete

_Auto cleanup after 30 days

📐 Download AR Ruler: Tape Measure Tools today and ruler measuring smarter with Augmented Reality","measure, ruler, measurement, tape, augmented",https://play-lh.googleusercontent.com/rSyZq8SL4bh5jhBvHjiK6V52hIbewGXganU9KOKiLqhNSAB1y1VWE0ytCEIzXBxJ-fFmS6YUT376zU6wD-z_YiI=w526-h296-rw,https://play-lh.googleusercontent.com/c1MM23X-PsQsgv8TtbFpRe68WEGVDiAiU6RGPt1rL2VZ1tBPLpdzs5GEKCiHUYnXnIIT4j-u7vPZ6HpeSYnzJ80=w526-h296-rw,https://play-lh.googleusercontent.com/VDeQNfxgPgODr9wYQcf38rN8_7Mor7ZJJeb8iul3ty_deHQ-iyh5w73b4_S3ksxEimWITEBSrlt3i0yvrD2Dtw=w526-h296-rw,https://play-lh.googleusercontent.com/kRkzXQp2F-C5oCZRK2yhIQ64pGLSDVPZ8enTjELNbUoeR6BVxbfRXbxnpCq3GDYZZ9_oO9QVKNhUgnby1mqh47c=w526-h296-rw
,Audio Editor & MP3 Editor,https://play-lh.googleusercontent.com/6e2CuJHXyUMdG7v8EurzNI93ytD6D2W0gax02LPklSvy5y-EifeSKeMqpxZImwzJfaoxAPqHz4hHFWJk2hie=w240-h480-rw,500K+,"Jan 30, 2026",3.8,11.8K reviews,https://play.google.com/store/apps/details?id=com.jkgg.convert.app&hl=en_US&gl=US,CamSoft AI Magic,"Audio Editor & MP3 Editor is more than just an app for extracting audio in various formats from videos of all types—it’s also a powerful audio processing application. It supports lossless conversion of numerous audio formats, volume and speed adjustment, audio merging, audio trimming, audio extraction from videos, and audio noise reduction.

Key Features

【Audio Trimming】Professional trimming precise to the millisecond; import audio from your local music library, customize the trimming range, and edit and create with the clipped audio.

【Audio Splicing/Merging】Easily merge multiple audio files, splice and edit audio tracks to create your desired music file.

【Audio Extraction】Extract audio in MP3 or other formats from short videos, instantly converting video music videos into audio files.

【Format Conversion】Supports conversion between a variety of audio formats including MP3/WAV/AAC/FLAC/M4A/WMA; custom selection of sample rates (96000/44100/32000/22050) is available.","audio, formats, videos, trimming, music",https://play-lh.googleusercontent.com/9505iU26Zzmdp43lkmFSsatfKi25ZweGDMcEC9DfJ8DTMeDU6BgDWiornrUbNLEVX-gUQuqSkje5CL77RL8dJg=w526-h296-rw,https://play-lh.googleusercontent.com/KppruiKCCHwyqzTPG7rFWXb1lC-E4l0deIXRQjNlQCG8uFKgCp0HltxJZYK4Af4Wz2996Bq9YHe-glCd9Iq1O0M=w526-h296-rw,https://play-lh.googleusercontent.com/IBlRiCns4WaCT1PMxALER2dyZ5lqnKNejVA1lH1Yff3viBI-aXALrUz6IahrNz5o8sCRJJGFZ6mygCxHgd9oRQ=w526-h296-rw,https://play-lh.googleusercontent.com/o1TEVO7z-hwJFUVgdxcV7pt18EYkpLu_DpDcy-Xi8AcDiVrhGRbHzmpdzx3mK5UfOW4u5Ow5VA52d6OuWKSUyCw=w526-h296-rw
,"Audio Editor: Cut, Merge MP3",https://play-lh.googleusercontent.com/DtD3B83Xs3bv2h-BSt2iC9rpc3C_WEWwsy5plUSPy1Tl4dod4FvQq1SxYfilOnccTt0TgzyiK3v36lfX2JA9JA=w240-h480-rw,5K+,"Mar 31, 2026",N/A,N/A,https://play.google.com/store/apps/details?id=com.vidmp3.audioeditor.mergeaudio&hl=en_US&gl=US,quoctruong766,"Audio Editor: Cut, Merge MP3 – The Ultimate Audio Editing Tool

Looking for a simple yet powerful audio editor?

Audio Editor: Cut, Merge MP3 helps you easily edit, cut, merge and convert audio files right on your phone.

🔥 Key Features:

✂️ Trim & Cut Audio

* Cut your favorite part from any audio file

* Precise editing with easy-to-use controls

🎬 Video to MP3 Converter

* Extract high-quality MP3 from any video

* Fast and smooth conversion

🔗 Merge Audio

* Combine multiple audio files into one

* Perfect for creating mixes or ringtones

🔄 Audio Converter

* Convert between formats: MP3, WAV, M4A, AAC

* Flexible and fast processing

💾 Save & Export

* Save edited audio in high quality

* Easy sharing and management

🎯 Why choose Audio Editor:

* Simple & clean UI

* Fast processing

* Supports multiple audio formats

* No complicated steps

Whether you want to create ringtones, edit music, or convert audio files, this app has everything you need.

Download now and start editing your audio like a pro!","audio, cut, mp3, editor, merge",https://play-lh.googleusercontent.com/C1VE6PcikHjp4n9bHwbZWdroiivmRIIpwz2xbboiu2IaiKVyhXpU_-MyjX-8cZefi3xdAbeJrWSgr1sTDVUK=w526-h296-rw,https://play-lh.googleusercontent.com/0aAC-QeHOO0zolJheljs2WxmYMjl_tJt5uTKFzysMBXuVR58eTsuzXoHeLTRdW94ZNHmas23aap4t0eHuy1uaAA=w526-h296-rw,https://play-lh.googleusercontent.com/VSLF4_h-Xk0_GWfyioSytJHz1oQTz_J24_34xHjbQqrZiax2uUCphioyk2x4GnlzxhXO33aGgPq9qb3XSgRP=w526-h296-rw,https://play-lh.googleusercontent.com/eMgiAUkurniExcavt1vDNholXSHqN0914NHHCo_sOKydKaKaN2z4gmJo6P3pC7ggGomi88rpJSguUKV6ByBU=w526-h296-rw
,AudioX - Audio Editor & AI,https://play-lh.googleusercontent.com/pD5fECdd8Bv3Skg6DaA1ExH99hp_Kgotx1TyTczqi_CBrm4ZMusV6P_xspoqk8ht3t_B6b4W8ZhAUf5W4xd_=w240-h480-rw,5K+,"Aug 21, 2025",3.2,28 reviews,https://play.google.com/store/apps/details?id=com.aicareles.audiobox&hl=en_US&gl=US,LLTech,"AudioX - Professional Audio Processing & Music Editor

Transform your audio files with the most comprehensive audio editing app! Audio Editor is your all-in-one solution for professional audio processing, music editing, and sound manipulation.

KEY FEATURES:

Audio Compression - Reduce file size while maintaining quality

✂️ Audio Cutter & Trimmer - Precise audio cutting and trimming tools

🔗 Audio Merger - Combine multiple audio files seamlessly

🔄 Audio Converter - Convert between MP3, WAV, AAC, FLAC, M4A formats

🎬 Video to Audio Extractor - Extract audio from video files (MP4, AVI, MOV)

🔇 Noise Reduction - Advanced audio denoising and cleanup

🎭 Voice Changer - Fun voice effects and pitch modification

🤖 Text to Speech (TTS) - Natural AI voices (male & female),Adjust speech speed and pitch

🎤 Vocal Remover & Isolation - AI-powered vocal separation and background music extraction

🎼 Background Music Extractor - Extract instrumental tracks from any song

📱 Ringtone Maker - Create custom ringtones and notifications

🎚️ Audio Equalizer - Professional EQ for perfect sound

🚀 WHY CHOOSE AUDIO EDITOR?

✅ Professional Quality - Studio-grade audio processing algorithms

✅ Fast Processing - Lightning-fast audio editing and conversion

✅ Easy to Use - Intuitive interface for beginners and pros

✅ Batch Processing - Edit multiple files simultaneously

✅ No Quality Loss - Maintain original audio fidelity

✅ Offline Editing - No internet required for audio editing

✅ Multiple Formats - Support for all popular audio/video formats

🎯 PERFECT FOR:

Music producers and audio engineers

Content creators and podcasters

Social media influencers

Students and educators

Anyone who works with audio files

📱 SUPPORTED FORMATS:

Audio: MP3, WAV, AAC, FLAC, M4A, OGG, WMA, AIFF

Video: MP4, AVI, MOV, MKV, 3GP, FLV

🔥 POPULAR USE CASES:

🎵 Create karaoke tracks - Remove vocals to make karaoke versions

🎼 Extract background music - Get instrumental versions of songs

📱 Create ringtones from favorite songs

🎙️ Extract audio from videos for podcasts

📦 Compress audio files for sharing

🔊 Clean up audio recordings - Remove noise and enhance quality

🎛️ Merge songs for DJ mixes

🔄 Convert audio for different devices

🔇 Remove background noise from recordings

🎭 Change voice for fun videos

🎤 Isolate vocals for remixing and sampling

Download AudioX now and experience professional audio editing on your mobile device! Perfect for music editing, audio compression, sound editing, audio conversion, vocal removal, and karaoke creation.","audio, editing, music, files, professional",https://play-lh.googleusercontent.com/gmvtH3Af5xh-qk1O5yO0CJhDLwQhNREOgeeAMktTsyOnezmFFd26OZaAs5Ks9w3djK60jvZ2Ee3of6bIwoRyeFc=w526-h296-rw,https://play-lh.googleusercontent.com/4eMtjeogOv9HktwVdrQ5ekotjjqHzDj5xMor-0YWTm3w6429hmwm-2s7pO12zFA6iXAF8yvn4RfSw2KWDk9bNw=w526-h296-rw,https://play-lh.googleusercontent.com/zH0ya75jvN3_YEsMnA0v-KTdOOXN9slnFixn8lQyHeNuC3z6ZOFBJ9zOdPL_DCnOQ85Qzf-wt8R0f1qN8V6N6A=w526-h296-rw,https://play-lh.googleusercontent.com/W3-Fze-r6kgYQk-n0xWL4AwFupzPUiSAtbWRDrWIS7oI48o8YOEK0W8ClfnjPGxtmryUZpDLgH3Hr_QQWZa29w=w526-h296-rw
,Battery Charge - Power Meter,https://play-lh.googleusercontent.com/g7RJs22kq2liNgnHnBv5z4dPwc2mvhW7z2ddoqtNFFFNTNWqH59DN3pqlPterXvRIx5lqInXx1F9I7-00vKsOA=w240-h480-rw,5K+,"Jan 19, 2026",N/A,N/A,https://play.google.com/store/apps/details?id=ovh.oft.chargemeter&hl=en_US&gl=US,FaitAuJapon.com,"🔋 Measure your real charging power

Battery Charge Power Meter helps you understand exactly how your phone is charging by displaying real-time charging and discharging power in watts.

Whether you are using a fast charger, a standard USB port, or wireless charging, the app shows what your device is really receiving.

📊 Real-time charging monitoring

- Track all essential charging data in real time:

- Charging or discharging power (W)

- Electric current (mA / µA)

- Voltage (V)

- Charging status (charging or not)

- Charging mode detection: slow, normal, or fast

- USB or wireless charging detection

📈 Power history and analysis

Visualize how your charging power evolves over time with a live power graph showing the most recent seconds.

This allows you to:

- Identify unstable or inefficient chargers

- Compare different chargers and cables

- Detect power drops caused by overheating or poor connections

- See the maximum charging power reached during a session

🔔 Background monitoring

Keep monitoring your charging session even when the app is not open thanks to an optional persistent notification.

Perfect for long charging sessions or quick diagnostics without keeping the app on screen.

🎨 Clean and intuitive interface

- Modern and minimalist design

- Light and dark mode support

- Easy-to-read values and charts

- Optimized for phones and tablets

🔐 Privacy-friendly by design

- No account required

- No personal data collected

- No tracking or analytics

- Works fully offline

✅ Ideal for

- Testing fast charging performance

- Comparing chargers, power adapters and cables

- Diagnosing slow or unstable charging

- Battery and power enthusiasts

- Anyone curious about how their device really charges

Battery Charge Power Meter gives you clear, precise and real-time insight into your phone’s charging behavior.","charging, power, battery, realtime, fast",https://play-lh.googleusercontent.com/XCn_djcenfBHDEimSO5D_TYC58vOAkjcldHEWtB1nHcCTXwibCdnbwu-skLNou8glkAAb3lUmEd_R97-xoL2HMI=w526-h296-rw,https://play-lh.googleusercontent.com/ZLiGy_l30lRvzxxn2ynblAv5k_KkLXQDxoVgBF6HF5BBsMikY4uHlplVzg42C5vSM7SJFDLu4cqDGGcqVpPDtTk=w526-h296-rw,https://play-lh.googleusercontent.com/I8Xwqtz7L7C8Lx2661Kx3ComYE85VRgL2VBDYh-e2XrvTsTu1KM0iNFiQ_1eEKwhnCsLc97mmWI4xlcJBmKxJw=w526-h296-rw,https://play-lh.googleusercontent.com/7Q7_kbZSiMRo4C8Ha-_AoYL5AIwULxoUhAhf_9zHq9Uq_CSf2taL24ihVd0yK4CpTjy1kHp2N5l1Bxo_Azjs=w526-h296-rw
,Bulk File Renamer,https://play-lh.googleusercontent.com/9nLZz2pQVhqXyCOxsbGjkJ867puJkJs6KPbLvewsEYYsM_SMDgHygoCsxl43m46LtqFRinEhjC0eU9aqRENV5YM=w240-h480-rw,5K+,"Oct 8, 2025",3.7,81 reviews,https://play.google.com/store/apps/details?id=xyz.bytedz.renamer&hl=en_US&gl=US,BYTEDz,"Too many messy filenames and scattered folders? Smart File Renamer & Organizer helps you rename, organize, and manage files effortlessly — all offline and with total control.

✨ Whether you’re cleaning photos, sorting videos, or managing documents, this all-in-one file manager and renamer makes it quick and reliable. Handle thousands of files in seconds with powerful, rule-based operations.

⚙️ Key Features

• Batch Rename – Process large folders of files at once

• Replace & Clean – Fix symbols, spaces, or unwanted characters instantly

• Text Editor – Add prefixes, suffixes, or insert text anywhere

• Case Converter – Change filenames to UPPERCASE, lowercase, or Title Case

• Numbering – Add automatic numbering for photos or project files

• Date & Time – Insert creation or modified dates into filenames

• Folder & Size Info – Add parent folder name or file size for clarity

• Conditional Logic – Rename based on filename or metadata patterns

• Extension Fixer – Correct or standardize file extensions

• Smart Conflict Handler – Avoid duplicate or invalid names

🧩 Extra Tools

• Folder Consolidation – Merge scattered files into one organized location

• Duplicate Finder – Detect and remove duplicate files safely

• Image Optimizer – Compress and resize images to save storage

• File Organizer – Automatically sort files by type, date, or folder

💡 Why You’ll Love It

• Works 100% offline – no internet or risky permissions

• Fast and lightweight – optimized for large batch operations

• Professional yet simple – ideal for photographers, students, and creators

• Acts as both a file renamer and lightweight file organizer

Stop wasting time renaming files manually. Download Smart File Renamer & Organizer now and take control of your digital clutter! 🚀","file, files, renamer, organizer, folder",https://play-lh.googleusercontent.com/vc9esOMsToE4jG5p2W-GVYFbpeip-6JtqlF53-_vU5i_Mf958nqzZgJ-RksGOp9XFawVfgslqrqNWz7jnRdW=w526-h296-rw,https://play-lh.googleusercontent.com/XE5uqvbI2UMCKHzvEsOK9-xyz-x3buVWCQi8lzjMl-PgxJsZXDtyXALx17coSzmeo3-udHlHke5UHYV9AWOwCoc=w526-h296-rw,https://play-lh.googleusercontent.com/3yrg7aoOOW_ryLhMP3N1uSMnVDREXq-xRC9xDbaPK3zzxRoGSecpz_Jvk-SDa6HT3AofT772a6Z0_G18aUoNyg=w526-h296-rw,https://play-lh.googleusercontent.com/VkXufScY21TsendEJ7-XrDUKCZREjggNZ-WyqB48pCeBa8qlCH4EDLC25t2Kr8MVL-v2-8uJKCJDbzCL8XlM3w=w526-h296-rw
,Captions AI - Auto Captions,https://play-lh.googleusercontent.com/AkiLqIt1Wzjt632JmcDwYCLrKsqxntIUZVm5lkSiRyOcxKI7FmLaJ6xWTmMnuASQYw=w240-h480-rw,50K+,"Dec 26, 2025",4.6,1.74K reviews,https://play.google.com/store/apps/details?id=captions.ai.videoeditor&hl=en_US&gl=US,Music Video Editor with Effects & Slideshow,"Struggling with tedious manual captioning? Captune is an easy-to-use and free captions app and AI caption generator that supports major languages worldwide and offers 50+ stunning templates. With industry-leading 99%+ accuracy, our AI technology saves you hours and makes your videos pop!

Whether you're a creator, influencer, or just love sharing videos, Captune instantly generates stunning captions and subtitles that make your content stand out.

Key Features
:

✨
AI Auto Captions
:

•
Auto Captions
: Create accurate video subtitles in seconds with our AI speech recognition.

•
Perfect Sync
: Video captions are perfectly timed with your speech.

•
Multi-Language Support
: Transcribe videos in multiple languages like Hindi, Spanish, French, Portuguese, and more.

•
AI Translation
: Instantly translate captions into dozens of languages with our video subtitle translator.

•
Lyric Video Maker
: Create lyric videos with synchronized captions and subtitles, perfect for music creators and fans.

🎬
Stylish & Customizable Captions
:

•
50+ Caption Templates
: Access 50+ trending templates and viral lyric styles from top creators.

•
Complete Customization
: Edit fonts, colors, size, position, animations, and backgrounds.

•
Custom Font Upload
: Import your own fonts for unique and branded captions.

•
AI Highlight & Enlarge
: Use AI to highlight keywords with colors or make important words larger for eye-catching video captions.

•
Smart Text Control
: Easily add line breaks and page breaks for perfectly formatted, easy-to-read subtitles.

✂️
Powerful Built-in Video Editor
:

•
Trim & Cut
: Quickly trim and cut your videos to the perfect length.

•
Rich Music Library
: Add music from our vast library, upload your own local tracks, or extract audio directly from another video.

•
Advanced Text Editing
: Customize your text with various colors and dynamic animations.

•
HD Export & No Watermark
: Export your videos in stunning HD quality with no watermarks.

❤️
Optimized for Social Media
:

•
Social Preview
: Preview your captioned video on social platforms like TikTok and Instagram Reels before exporting.

•
Optimized HD Export
: Export HD videos perfectly formatted for TikTok, Instagram Reels, YouTube Shorts, Facebook, X (Twitter), and more.

•
Viral Caption Templates
: Use pre-made templates to create trending and viral caption styles effortlessly.

📢
Why Choose Captune?

•
Superior Accuracy
: Achieve 99%+ caption accuracy with our leading caption AI.

•
Effortlessly Simple
: Intuitive interface designed for everyone—no tech skills needed.

•
Lightning-Fast Results
: Get perfectly captioned videos in seconds.

•
Always Fresh
: Regular updates with trending styles and new features.

•
Trusted Globally
: Join our rapidly expanding community of content creators.

🚀
Exciting Features Coming Soon!

We're constantly working to bring you more powerful tools. Get ready for:

•
Live Caption Mode
: Real-time captioning during video recording.

•
Closed Captioning & SRT Export
: Generate and export SRT files for closed captions on any platform.

•
Dual Language Display
: Show dual-language captions to reach a global audience.

•
Smart Text Editing
: Easily remove filler words and fix transcription errors.

Download Captune Now
and start creating stunning, professional-looking captions that captivate your audience!

Questions or feedback? We're here to help! Reach out anytime: feedback@captune.app","captions, video, videos, caption, our",https://play-lh.googleusercontent.com/SzvuL8TmD6rh3HZDdwBDV2MTSG6W66yiCS1T0IFfbU0D4A1xJf-H1fizlK3cN5DFJg=w526-h296-rw,https://play-lh.googleusercontent.com/WwiawRNjV43nPvsLWLORFNYMP2KdEgxrQnn0l46aJn16itJQ2x4LJVgCKT2Y03pmnQ=w526-h296-rw,https://play-lh.googleusercontent.com/-4r-HVB7GMhVjP8lVcu_aug3nlSb1gk8XV62vezEMnIcQg3FmZp0YiI1opmNXBQ_ZFw=w526-h296-rw,https://play-lh.googleusercontent.com/88BD-ZdbgRLnlfqjjGeI-plip98BVo0FneMYXrQ8Xh2xNcttOYi5BzW7cx7ezZMhz64=w526-h296-rw
,Clean Fix Plus,https://play-lh.googleusercontent.com/ZngZBs7Go8Omn_cfSI_OYV3LBgefHiktzL3522AkMjB4Zo3dJBHjhNkWg_XyIjodc04=w240-h480-rw,5M+,"Jun 2, 2025",4.5,54.7K reviews,https://play.google.com/store/apps/details?id=com.cleanfix.fixplus&hl=en_US&gl=US,AppDustBuster,"Clean Fix Plus is a practical mobile phone cleaning software.It supports users to scan junk files, while avoiding important files, clean up mobile phone junk as much as possible, and has an uninstall residual check function, which can scan residual files and help users further clean up redundant data on their mobile phones.

Its functions include:

📱Junk file cleaning: quickly scan the phone, find these junk files and clean them up.

🔧Manage background applications: display background running applications and easily close idle programs.

🔋Battery information check: check the current power and charging status at any time to understand your battery basic information.

✨Simple and easy to use: the application interface is intuitively designed and easy to operate, making it easy for you to get started.

Turn on Clean Fix Plus and enjoy a refreshing and smooth mobile phone experience!","clean, mobile, phone, junk, files",https://play-lh.googleusercontent.com/99Sogwf4ZRDBRezk7JU2glFi9Hr6KY6w9psTjffLIAVtGwSHJal7kArgZ5qo1-F9pWQt=w526-h296-rw,https://play-lh.googleusercontent.com/iOniO_fDDdjhrKQOk5wveinD-Ux_SttzCoKZWsVN1kwxW4THjR8tmanG7zAHgU0HVZ0=w526-h296-rw,https://play-lh.googleusercontent.com/mIN_Alw2aEQduiCR4ZuyX7AbRqMwajq-Jf9hIrU_pJvFzVot2P5MS-PJM9Tsg1xi27Fd=w526-h296-rw,https://play-lh.googleusercontent.com/EATqOAtH0AmQJiFVFX-mWgEmFky4gEtFHnL7Pt34hOhzOgCzSwdsNtCnNy4Q7MCJCXM=w526-h296-rw
,Cleanup: Phone Storage Cleaner,https://play-lh.googleusercontent.com/ch_hRY59cDYlQrI-Utveqytsnu3rsMbhWeZWnX8AFLj4nW-CqA0BGl8EFxkk4Lz8DzEorfag343uFRgVPWCQ=w240-h480-rw,10M+,"Nov 21, 2025",4.3,189K reviews,https://play.google.com/store/apps/details?id=com.storage.androidcleaner&hl=en_US&gl=US,Deep Flow Apps,"✨ Clean Up Your Phone and Free Up Space Easily

Is your phone storage full again? Reclaim gigabytes of space in under 60 seconds. Photos and videos can quickly take up valuable space — but Cleanup makes it simple to organize and optimize your device safely.

With smart tools for photo cleanup and video compression, you can reclaim storage in just a few taps.

🧹 Smart Cleaning and Storage Optimization

Cleanup is an all-in-one phone cleaner that helps you keep your device organized without losing what matters.

It analyzes your storage, finds unnecessary clutter, and helps you free up space intelligently.

📸 Focus on What Matters – Clean Duplicate Photos

No more scrolling through endless galleries. Cleanup automatically detects and removes duplicate and similar photos in seconds.

Its smart AI selects the best shots, so you can clear your gallery safely and keep only the photos you truly want.

With Cleanup, you can:

✅ Instantly detect and delete duplicate photos

🔍 Identify and remove similar screenshots and lookalike videos

🗜️ Compress large videos while keeping high quality

🚀 Enjoy more available storage space and smoother performance

👆 Swipe to Keep or Delete

Manage your photos, videos, and files easily with a simple swipe.

Choose what stays and what goes to maintain an organized phone that’s clear, simple, and clutter-free.

🎥 Video Compression Made Simple

Running low on storage because of large videos?

Cleanup’s video compressor reduces file sizes without sacrificing quality — saving gigabytes of space while preserving your favorite moments.

🛡️ Safe, Smart, and Easy to Use

Cleanup is designed for everyone — simple, intuitive, and safe.

Enjoy a clean, organized phone and optimized storage without worrying about losing what’s important.

📱 Download Cleanup today and discover the easiest way to clean, organize, and optimize your phone.

Privacy Policy: https://static.cleanup.photos/privacy.html

Terms and Conditions: https://static.cleanup.photos/terms-conditions.html","storage, cleanup, phone, space, photos",https://play-lh.googleusercontent.com/nAllcT0UhWH-SUddXHZgZKCwEt_jCe4y5asPdPCierfBr7F0z8RsvINAYJ6HUQCF38dW705RoyVwX2kqIYMimg=w526-h296-rw,https://play-lh.googleusercontent.com/NSeLHmNu0RiHM510awYIb3Nk0yK8s6etC-z2uVu4hjXtD8DGrRoqrVLQUAZb9gyJoL9Ym81ZbnCGqxrm1xRH2A=w526-h296-rw,https://play-lh.googleusercontent.com/rRhmqhBO0Q-SdTXKiq1shKWjltIZ4Bxl7uuOTAZuM9PJmlmNnUFVRGFN3BBTuRvqFGGoXwKrBg8tWbE7RgLf=w526-h296-rw,https://play-lh.googleusercontent.com/NiaYjucIYTyEgrC1bzIfTW308OZhzBuTytHjMFiQG2JHOQqMi_fzTJXRfEf-iPkMXutEPgTJElzd8s8DylHAuLQ=w526-h296-rw
,CleanVoiceAI - Noise reducer,https://play-lh.googleusercontent.com/Z35y2jDFOE1oUBtOSB0Kscy-LkBGEqne8H-r66kwS2QGSfH1odlF6FTEQarrS-APqj1m=w240-h480-rw,10K+,"May 27, 2025",N/A,N/A,https://play.google.com/store/apps/details?id=com.photoappworld.audios.cleanvoiceai&hl=en_US&gl=US,PhotoAppWorld.com,"CleanVoiceAI is an advanced audio noise removal tool designed to deliver crystal-clear sound. With powerful audio tools and multiple parts noise removal capabilities, it allows you to reduce noise from specific sections of your audio or clean the entire recording effortlessly. Whether your audio was recorded using a microphone or imported from your gallery, CleanVoiceAI supports a wide range of formats including MP3, WAV, M4A, AAC, and more. Eliminate background hiss, hum, or static from voice recordings, podcasts, music, and other audio files in just a few taps. Perfect for content creators, professionals, and anyone looking to enhance audio quality with precision.","audio, noise, cleanvoiceai, removal, advanced",https://play-lh.googleusercontent.com/qhyGgh7WKbREz-uNhNoNMZU8QJTMVzaulcComkexZlzWmiVO7hD1FG4gJgjS41WpBw=w526-h296-rw,https://play-lh.googleusercontent.com/JZ0NQM9B0n-i7cW07u3SszenL9nQgEKOmyOmRTZ8Jg1T7qH7Jr5CghZsMbnB0W_MmA=w526-h296-rw,https://play-lh.googleusercontent.com/PY_yGRB9cEyRO_Cs5jpifFYQEys4Sej76OntykC9Frp2st4wK9sP8_gzb9rqjIn0M3kF=w526-h296-rw,https://play-lh.googleusercontent.com/pv4lbzFsnsP0UtBXyDfA30nVm1erSu-EuNZiqXKg_UAR8ZqSSusPexDHMUrtW2_NVPY=w526-h296-rw
,Clipboard History,https://play-lh.googleusercontent.com/MNT-wRgBIu4evejbaOi3fzSF1S12ruDvuzHkIklon_PFqzmX11Nh922IKQ0InIKufFHn_veSZKloyUo_Ag2y=w240-h480-rw,5K+,"Sep 11, 2025",4.3,113 reviews,https://play.google.com/store/apps/details?id=com.droidnova.clipboardhistory&hl=en_US&gl=US,DroidNova,"Clipboard History is a simple, fast clipboard manager that helps you save copied text and keep a clean clipboard history you can search anytime. If you want Clipboard History + Clipboard Manager in one app, this is built for daily copy-paste users.

Android often keeps only the last copied item. Clipboard History makes it easy to keep your important clips available in one place when you open the app. With Clipboard History, you can save, search, organize, and reuse your copied text quickly.

Clipboard History Features (Clipboard Manager)

✅ Clipboard History list with date & time

✅ Search Clipboard History by keyword (fast clipboard search)

✅ Clipboard Manager actions: Copy, View, Edit, Share

✅ Favorite Clipboard History clips (star important items)

✅ Archive Clipboard History clips to keep your list clean

✅ Trash + Restore (recover deleted clipboard history items)

✅ Swipe actions (customize swipe left/right in clipboard manager)

✅ Export Clipboard History for backup

✅ Import Clipboard History from a text file

✅ App Lock (optional) to protect your clipboard history

✅ Offline & Private clipboard history (stored on your phone)

Why users choose Clipboard History

Clipboard History helps you stop losing links, notes, addresses, and messages

Clipboard Manager keeps everything organized for faster copy paste

Clipboard History search helps you find old copied text in seconds

Clipboard History favorites keep important clips one tap away

Best for

• Links/URLs, addresses, emails, captions, templates

• Notes, study points, office text, reminders

• Copy paste workflows: save copied text, reuse copied text

• Anyone who wants a reliable clipboard history manager

Keywords users search (matches this app)

Clipboard History, Clipboard Manager, Clipboard History Manager,

Copy Paste Manager, Copy Paste History, Clipboard Saver,

Save Copied Text, Clipboard Backup, Clipboard Organizer,

Text History, Copied Text Manager, Clipboard Notes

Download Clipboard History now and keep your clipboard history clean, searchable, and ready anytime.","clipboard, history, manager, text, copied",https://play-lh.googleusercontent.com/JCl62PxYwDHOKt2WsOHz5biM6HqdTrszLaEIM2C1FwXqlQLUNjVcpH9wb_No00iMmUjN2JE4PqtWVdyqBog2=w526-h296-rw,https://play-lh.googleusercontent.com/t-8fyMyMHz0Aen4UtdcRbR7firc_-tUm2GyuRIUj34AeAVM5Q5f9dbdZy0ypu2NH3sx02fwPly7i0D_SuGV535Y=w526-h296-rw,https://play-lh.googleusercontent.com/MwY6m-3ZjAp83Ik90Fb0vZqNnlm9RuYuyGSarpkysJZJyy7U38oVR1bfe1r1weGK25zjn0ZaOdgnaCP5KlC9=w526-h296-rw,https://play-lh.googleusercontent.com/_YU8oSBpJReUesi5Qxo3hmBDoT39_-t4Umbhk1jdtTM_VmeQNva5plmznNSYDQ4Ra5QunuZFNBxuu_QRFjnb6w=w526-h296-rw
,Clipboard+: Clipboard Manager,https://play-lh.googleusercontent.com/225sbGL2XlbvukRMUNLOMQRHxvluJgvTNuVn9hcP_qXm091bn-_2VNyF0xzFU7qAPV4=w240-h480-rw,5K+,"Jul 28, 2025",4.0,103 reviews,https://play.google.com/store/apps/details?id=com.codedac.clipboard&hl=en_US&gl=US,CodeDAC,"Auto-save clipboard history & copy paste manager. Floating overlay & widget.

[FULL DESCRIPTION] (1589/4000)

📋 Clipboard+ is the ultimate clipboard manager for Android. Save your entire clipboard history automatically — every copied text and image is captured in real time. As a powerful copy paste manager with floating overlay, Clipboard+ puts your clipboard history one tap away from any screen.

🖼️ IMAGE CLIPBOARD

Save copied images alongside text. Browse your image clipboard history and re-use any image with a single tap.

🔲 FLOATING OVERLAY

A resizable floating panel sits over any app. Access your clipboard history instantly without switching apps — ideal for multitasking.

📌 SNIPPETS & GROUPS

Store frequently used text as snippets. Organize clips into groups for one-tap pasting — perfect for email templates, addresses, and more.

🔍 SEARCH & FILTER

Instantly search your clipboard history by keyword. Filter by text, image, or date to find any clip fast.

📱 WIDGET & QUICK TILE

Add the clipboard widget to your home screen. Use the Quick Settings tile for instant overlay access from any screen.

🔔 NOTIFICATION PANEL

Recent copies appear in your notification bar for lightning-fast paste without opening the clipboard manager.

✂️ CONTEXT MENU SAVE

Save text directly from any app's share menu — no extra taps required.

📤 EXPORT & BACKUP

Export your clipboard history to PDF. Back up and restore your clips anytime.

📄 FREE / FREEPASS / PRO

Free: Full clipboard manager with ads.

FreePass: Watch an ad to unlock Pro features for 24–72 hours.

Pro: Unlimited clipboard history, no ads, all features unlocked.

Clipboard+ — the smart clipboard manager and copy paste tool for Android.","clipboard, history, manager, any, text",https://play-lh.googleusercontent.com/rs0tVdrjm30_hFyVE9eNUCLs3KsSus4AhxAQlOtonE3tx8UAGVG2zesWMIv-VjkvFWcIdASDoMyWRbuFK318Yd8=w526-h296-rw,https://play-lh.googleusercontent.com/gJWUUQzaAf6Ts5Kw4NG4narD35sLpyvEjTNFWwqRCbzns_uTTk7qC0GCDgosyodP8Ztebyg9TcSJ81HlyO69QA=w526-h296-rw,https://play-lh.googleusercontent.com/1zTIDofGsjNdOogyWcx83N3A06JpNtgHIO7WU2IK_W1LS4y6SPwItDtC2N7ZWztT-vjrsoliQKFaLsc48LSXKQ=w526-h296-rw,https://play-lh.googleusercontent.com/NCah5YHbVC2sdGIg4vVj-odEfY9qwXus_xf8wG_nLBvAqBkSWMR8QI164B9i2ZGtQujirQJed-eIWWk2xD2e9A=w526-h296-rw
,Cue - Smart AI Meeting Notes,https://play-lh.googleusercontent.com/hzgNN58sZh3lh1lI2eRYzEGfTe8D64eDCpSTLP3NFgxwDrgVT0-S8Sl9ZeEnfIeBzm9jf9vE-q3ELax1MPE=w240-h480-rw,10K+,"Dec 10, 2025",4.1,571 reviews,https://play.google.com/store/apps/details?id=ai.forty4pixels.voices&hl=en_US&gl=US,44pixels,"Cue – The Hands-Free AI Meeting Note Taker

Stay fully engaged in every conversation without the hassle of taking notes. Cue uses cutting-edge AI to capture discussions - in person or online - and instantly produce accurate summaries, action items, and key information. Whether you’re in a business meeting, attending a class, catching up with friends, or brainstorming on an afternoon walk, Cue ensures you never miss a crucial detail. No distractions—only the information you care about.

Why Cue?

Advanced AI Accuracy

Cue uses state-of-the-art speech recognition and natural language processing to handle multiple speakers and even the most technical jargon —so you always have reliable, high-quality notes.

Automatic Summaries & Action Points

No more wading through endless transcripts. Cue condenses lengthy discussions into concise, easy-to-digest summaries, complete with actionable to-do lists and clear next steps.

Privacy & Security First

Your data remains yours alone. Cue never sells or grants third parties access to your recordings or transcripts. Export, share, or delete your files any time, with total peace of mind.

Hands-Free & Distraction-Free

Focus on the conversation and let Cue do the work. Once you tap to record, it quietly transcribes in the background, ensuring you stay present and engaged.

Search & Ask Questions

Quickly retrieve vital moments or details by searching for keywords in your transcripts. Go deeper with AI-driven queries like, “Which deadlines were decided in Monday’s meeting?” to pinpoint answers without leafing through reams of text.

Flexible Use Cases

Meetings & Conferences: Transform real-time audio into polished meeting notes, complete with speaker labels.

Lectures & Study Sessions: Let Cue be your personal study companion, transcribing and summarising lessons for faster revision.

Creative Brainstorms: Capture every idea and seamlessly compile them into shareable insights.

Professional Interviews & Research: Keep track of critical data when interviewing clients, stakeholders, or subjects for qualitative studies.

Personal Productivity: Record daily thoughts, reminders, or journaling, and let Cue organise it all for you.

Multilingual Support

Need Spanish transcripts with English summaries? Cue supports multiple languages for transcription and summarisation, so you can collaborate across diverse teams or practise your language skills with ease.

Calendar Integration

Never miss a moment with Cue's smart calendar sync. Connect your Google, iCloud, or Microsoft calendars to receive timely reminders before each event—ensuring you’re always ready to capture key insights. Whether it’s a meeting, class, or personal check-in, Cue helps you stay on top of your schedule and start recording right on time.

—

How It Works

1. Open Cue

Launch the app just before your meeting, class, or brainstorming session begins.

2. Start Recording

Cue listens discreetly in the background, automatically transcribing every word without interrupting the conversation.

3. Receive Summaries & Action Items

When you’re done, Cue compiles all key points, tasks, and next steps into a concise summary, ready for immediate review.

4. Review & Share

Edit if needed, then export your transcripts or summaries as PDFs, emails, or URLs. Perfect for collaborating with teams or classmates.

Have a question for us? Email us at: cue-support@44pixels.ai

Privacy Policy: https://44pixels.ai/privacy

Terms of Use: https://44pixels.ai/cue-terms","cue, meeting, summaries, transcripts, into",https://play-lh.googleusercontent.com/ltwvRfRG0DBS888FMWi27JeXkQT-1d5UlMzO-kLTJi6_QnslXDHF2ITli0SKN6UQiIOH2_g63NoOTLr-NS-GREY=w526-h296-rw,https://play-lh.googleusercontent.com/HyNcj1mwUbYrpLTY_95l7XhobFRsKiotvnjpCeQxjh8GNMw3lBCZW4osuddgxmvTauOsUjp9nnPPVGdm5qC9ow=w526-h296-rw,https://play-lh.googleusercontent.com/8AKtMfVjlbXuFyKyrE1fGYDA4HqLZZfF6c8QFJLZk1D6itcVQPtAbyDKdU0gmvQkHyf6tTVparMzHyekYsF1Ew=w526-h296-rw,https://play-lh.googleusercontent.com/WYQt4GxyUAh3IBVLtGH15uQJk4lKS2IMvpSHlLgtrw9d99xY6KgrohPmbUEQjj6Pje6l6z6gAJu0Z7mljoNpQQ=w526-h296-rw
,Currency Converter,https://play-lh.googleusercontent.com/c4hgRs9hkV1oZ21_cgHdzifv6Ihm0rB7vFmBs2Rj5tb4O7wQd1Msr99y7y_Htl5vBlKxw8sF2GYXUkTMVxv-ng=w240-h480-rw,10K+,"Oct 6, 2025",4.9,736 reviews,https://play.google.com/store/apps/details?id=com.pony.currencyconverter&hl=en_US&gl=US,Beacon Studio,"No ads.

Currency Converter providing real time exchange rates for over 180+ currencies.

You can setup personal currency list and see all the important currencies at first glance.

Currency Converter supports all currencies of the world, some metals and cryptocurrencies.

Currency rates are saved for offline use at every update so you can convert with the most accurate rates at all times.

Features:

- Offline mode, While offline, the app uses the data from the last connection.

- Our exchange rates are updated once every second.

- Historic rate charts and graphs (1 week - 1 year)

- Search function to quickly find a currency.

- Easy calculator with results in local currencies.

This is the simplest application to check currency exchanges rate. All world currencies are available, if we missed one, please let us know, we will add it. Thank you.","currency, currencies, rates, offline, converter",https://play-lh.googleusercontent.com/uP6q1OhsatQaftzRJSBUmgMsnbJ28IYZlqqFpX6jQ2EJTJS0lhYi4yfUsb2Z0QM06_JFItmdHGjIyAyeLNRB8Q=w526-h296-rw,https://play-lh.googleusercontent.com/a1Q-Izyq5YW7lERsEKKNNbiWLC1DK2fNijBxa3LwzF7TBAIskQp4jMDKPYIayqBYZHsaPR-cOKbzpMvp1qcBl3o=w526-h296-rw,https://play-lh.googleusercontent.com/a4a63yeiNSNO0HH7U9FRP6rCq4PaJDuwSQWXK9vYnH8pNM_SSXhEJ0Ux191Kvx8WlQKgZXyVGWqRi6Z6XB7t=w526-h296-rw,https://play-lh.googleusercontent.com/qHLNjn-CrxnKWMXTd0lhko6eYWQVDbi6Vg2oRFGcHUiv5ZYa-TdBp7elju7qlqYy8xFIZ_aNN-ny5Cb-vUzv3A=w526-h296-rw
,Data Usage Tracker Monitor,https://play-lh.googleusercontent.com/Ma2Xw1Q2NgBTSJ1Q8275bELEFek4Pc4SOk6hdG2Y-bKbcIXUbmeNuU0Fyte47m69aaPb77JfID0dDqHPI_wgDbU=w240-h480-rw,10K+,"Aug 24, 2025",4.2,66 reviews,https://play.google.com/store/apps/details?id=com.rs.data_usage&hl=en_US&gl=US,revolve soft,"Take control of your mobile data with a clear, reliable usage tracker.

Data Usage Monitor & Tracker helps you see mobile + Wi‑Fi usage, keep your plan under control, and avoid unexpected overages.

Key features

• Real‑time data usage for mobile and Wi‑Fi

• Daily / weekly / monthly breakdowns

• Plan tracking with limits, progress, and remaining data

• Home screen widgets for quick glance (Today & Plan)

• Usage access permission support and simple setup

• Lightweight, fast, and privacy‑focused

Why users choose it

• Accurate totals from Android’s system usage stats

• Clear charts and easy‑to‑read summaries

• Helpful alerts when you reach your plan threshold

• Works in the background with minimal battery impact

Set your plan once, track usage automatically, and stay in control.","usage, plan, data, control, mobile",https://play-lh.googleusercontent.com/MnKW0fj86QGjbVc3FbKz2IcqcTVOykqiRxuythgILKlTTR4IjI8FLWFMVOwKZ6ZtT4b_Hlbbahq2KnzHN70QqYw=w526-h296-rw,https://play-lh.googleusercontent.com/qHF_2iY8oNDxltEiBjrUGUS08YCna7L73yDLfswsdRBQmsymnzjOK4yxdYMF2Od-Gn0-F9FSjaYb71j-nCO4n3Y=w526-h296-rw,https://play-lh.googleusercontent.com/nfT0C7rxH8yonZtGRpkEB7yBdaZHpuXiZRbhZOBTQs1cJbdBNp9OySnz21o66Sn7Ql1ev9ZTxy5rnyW3Lhf5UA=w526-h296-rw,https://play-lh.googleusercontent.com/7OaihGU-L9XBKHogIpAvFKMb-YEuZBWTiWCv4ovEhN5TM-TzH9-D0tyqnxoaYu_v8iXD4kNleeyHH77dgX4dXw=w526-h296-rw
,Decibel Meter: dB Sound Meter,https://play-lh.googleusercontent.com/l_kjtG4teZ5HijlCP-8Eqv15zJdhh86aFCCUxAQn6HVK6Bu3X1lIAowMkMeMzmSFhg0=w240-h480-rw,10K+,"Jul 22, 2025",3.8,168 reviews,https://play.google.com/store/apps/details?id=com.moniqtap.decibel.sound.meters&hl=en_US&gl=US,"MONIQ TAP., CO LTD","Turn your phone into a professional dB sound level meter!

Decibel Meter is the simple, accurate, and reliable way to measure sound pressure levels (SPL) around you. Whether you’re monitoring loud noise at home, work, or monitoring audio at studio, events, our app helps you track decibel (dB) levels and hertz (Hz) sound in real-time – right from your phone.

Key Features:

- Real-Time Sound Level Measurement: Instantly measure environmental noise in decibels (dB) with your phone’s microphone.

- Accurate & Easy-to-Use: Clean, intuitive interface for quick sound check or extended monitoring.

- Graphical & Frequency Analyser: Live charts and history logs help you see noise intensity and mass volume density over time.

- Custom Alerts: Set thresholds and get notified when sound exceeds safe levels.

- Data Logging: Save and export your measurement for later review or sharing.

- Calibration Options: Fine-tune for your device’s hardware for improved accuracy.

- Noise Reference Table: Understand what different decibel levels mean (e.g., normal conversation, traffic, concerts, etc.).

Notice:

- This app are free-to-install, but has some premium features that need purchase/subscribe to use.

- Subscriptions automatically renew unless cancelled 24 hours before the end of the period.

- Manage your subscription and turn off auto-renewal in your account settings.

- Any unused portion of a free trial will be forfeited if you subscribe.

Term of use: https://moniqtap.com/terms-of-use/

Privacy Policy: https://moniqtap.com/privacy-policy/","sound, levels, noise, decibel, monitoring",https://play-lh.googleusercontent.com/UTX_oNC_MUvy6FiXE1J-drZhbwMC55PWgFD6yVCEU0qFVRUxTK-Yy4D9zkq9bOxE3BU=w526-h296-rw,https://play-lh.googleusercontent.com/LLK4WPxduVGqs3iGuFT-Jm-c5Ars3au1QncxINx7tk77mPeR9XiDDADLm9yRP9Y88ts=w526-h296-rw,https://play-lh.googleusercontent.com/7hkZ_YMF8yHVf8HYX8TXA4XrY4pM5DPGGaS1bMkcKrAaUyvUOFzyl1-xnTy9z13uLw=w526-h296-rw,https://play-lh.googleusercontent.com/NFdzKmr32T3LQhuIMiopaxde4ej1wJiYxohm4wK1-wOdXAv-G79OVWeTFA1m_VfckyQ=w526-h296-rw
,Decibel Meter: Sound dB Meter,https://play-lh.googleusercontent.com/gs90IvyI7-yu3RUo2sHtczSTlo-gWfvX-7OyhwpVe6oIZI6EyIqTEp34CZ8as1zOv7E=w240-h480-rw,10K+,"May 17, 2025",4.7,2.36K reviews,https://play.google.com/store/apps/details?id=com.decible_meter_sound_meter&hl=en_US&gl=US,Social Social Apps,"Accurately Measure Sound and Noise Levels

The Decibel Meter: Sound Level Meter app is designed to help you measure sound and monitor noise levels with detailed dB volume readings. Using your device’s microphone, it provides real-time data on sound pressure level (SPL), helping you understand and manage the noise in your environment.

Key Features:

Real-time sound check with accurate sound level meter readings

Supports A, C, and Z weighting for precise measurements

Live graphs display sound pressure level meter data clearly

Save and review previous sound level meter results

Record and share audio with corresponding decibel meter data

Calibrate for improved accuracy based on your device

Whether at home, in the workplace, at events, or outdoors, this app makes it simple to measure sound accurately. Check if environments meet recommended noise level limits and monitor your surroundings with the built-in db meter and sound decibel meter tools.

Common Uses:

Perform a quick sound check in any environment

Analyze sound level meter and db volume during meetings, study sessions, or events

Monitor noise levels at concerts, construction sites, or public areas

Use the decibel meter and dbmeter to manage sound exposure

Measure sound pressure level meter values for industrial and workplace safety

Maintain quiet environments using the noise meter and sound decibel meter

The app provides all the tools needed to measure and monitor sound levels, ensuring safe and comfortable surroundings.","sound, meter, level, noise, measure",https://play-lh.googleusercontent.com/cGlhFZUY5UOxKmIXEd5ha6PZcWEwB0tJFsCUQJQqaxbvFuLEcKREyQhwRN1CEUXDZpU=w526-h296-rw,https://play-lh.googleusercontent.com/Q1Zbhsmv7C0nZi6KlGkkgPZgL-lL9G7O_YYfWrftKxBPU6VgH7eP-Ql0Nu9NcXP0t7WG=w526-h296-rw,https://play-lh.googleusercontent.com/kf2y7dapic7k-tVwcokQtRTUsqmx3cYDQvHaaul6VWBZi8SJtUy0v_XJC-ye17idmRo=w526-h296-rw,https://play-lh.googleusercontent.com/BL8YC_mCY0RSgF1kTV5h7ppa0oaZlltshL85e9gmcelfDEWM9gHMrGe7ZCnaU8epUHM=w526-h296-rw
,Distance Meter - AR Ruler,https://play-lh.googleusercontent.com/3hCJZvSYsgzUTHwQkuCGY-Q68el7vaklZAXtHMCGuEEq0YTdB8t7NwqgxKVbJIU5_yBgRmQPI0R5mtkU8Ozo=w240-h480-rw,10K+,"Jan 19, 2026",N/A,N/A,https://play.google.com/store/apps/details?id=com.smartwho.smartdistance&hl=en_US&gl=US,SMARTWHO,"Distance Meter is a complete measurement toolkit with AR distance measuring and 9 professional tools — all in one app. Powered by Google ARCore, the app detects your device\'s hardware and selects the best measurement engine for maximum accuracy.

Whether you\'re leveling a shelf, measuring room dimensions, or checking angles, Distance Meter has the right tool for every job.

[9 Measurement Tools]

Distance Meter goes far beyond a simple ruler. It includes 9 specialized tools:

• Bubble Level — Circular spirit level with realistic 3D liquid and bubble animation. Check if surfaces are perfectly horizontal.

• Clinometer — Slope and angle gauge measuring 0° to 90°. Ideal for roofs, ramps, and terrain slopes.

• Plumb Bob — Digital plumb bob with gravity-based pendulum. Verify perfect vertical alignment.

• Protractor — Touch and sensor-based angle measurement from 0° to 180°. Measure angles between objects or surfaces.

• Screen Ruler — On-screen ruler in centimeters and inches. Measure small objects directly on your phone screen.

• Frame Checker — Camera-based frame alignment tool. Check if picture frames, TVs, and shelves are perfectly level.

• Height Meter — AR-powered height measurement. Measure the height of people, furniture, doors, and buildings.

• Width & Height — AR dimension measurement. Get both width and height of objects in a single session.

• Area Calculator — AR multi-point area calculation. Mark corners to calculate floor area, wall space, or any surface.

[Smart Measurement Engine — 4-Tier System]

Your device is automatically matched to the best available engine:

• Premium (ToF/LiDAR) — Hardware depth sensors deliver ±2cm accuracy. Ideal for construction and precise work.

• High (Depth API) — Software depth estimation with ±5cm precision. Available on most modern devices.

• Standard (ARCore) — Surface detection and feature tracking with ±10cm accuracy.

• Basic (Camera) — Camera-based estimation for devices without AR support.

[How to Measure]

1. Tap the Measure button or select a tool

2. Point your camera at the target

3. Wait for the green indicator (optimal conditions)

4. Align the crosshair and tap to measure

5. Results display instantly with estimated accuracy (±cm)

[Real-Time Accuracy Feedback]

Distance Meter monitors 5 conditions in real time:

• Tracking status — Is ARCore actively tracking?

• Lighting — Is the scene well-lit?

• Surface detection — Has a surface been found?

• Feature points — Are enough visual features visible?

• Camera stability — Is the device steady?

[Multi-Strategy Fusion Technology]

This AR ruler combines results from multiple measurement strategies (Depth, Plane, Point Cloud) using confidence-weighted fusion, eliminating outliers and improving accuracy by up to 30%.

[Key Features]

• 9 measurement tools in one app

• 4-tier AR engine (ToF/LiDAR → Depth API → ARCore → Basic)

• 6 units: meters, centimeters, feet, inches, yards, millimeters

• Auto-save measurements to history

• Sound and vibration feedback

• Grid overlay and level indicators

• Dark and light mode support

• Status bar shortcut for quick access

[Tips for Best Results]

• Ensure good lighting (avoid very dark or very bright conditions)

• Move your device slowly during initialization

• Keep a steady hand — stability directly affects accuracy

• Measure textured surfaces (avoid mirrors, glass, solid white walls)

• Optimal AR range: 0.5m to 5m

Your feedback helps us improve. Please leave a review!

[Disclaimer]

Measurement results are estimates based on AR technology and device sensors. Actual distances may vary depending on device, environment, and conditions. This app is not intended for professional surveying or safety-critical applications.","measurement, accuracy, measure, distance, meter",https://play-lh.googleusercontent.com/4_4box2C7-e1H0BTq82wL6GLwHYKWv-Tnc3K0EILOUADqgd2GKFki7r-JGSI18vzkw=w526-h296-rw,https://play-lh.googleusercontent.com/soq9xOKo1rlAJ70iNw1qDsdQ0x3UMHmHndhenI-iEGU_RXRalFXNNUejytQV1To10tFd=w526-h296-rw,https://play-lh.googleusercontent.com/2WtbWBHbuelT70J9HVcE4yQm0eWa23Pnfp0dOPh7_w4adYvvOhodzG9r1PqMj20E6Nw=w526-h296-rw,https://play-lh.googleusercontent.com/khiOzThCdUYQqUK7aFFdl3gQ-T2FkbMM4KS1YNY9LZ3a0rxXRncUiMQttbWwCiKllgM=w526-h296-rw
,Duplicate Cleaner,https://play-lh.googleusercontent.com/cP40D0nuEJC59xwEjrmd8rz35iirbc5PaTT38tR7K0ez66pYVeHbTLeXl7OQ54sftsueVgTf-fEe3E1X-aHSzw=w240-h480-rw,5K+,"Jan 29, 2026",N/A,N/A,https://play.google.com/store/apps/details?id=com.frameware.duplicatecleaner&hl=en_US&gl=US,Frameware,"Reclaim Your Storage Space - Fast & Intelligent Duplicate File Remover

Is your phone running out of storage? Duplicate Cleaner helps you instantly identify and remove identical files cluttering your device. Free up space from duplicates taking up storage with just a few taps!

Why Choose Duplicate Cleaner?

🔍 Smart Detection Technology

Our advanced scanning algorithm uses content-based matching to accurately identify duplicate photos, videos, music, and documents. We verify actual file content to ensure precision.

📱 Comprehensive File Support

• Pictures & Images - JPG, PNG, GIF, WEBP, and more

• Videos & Movies - MP4, AVI, MKV, MOV formats

• Audio & Music - MP3, WAV, FLAC, AAC files

• Documents - PDF, DOC, DOCX, TXT, and other text files

• All File Types - Complete device scan in one go

⚡ Lightning-Fast Performance

Optimized partial hashing technology scans numerous files in seconds No more waiting hours for results!

🎯 User-Friendly Interface

• Organized by categories with tabbed navigation

• Visual thumbnail previews for easy identification

• Smart auto-selection (keeps oldest file automatically)

• Bulk deletion with confirmation safeguards

• Detailed file information: size, location, date

💾 Massive Space Recovery

The more duplicate files you recover, the more space you can free up. Perfect for devices with limited storage capacity!

🛡️ Safe & Reliable

• Preview before deletion

• Confirmation dialogs prevent accidents

• Only removes exact duplicates

• No cloud upload required - 100% offline operation

How It Works:

1. Select file category or scan everything

2. Watch as duplicates are detected instantly

3. Review grouped identical files with thumbnails

4. Choose which copies to remove

5. Confirm and free up space immediately

Perfect For:

✓ Clearing redundant photo backups

✓ Removing duplicate downloads

✓ Cleaning up repeated music files

✓ Organizing messy document folders

Key Features:

• Duplicate detection engine

• Multi-format file analysis

• Category-based organization

• Batch file removal

• No internet required

• Lightweight app footprint

Privacy Focused:

All scanning happens locally on your device. Your files never leave your phone.","file, files, duplicate, space, storage",https://play-lh.googleusercontent.com/PwD6IaxE4pddgn53TkYI-LTRF0cJYIALA5xZKLp5jKY0glG61SYYNe6DNiidBDwz6E8-9Ru4fRJXd5BdUTt47A=w526-h296-rw,https://play-lh.googleusercontent.com/30z4w4uRNoGhrqS7Mka0PBoIAgfcARYVdaRtIOuqSp_bZBo5r-SVAqLCHZH5gRDbr9ZVypt6-6Ra116zapA_k0w=w526-h296-rw,https://play-lh.googleusercontent.com/vRfLY28YCaVHFFxN37wt1TLQgjUwjbShFlZO8C0V2fBIXWkw81gwL4FyVlTh2vTytrq2rXQ1fWzs_q4WZ3oRIA=w526-h296-rw,https://play-lh.googleusercontent.com/G8RSrZvNJgIki5J7Ku6G9KtLY4iZ2afSX0DxPo_9xnNMcWSc-VgwTdaR9Bq0dDwwp3oWz7owqNXCUKI-8n5q=w526-h296-rw
,EasyRecover - Restore All,https://play-lh.googleusercontent.com/73AIJIMv0xlCfupt9rg9cjpHTYbndnfcOmxIt-eH9lrkTKWfWn3x8QxLn5gyu593ys2jlVTjRI5uawAJFfdiDg=w240-h480-rw,1M+,"Nov 18, 2025",4.1,2.52K reviews,https://play.google.com/store/apps/details?id=com.easyfiles.photo.recoveryall.restoreall&hl=en_US&gl=US,SWEETDEALS Dev,"Effortlessly restore your deleted photos, videos, and important files with EasyRecover - Restore All. Whether you accidentally deleted precious memories or lost important documents, EasyRecover helps you bring them back in just a few simple steps.

🔄 Key Features

🌟 Photo Recovery

Quickly restore deleted or lost photos from your device storage in one tap.

🎥 Video Recovery

Retrieve deleted videos effortlessly and relive your favorite moments.

📁 File Recovery

Recover important documents, audio files, and other deleted data using our powerful scanning engine.

🔍 Preview & Manage Recovered Files

View, sort, and manage all recovered items in one place to ensure nothing gets missed.

💡 Simple & User-Friendly

Designed with an intuitive interface to make the recovery process fast, smooth, and easy for everyone.

📌 Disclaimer

*This app attempts to recover photos, videos, and other files that match specific storage path patterns on your device. It can detect and restore cached images and files deleted by other apps.

*Recovery success may vary based on device model, storage type, and system status. Full recovery is not guaranteed.

*Files deleted before a factory reset cannot be restored.

*All scanning and recovery operations occur locally on your device. Your data is never collected or uploaded, ensuring complete privacy.

Download EasyRecover - Restore All now and easily bring back your deleted photos, videos, and files!","deleted, files, recovery, restore, photos",https://play-lh.googleusercontent.com/cyWAIarqI4HBnDlivhszNqx9yBulV10YhToD7EqNi8AIp9mEPqk9lBKnoarc_ceaZ7oSVJzg4uaaYAHIXbk20A=w526-h296-rw,https://play-lh.googleusercontent.com/CT5nHi9ysPUL4TXD2rlD5GP25oKU3hTE1LbQhtQdO9bpFJ-GCpMf_OI-PDlDRIKsXRAOOax_ilGDMVqn_0nK=w526-h296-rw,https://play-lh.googleusercontent.com/QI6hDWo7kZ1JQGRbBahlsjnjhtRBihwgWQDoTNeFMDSNdxTO00s8vd0ir5IQQ8xWacaBjbN_s259MTtS5DnxbGI=w526-h296-rw,https://play-lh.googleusercontent.com/L1XINbEPWSz6DKZNmSvOZrdLxI2PKlo8T49oiNEthqoTUXdkuA4iiVWch1keEtHHmP3kAcUimxB9u2bddkeWMR4=w526-h296-rw
,Ember: AI Relationship Coach,https://play-lh.googleusercontent.com/S_M2pt_8zBhbS8u04H1jau_T2kny3Ut_tXULP2xtL2N1VkHPjgNyNFobr_7MqWl3YBBJXy_ytxvqBMvkMAlk=w240-h480-rw,5K+,"May 8, 2025",4.6,322 reviews,https://play.google.com/store/apps/details?id=ai.usapp.usapp&hl=en_US&gl=US,Ember App,"Ember is a relationship wellness app that helps couples improve their communication and connection before distance becomes permanent. At its core is Em, an AI couples coach, created by our founder Ellie Baker, a couples coach.

***Designed to keep you together.***

Most relationships drift apart- slowly, silently, through tiny, ordinary choices. Ember gives you the practice for staying close. It’s proactive care, not crisis management.

***Meet Em: Your AI Couples Coach***

Em provides intelligent, systems-thinking perspectives on your relationship dynamics. She’s focused on helping you two think differently and take action.

Sharp, warm conversation that avoids therapeutic language.

Insights rooted in research and real relationship expertise.

Pattern-spotting before drift becomes distance.

***Key Features***

- NEW - Sessions: Solo & Couples coaching without the cost or bias, available 24/7. Em facilitates a real-time, in-person dialogue with you, and if you choose with your partner. Use a Session to navigate a difficult discussion or as a monthly check-in. Em structures the conversation, guides both of you, and then summarizes and analyzes it at the end.

- Argument Analyzer: Real-time insight into how you communicate during conflict. Em listens (with permission), analyzes your patterns, and offers personalized feedback grounded in your actual interaction.

- Sparks: Quick daily conversation prompts to create consistent touch points of connection and to spark real conversation

- Plans: Research-backed sequences designed to improve one specific area of your relationship through small, actionable steps. Each day includes an explainer and a practical exercise like a Challenge, Nudge, or Guided Chat.

- Text Analyzer: Upload your text communication and have it analyzed to better understand your tone, communication patterns, and relational habits.

- The Love Animals Quiz: Discover your relationship style, inspired by relationship science and psychological insights into motivational drivers. Find out if you're the dolphin (intimacy seeker), the hawk (freedom seeker), or one of the six other types.

***What you’ll get***

- Know what you're actually fighting about. Not the dishes, but the thing underneath that keeps recycling.

- Build fluency in your relationship. You'll know what derails you and what brings you back.

- A practice that actually sticks. Playful, straightforward, and light-hearted practices that take less time than scrolling Instagram.

**Subscription Information**

Ember offers an auto-renewing 1-month and annual subscription – both of which give you full access to the entire library of content and app features for as long as you maintain an active subscription.

Payment will be charged to your account at the time of initial subscription purchase. Subscriptions automatically renew unless you cancel your subscription at least 24 hours before the current subscription period ends. Your account will be charged for renewal within 24 hours prior to the end of the current period end date.

You may cancel your subscription at any time by going to your Account Settings and tapping on “Manage Membership” after the purchase.

---

Ember is designed for users 18+. Ember is not therapy, and is not a replacement for any medical diagnostic or treatments. Ember cannot, and does not intend to, provide medical advice or diagnosis.

Ember is not designed to be used in crisis. If you are in crisis, please seek out professional help, or a crisis line. You can find resources at www.findahelpline.com.

Terms of Use: http://www.apple.com/legal/itunes/appstore/dev/stdeula

Privacy Policy: https://www.embercouples.com/privacy-policy","ember, relationship, subscription, couples, designed",https://play-lh.googleusercontent.com/lDRzzj2aKOLQyFwa3pZFMKgUgS1eY9cG0WZkWNpJ5m4A3HIrC2kgsuMhYtNwfsuCfUvZ-4_v-t33hJIe1wDGPQ=w526-h296-rw,https://play-lh.googleusercontent.com/0nYzItrIq28cOsKqYLRJXGdw4clMNCtmeeDUtbh0UxzLGTfehkrRJLbu07lLJXwxfCbuSzaiUMeSxkhfSQHVZIQ=w526-h296-rw,https://play-lh.googleusercontent.com/SBG2WypS5RD8fU04ARucP3nYx4LM53QWj3Sn-McU1-KKa6PVyMKS7Ts2dscfZr1ZIdD0WuDGpEEBA2_jvWVo91E=w526-h296-rw,https://play-lh.googleusercontent.com/4SMgZVjUaINmAniM5bFBJvwc1v_ZPwAIRPiTrVP1RPxCUR2yngz6QolBKDRJY773AEOz7MvMgiQKaJJum90X-EU=w526-h296-rw
,EQ Pro - Equalizer & Volume,https://play-lh.googleusercontent.com/Zvwq1-IgN_02_jMvnVUv5fFfoEZ7YvPo3rRnShWUKzkQ3T8-Cbo0uYn_VZFYwcakNPIzlAukz83v5blKEol-2A=w240-h480-rw,1M+,"Oct 27, 2025",4.6,8.78K reviews,https://play.google.com/store/apps/details?id=com.equalizer.music.mp3.player.musicplayer&hl=en_US&gl=US,IPLUG,"EQ Pro — take control of your audio. This all-in-one sound toolkit combines a powerful equalizer, bass and volume amplifiers, and smart speaker/headphone tuning so every track sounds its best.

🎸Powerful Equalizer & Sound Effects

Full equalizer control: Choose a 10-band EQ on Android 9+ (5-band EQ on Android 9 or below) to tailor sound precisely.

Frequency coverage: Fine-tune common bands (31Hz, 62Hz, 125Hz, 250Hz, 500Hz, 1kHz, 2kHz, 4kHz, 8kHz, 16kHz).

📣Powerful volume & bass tools

Volume booster: Super amplify media volume (up to 200%) with quick level options (30%, 60%, 100%, 125%, 150%, 175%, max).

System-wide media boost: Raise sound for music, videos, ringtones, alarms and audiobooks.

Bass booster: Amplify low frequencies for deeper, fuller bass on headphones, phone speakers and Bluetooth devices.

💥More Features for EQ Pro

☆ Media volume control

☆ Music Virtualizer effect

☆ Stereo surround sound effect

☆ Visual sound spectrum

☆ Music control: play/pause, next/previous song

☆ Save and delete custom presets","sound, volume, control, bass, powerful",https://play-lh.googleusercontent.com/uTcc3g4hOI_qcs2e5RGpLyIa-R3vDjA83ZCwEruv8KU4tUGqRnPwO1S_7NElSYKBe6OYKb6iCT-P6KJVarM_i5c=w526-h296-rw,https://play-lh.googleusercontent.com/-cXuw0jtgyxcAo4jnwsKU_ED6HB03EPhAu5COpIyQa7epo96I_CALn1ijSz2cPAlkiHr8-npS0x-5vkWsco8hw=w526-h296-rw,https://play-lh.googleusercontent.com/SGoA0TGtHIYVWrv1Vrl3fT6PUzJFyMFdq8KR7c5BIDlRb3733nKitUo_wMEci07BTV2cF3K_2ToaNZTL7aqLFdk=w526-h296-rw,https://play-lh.googleusercontent.com/fzR9cudlXCt3BhsczYdmNUOYqM7J2gs6FXBvO99HWT1wZivXEGoOkz989QEXyI0f9gqxdiOkkrLCsuyESOaL=w526-h296-rw
,Equalizer Pro & Bass Booster,https://play-lh.googleusercontent.com/yZtwsaznIiKZ1bVZc4mSRuefN1n91_TzNtt6Rv2tnObG4H1fiaIf81xUtFO6bu6AWyU=w240-h480-rw,1M+,"Oct 24, 2025",4.7,7.1K reviews,https://play.google.com/store/apps/details?id=music.bassbooster.audio.equalizer&hl=en_US&gl=US,iMediaStar,"Equalizer - Bass Booster & Volume Booster is a full-featured and easy-to-use music Equalizer app with Bass booster, Volume booster, and 3D Virtualizer effects!
Equalizer & Bass Booster helps to improve the sound quality of your Android phone, provide high-quality sound and stereophonic sound. Using this professional Equalizer, you manually control your music play volume, reset the music effect and obtain an excellent music experience! 👏💯

Equalizer - Bass Booster & Volume Booster is suitable for all software such as music, games, videos, and can meet needs for every music enthusiast and new entrant.
Bass booster maximizes the bass level of speakers, Bluetooth & headphones. Besides, Extra Volume Booster can increase phone volume by up to 200% without affecting the sound quality. Come and use it quickly, amplify the sound of your favorite music and enjoy more immersive sound than ever before. 🎉🎊

🎺
Excellent Equalizer & Sound Effects

* Support 5-band or 10-band for android 10+

* 28 preset effects: normal,classical, dance, heavy metal, hip-hop, jazz, pop, rock, rhythm...

* Satisfy different music styles: 31HZ, 62HZ, 125HZ, 250HZ, 500HZ, 1KHZ, 2KHZ, 4KHZ, 8KHZ, 16KHZ

* Save and edit your own custom presets

* Compatible with all popular music and video players on the market

📣
Extra Volume Booster & Loudness Enhancer

* Boost volume up to 200% without affecting sound quality

* Increase volume of all media, including music, video, ringtone, alarm volume and etc.

* Support sound boost on speakers, Bluetooth, headphones, and all other devices.

🚀
Professional Bass Booster & 3D Virtualizer

* Boost bass or amplify low frequencies of the sound

* Virtualize audio channels and allow you to enhance the stereo effect

* Make media files produce quality sound in a digital surround support

💥
More Features for Equalizer - Bass Booster & Volume Booster

☆ Cool edge lighting effect

☆ Media audio control

☆ Stereo surround sound effect

☆ Turn on or off with notification bar

☆ Music control: play/stop, next/previous song

☆ Always run in the background

☆ 16 Colorful Themes

☆ User-friendly operation

☆ 4 Widgets(1x1, 1x1, 2x2, effect lists)

☆ Beautiful and simple interface

☆ No root required

Everything you need from the Equalizer - Bass Booster & Volume Booster. Whether you feel that high frequency and low frequency are flawed, external volume of phone is not large enough, or the bass is not strong enough, you can use 28 preset scenes or custom adjustments to repair the defects and make the sound more perfect.

Download it right now and enjoy relaxing time with music! 🔥🎈

Foreground Service Permission Declaration:

By running the equalizer app as a foreground service, we can ensure that the adjusted audio effect always remains active and not affected by system restrictions. Sound optimization continues to work in the background even if the user exits the equalizer. Users can control the sound effect directly through the notification bar or widget without having to reopen the app.","booster, sound, volume, music, bass",https://play-lh.googleusercontent.com/yNpCu68ON6KWwG_lDyndCceiP1pvOPUYhHvvUDHtgSIufgnE-j2ygh4WYe13Hq9r2Yo=w526-h296-rw,https://play-lh.googleusercontent.com/9fIlnK4UkTQI7wXWrGO2_YnpXZ71EUv3UgUQaaOoHrSOcwLMEYi2GdEMN236xZQS0oQ=w526-h296-rw,https://play-lh.googleusercontent.com/aeu3Au9miAIXIv2P2SkSArqWCGs_P3mpZPIHJ2RXxEJsbvQ4dVCz_VH5Hsr6_Sf7nls=w526-h296-rw,https://play-lh.googleusercontent.com/UzMGDwvvWwTpMjaB__CqqK-o7r9NKVP1cZwY8SMXRchonpFNzIp8FI1X74T_iHA7lOBj=w526-h296-rw
,Extra Volume Booster & Speaker,https://play-lh.googleusercontent.com/z_AlZhoGQs7aUGpe4-dADfoeoXLnpf_Kc9-VRbTfFB1MlFl-pTsDL-gf-xkDSMfSlad5=w240-h480-rw,1M+,"May 30, 2025",4.8,6.51K reviews,https://play.google.com/store/apps/details?id=tool.volumebooster.audio.equalizer&hl=en_US&gl=US,Easyelife,"Volume Booster & Sound Speaker is a lightweight and simple app to boost your speaker or headphone sound volume, it is a powerful sound assistant with extra volume amplifier, loud sound speaker and audio enhancer.
It allows you to easily boost all media volume above the maximum volume of the system, including music, video, ringtone, alarm volume etc. 🎵🎹

Extra Volume Booster increase all the sound volume up to 200%.
Whether you're listening to music, playing games, watching movies or watching videos, it can help you balance your sound in the best way. Volume Booster & Sound Speaker will meet all your audio needs. 📣🎧

🎸
Why choose Volume Booster & Sound Booster:

* Max super volume amplifier, boost volume up to 200%

* Fast to adjust the volume to 30%, 60%, 90% and maximum level

* Simple and small but fully functional, don’t worry about occupying memory.

* Effectively increase all media volumes: music, videos, movies, audiobooks, games, etc.

* Extra boost the system volume of alarms, ringtones, etc.

* Supports volume up for headphone & external speaker & Bluetooth

🎶
Simple & Efficient Booster Interface

* Simple & intuitive interface designed by the top professional development team

* 5 sound modes allows you to set the volume to a specific level with just one tap

* Home screen widgets & notification bar help you quickly adjust the volume

* Using floating window on other app to manage volume control

🎷
Safe & Customize Booster Settings

* Maximum allowed boost helps protect your ear

* Maximum volume protection

🔥
More Features

☆ Enhance the volume without affecting the sound quality

☆ Allow the sound to run in the background/lock screen

☆ Unique Edge Lighting feature

☆ Customize the maximum allowed boost

☆ Vibration setting

☆ Sound amplification tools

☆ Colorful themes for you to choose

☆ No root required

Download Volume Booster & Loud Sound Speaker right now and it will be a perfect life companion for you! Enjoy your music, feel the rhythm and bring the sound to the top level. 📀🌈

Kind tips:

Listening to music at excessively high volumes for extended periods of time may cause hearing damage, we recommend that you gradually increase the volume to obtain an appropriate volume.

Foreground Service Permission Statement:

The equalizer app runs as a foreground service, ensuring that the adjusted audio effects remain active at all times without any system restrictions. After the user leaves the equalizer interface, the sound optimization will continue to run in the background. Users can easily adjust the sound effects through the notification bar or widget without opening the app again.","volume, sound, booster, speaker, boost",https://play-lh.googleusercontent.com/K-dExIG0phjtDKsIDIvm078jV8dS2ZfDGhb17M06hhJ6E_Uv6a_0ixjjVaAztlzkeBSL=w526-h296-rw,https://play-lh.googleusercontent.com/M-v8LIn1q9oiCR-r8E4tK_lZKHkRfi3JLS9T8YvMn18cYW6nZcGMRKBFOmaMNHaOQQ=w526-h296-rw,https://play-lh.googleusercontent.com/xD1sRNanBFbRBvIR9W7tToMjUo3NVNDk2VAXu6kVqPXwThm8WZOiR-Va5oB7dxohj4o=w526-h296-rw,https://play-lh.googleusercontent.com/ZCGlONRI0mDor-Ha-Of-FLF8zQjG9IJJ_Dy4_DTRA8GaK2_pMX1KCnSl-tlj0RVITQ=w526-h296-rw
,Favvy: Clean your photos,https://play-lh.googleusercontent.com/plEQGPvjYGBVNoS1pKMISyIpHIj8sqaLlJhr1XAbN4sr3Q7-Kt8fMcYYK1UHK20wpw=w240-h480-rw,10K+,"Jul 27, 2025",3.2,386 reviews,https://play.google.com/store/apps/details?id=com.kaikulabs.onlyfavs&hl=en_US&gl=US,Kaiku Labs,"Favvy is the fastest photo cleaner and gallery organizer for Android. Swipe right to keep, left to delete — declutter your

camera roll in minutes.

Your phone storage is full of blurry shots, duplicate photos, old screenshots, and forgotten downloads. Favvy helps you free

up storage space instantly with a simple, fun swipe interface.

✨ POWERFUL PHOTO CLEANER

• Delete unwanted photos in seconds with intuitive swipe gestures

• Remove duplicate photos and similar images automatically

• Clean up blurry, dark, and low-quality photos

• Delete old screenshots and screen recordings you no longer need

📂 SMART GALLERY ORGANIZER

• Organize photos by category: Recents, Screenshots, Favorites, and more

• Custom albums let you clean specific folders

• ""On This Day"" mode resurfaces old memories so you can decide what to keep

• Random mode for a quick, fun cleanup session

📊 TRACK YOUR PROGRESS

• See how many photos you've reviewed and how much storage you've freed

• Pick up exactly where you left off — never re-review the same photo

• Storage savings displayed in real time

🗑️ FREE UP PHONE STORAGE

• Instantly reclaim gigabytes of storage space

• Clean your photo gallery without losing important memories

• Safe deletion — review before you remove

Favvy (previously OnlyFavs) is trusted by thousands of Android users who want a cleaner phone gallery without the hassle. No

complicated settings, no confusing menus — just swipe and clean.

Whether you need a duplicate photo remover, a gallery cleaner, a storage optimizer, or simply want to organize your camera

roll, Favvy makes it effortless.

Download Favvy today — the easiest way to clean photos, free up storage, and organize your gallery on Android.","storage, photos, gallery, favvy, photo",https://play-lh.googleusercontent.com/oh95VFfnaSJIoiyX_Qgj7HbBSnl7184Le1lFAZqkrotPe_yedP-lqUKBn9o5rsse7WsC-5YNVkaf9MInNW2C3w=w526-h296-rw,https://play-lh.googleusercontent.com/Oh9DrESBM7r6xcacS9mnlPdsLeT7zH9AV2jgscPaWJYokCkFHUeHjUXN4el_UTCyka0x8twx54sp--Gc_5h9lA=w526-h296-rw,https://play-lh.googleusercontent.com/4MJajxLwPiT9rXOIlmX1UpIJrRMDhlhgwBJ21DfZpwf8nBmciIoVsbBuv9Oa9mQ-2tK20uIpGzWhvG4uYbTagA=w526-h296-rw,https://play-lh.googleusercontent.com/GFGbt3fK2gNzo7RSaafLm6n5UvGcHFyiXhwKE1kCp8z8VbbZd3sjWWxgAfykx886Ob5-nu6UNoZVUlFjMDNA9g=w526-h296-rw
,"File Recover - Photos, Videos",https://play-lh.googleusercontent.com/9uxQUGA-jgUASUwMeL-JTEpIIL6cPFuZfK5y3QAKqA_BBhOhyCu79aO3GKii5Ypr6VR_gkPcw0vRx2lBYBZD0g=w240-h480-rw,100K+,"Aug 1, 2025",4.2,829 reviews,https://play.google.com/store/apps/details?id=com.file.photo.video.recover.allrestore&hl=en_US&gl=US,BlackGoat,"Lost important files? File Recover - Photos, Videos helps you recover deleted photos, videos, and more — instantly and effortlessly.

🔍 Key Features:

- One-Tap Recovery: Scan and restore deleted media and documents in seconds.

- Deep Scan Engine: Detect even long-lost or hidden files buried in your storage.

- Preview First: View files before recovery to avoid clutter.

- Batch Recover: Select multiple items and restore all at once.

- Supports All Major File Types: JPG, PNG, MP4, MP3, PDF, DOCX, and more.

- Simple & Intuitive UI: Designed for quick operation with minimal learning curve.

✨ No more panic after accidental deletion — your important files are safe here.

Download File Recover - Photos, Videos now and get back what matters most.","files, recover, file, photos, videos",https://play-lh.googleusercontent.com/yBHjChbhqxM3_UOZ0lBROwynPITlwte32B7InQGxtsmzfm4kOBeS7NCrFnMnqBfjm0kinQ3kAAD3G7_-yRwn2g=w526-h296-rw,https://play-lh.googleusercontent.com/FLG-EHa1_LJdxsUQse4BE_zdFEbSr7BdJxN5milzr97_ExMMagKsLuZMYlpf5EE7npkFKTjhCjIqlJMcviYrmg=w526-h296-rw,https://play-lh.googleusercontent.com/O9J6HYRV0TLtJCfGRZbcTpo-K2LnLio4IoocSWQskhY6aKDJBVIBglhNzIMt0dx6l0HAuPdVfglUoeee7CNvxQ=w526-h296-rw,https://play-lh.googleusercontent.com/u6TDgAU3agJwbxx-dAhH7EROJqrCWG3_NZODL8RxuJnsvAuGONn92lPLBzOhFpDqtwydPV0IQY1eqdM8AR8qzZU=w526-h296-rw
,Find & Remove Duplicate Files,https://play-lh.googleusercontent.com/mmGwqmwfaiVSDEkAk0n1kZ8SSfikkavGOtolnaZT0JaqE_pr3qR0_EEFrEpe0rtyGVOBJkkrQQpyl7QzU2HqFA=w240-h480-rw,50K+,"Jun 6, 2025",4.8,5.01K reviews,https://play.google.com/store/apps/details?id=rs.binary.sweeper&hl=en_US&gl=US,garlic,"Binary Sweeper — remove duplicate files, offline & ad-free 🎉

Clear the clutter and free up storage space effortlessly!

🎯 What Makes It Great:

⚡ Super-efficient scan for fast results - save storage space within minutes!

🕵️‍♂️ Finds all file types — images, videos, audio & documents

📦 Scan any folder or file extension of your choice

⏱️ Watch progress happen in real-time

🎉 Works fully offline & zero ads!

Duplicate files are messy, take up space, and slow down your device. Binary Sweeper makes it simple to scan, preview, and safely remove duplicates — freeing up storage instantly. Minimal, fast, and designed to make sense to you.

🎯 Features You’ll Love:

🔍 Full Scan — scan all files on your device, including photos, videos, audio, and documents

📸 Predetermined Scan — scan only what you need: photos, videos, audio, or documents

🗂️ Custom Scan — target specific folders or file types, including custom extensions

✅ Select & Preview — choose which duplicates to delete and preview files instantly

📊 Filter & Sort — organize duplicates by filename, size, or group them easily

🛡️ Secure Delete — safely remove duplicates and see exactly how much storage you’ve freed

Minimal, intuitive, and fast — Binary Sweeper helps you reclaim storage and keep your device clutter-free.

For assistance, bug reports or feedback, write to creatives.fw@gmail.com & we'll take care of you, with love.","scan, storage, files, duplicates, binary",https://play-lh.googleusercontent.com/pJo5Qs0lmmJMszW6uYsOjIdxIbynM7e3yta0TLwkf0kYIxWNsXCoRPeoPgjGj1OSA-f2BfMPmmkik8lekUZ00IE=w526-h296-rw,https://play-lh.googleusercontent.com/V8lJqDEvwxAjAZFY58SdmGLgTj4wlPPraCRrcNWCEQyPIYwv-jy-2zJ5JQKdlWRwSiTPOVPliH_-ZX_T9wtlwA=w526-h296-rw,https://play-lh.googleusercontent.com/fqDK_ifCIuPm-flNCBwri8CmWpD2pBsx84YqlwzKos6wWmcsj7H8TbR3ZlqJapvlygE54uvWSrTZ8J9WP3hM=w526-h296-rw,https://play-lh.googleusercontent.com/w2rpA9gKrUGvvlEKVRlcwa-CsmG4uG-8iEtWYL9JgKtdi6TChdCqCnYlanPR-RRJ_RiLTK-gFb7z7MYhUtE0S6g=w526-h296-rw
,Flare Cleaner,https://play-lh.googleusercontent.com/U4MacBHumJqyc5rUHLV76Zdts2aCyPTcx767DvvoAG_9EtB1UVgS60T8IT7PUxafjksNlWreZEb8-N9Qk4tz=w240-h480-rw,1M+,"Jan 31, 2026",4.5,3.56K reviews,https://play.google.com/store/apps/details?id=com.flare.cleaner.storage&hl=en_US&gl=US,Online Radio & Music Apps,"Flare Cleaner is a practical utility tool designed to help you manage your Android device’s internal storage and organize your files. Flare Cleaner provides the insights you need to identify what is taking up space and helps you reclaim storage by removing unnecessary files.

Core Features:

1. Large File Manager

Large videos, high-resolution photos, and old archives are often the primary cause of a ""storage full"" notification. Flare Cleaner makes it easy to find them:

Smart Sorting: Organize files by size, file type (Video, Audio, Document), or the date they were added.

Detailed Review: Preview files before deciding to remove them, ensuring you don't delete anything important.

Bulk Management: Select multiple large items to free up space in seconds.

2. Picture Management

Picture can quickly clutter your gallery and consume storage over time.

Automatic Detection: Our tool identifies Picture across your device and groups them in one convenient location.

Quick Review: Browse through your captures and easily delete old, accidental, or redundant Picture that are no longer needed.

3. Application Manager

Get a clear overview of every application installed on your device.

App Insights: Sort your installed apps by name, installation date, or the amount of storage space they occupy.

Simplify Uninstallation: Identify apps you no longer use and uninstall them directly through the interface to keep your app drawer organized.

Download Now!","storage, files, them, picture, flare",https://play-lh.googleusercontent.com/osGZvTduSzV0YnBzU9Hefh4vnGE4zAP3_Sl0-MjmY42r1U2E3Vn8GLNzvD41K0fWVPgIxxRtRy5Mv7i_PId0Vw=w526-h296-rw,https://play-lh.googleusercontent.com/qiz1E4nptHWKzWkuav4U-FN_ijeCz6EnAy-1hy_cEsIPP8hoDuuPEOxM5o9gR75b744Ye68I0VXx4nTgnzUuDw=w526-h296-rw,https://play-lh.googleusercontent.com/rGTU-S6CLR-y8WaeJHDzE0vPjGI1ey7jXYao7wRQoU_A2DkYFBRsiY-WWgZR3qP0BKYgGbJbv_YTprOieGKA-w=w526-h296-rw,https://play-lh.googleusercontent.com/11rAGdgyudTw8NfCIB6I96Kqg4KjbCfpWcitYZvkgn8NJLZIFL4OKjS0wOMDyiI1nGEuN8bqGgOMYd1euhcELxQ=w526-h296-rw
,Flash Recovery,https://play-lh.googleusercontent.com/2HTdGo0xgQihSDUhtWs2k7qUe0lMWdnzeUe7iEnmAND41fbrphbruWqhQDJbZCBgJ_XxrFimFPsMOUz16gK0eA=w240-h480-rw,100K+,"Mar 26, 2026",4.5,415 reviews,https://play.google.com/store/apps/details?id=com.photo.recovery.restore.filesrescue.best&hl=en_US&gl=US,Technology Hub Pro,"Flash Recovery – File Restoration Tool

Flash Recovery is a functional data recovery application designed to help users locate and restore deleted files from their device’s internal storage. The app uses efficient scanning methods to detect recoverable data across multiple file categories, including media, documents, and audio files.

Key Recovery Features

Photo & Video Recovery

Supports detection of deleted images such as JPG, PNG, WEBP, BMP, and GIF, along with video formats including MP4, MOV, AVI, and MKV.

Document Retrieval

Identifies commonly used document formats like PDF, DOC, XLS, and PPT stored on your device.

Audio Recovery

Scans for lost audio files in formats such as MP3, WAV, and M4A.

Wide Format Support

Compatible with standard Android file systems and a broad range of file signatures.

Scanning Capabilities

Quick Scan

Efficiently detects recently deleted files for fast recovery.

Deep Scan

Performs a detailed analysis of device storage to locate older or hidden files.

Preview Before Restore

Allows users to view recoverable files before confirming restoration.

Offline Processing

All scanning and recovery operations are performed locally on the device.

File Management

Organized Results

Recovered files are grouped by type for easier navigation.

Simple Search

Quickly locate specific files within scan results.

Selective Recovery

Choose only the files you want to restore.

Privacy & Security

Local Data Handling

Flash Recovery does not upload, store, or share your files on external servers.

No Account Required

Core features are available without login or personal information.

No Data Tracking

The app does not collect or monitor user activity.

Permissions

Storage Access Permissions

Required to scan and analyze device storage, including deep scan functionality and file restoration.

How It Works

Select the file type you want to recover (photos, videos, audio, or documents).

Start a Scan.

Browse the detected files in the results list.

Select and restore files back to your device.

Notes on Recovery

Recovery Success

The ability to restore files depends on whether the original data has been overwritten. For better results, reduce device usage after data loss.

Compatibility

Supports most Android devices running Android 7.0 and above.

Lightweight Design

Optimized for performance with minimal impact on storage and system resources.

🔥 Install Flash Recovery and restore your files anytime.","files, recovery, file, data, restore",https://play-lh.googleusercontent.com/pGl8oVLciDSjm0vOLdjgNysj0-s6HIxqISMsUqilosBfb4XTE3p6YrKedrsK3aW506pix6M4LzgBR7C-AUn89A=w526-h296-rw,https://play-lh.googleusercontent.com/fOioT8FFXdgbGl4BVj7z-SGS3RoCY_31u5Vl4PzgRo7fueV9gD5JrRCcdgjvwe67PZ8bs3Fz9zvsfuMob5LQ4w=w526-h296-rw,https://play-lh.googleusercontent.com/HjkicL5YWvzNATSU3KKrYDBI3bjPglqyFR8o0qP2NwgbAXE3pcLWumRoSrY_Qlvppfu-hO3uv-P1xlP4T3a6Tws=w526-h296-rw,https://play-lh.googleusercontent.com/MaThTvmN13UkCVFZM4pqHPkReTK4LX5VNpUOqIcs6UFxzGpJox3m-qUJHwjEWT_blk40k4tn-sDFccE2Q5_mIA=w526-h296-rw
,GPS Field & Land Area Measure,https://play-lh.googleusercontent.com/4ZzLx1iVqxcwgnpumab-w6NdALoobT4RNbBH27Re_H-eLF7WEeqNOA-52P774aVqriPO9ROkVS5jO7NTtoG9UcE=w240-h480-rw,10K+,"Feb 27, 2026",N/A,N/A,https://play.google.com/store/apps/details?id=gpsareameasure.areameasurement.landareacalculator.fieldmeasure.landmeasurement&hl=en_US&gl=US,Tech Scale Apps,"Measure land, fields, plots, and distances easily with
GPS Field & Land Area Measure
— a simple and accurate
GPS area, distance, and perimeter measuring app
. Whether you’re checking land size, planning fencing, or measuring property boundaries, this smart
map measuring tool
helps you calculate area and distance in just a few taps.

This app is designed for anyone who needs reliable
land measurement
— from farmers and landowners to real estate users and outdoor planners. Simply
mark or trace points on the map
and instantly get accurate
field area, perimeter, acreage, or distance
results.

🔹 Key Features — GPS Field & Land Area Measure

✅
Area Measurement on Map

Tap to mark points around land, fields, plots, gardens, or property to calculate total area — ideal for
acreage measurement
and land planning.

✅
Distance & Perimeter Measurement Tool

Measure the
distance
between two or more points or calculate the
perimeter
of any boundary, fence line, or walking route.

✅
Multiple Measurements in One Session (USP)

Measure
several areas and distances at the same time
without clearing the map — perfect for comparing plots, planning layouts, or surveying multiple zones.

✅
Pin Location (POI Finder)

Tap anywhere on the map to view the
latitude, longitude, and address
of that location — useful for location sharing and reference.

✅
Offline Measurement Support

Continue measuring area and distance even without internet once maps are loaded.

✅
Multiple Units Supported

Switch between meters, kilometers, miles, feet, yards, acres, or hectares anytime.

✅
Save & Review Measurements

Store your
land and field measurement
history for future use.

🌍 Perfect For

✔ Farmers measuring crop fields or farmland

✔ Landowners checking property area & perimeter

✔ Real estate buyers & sellers

✔ Contractors & layout planners

✔ Outdoor route & path planning

✔ Property managers

✔ Homeowners measuring yards & plots

Also useful as a
basic land survey helper
for general reference.

🧭 How to Use

1️⃣ Open the map

2️⃣ Drop or trace points around the land or along a path

3️⃣ View
area, perimeter, or distance
instantly

4️⃣ Save or edit when needed

Fast. Simple. Accurate.

⭐ Why Choose GPS Field & Land Area Measure?

•
Accurate & reliable GPS-based calculations

• Measure
area, perimeter & distance together

•
Works offline
after maps load

•
Measure multiple fields in one session

• Lightweight & easy to use

• Clean, intuitive interface

• Great for
map field measurement & land survey assistance

Turn your phone into a smart
land area calculator and distance measuring tool
anywhere, anytime.

⚠️ Disclaimer

GPS Field & Land Area Measure
provides approximate measurements for general reference and is
not a substitute for certified land surveying
.","land, area, measure, distance, field",https://play-lh.googleusercontent.com/5fk-Ojz4yDq1m3gjz8kqIZJlBDwoZvKXqdmLG61H4MksMFvC-mx8cBLd-YmWqXy5qSqnKJPtN_-w7yMDt7dv=w526-h296-rw,https://play-lh.googleusercontent.com/xHUBAilgFpKbIm2eUBw281haNTZWlQRk-2f9pfCRK5UJom487-x5RqfKIXDVO7L_ABvkSo_ir42hEtbbjR--=w526-h296-rw,https://play-lh.googleusercontent.com/Rw2xzKexefTq_CNgqsZEXS6xRJo-XKFXce8YRHEFHJt90GTE7q-GIUiOSRhqngpI_7ipqjiyez4I78H_Q-Beovw=w526-h296-rw,https://play-lh.googleusercontent.com/pkd9XEtBPmvOMLfD3QaXY-sIw5rmY527kE53v4bPEyRuduUt7lEIt7N-jbbAIbzOCmsNTWz3Uut0eMZDpVftow=w526-h296-rw
,Group Expenses - SplitPatron,https://play-lh.googleusercontent.com/VhUK3DkjAsQxriV089SKP8HTBrL_SWzLX2Ma_FjDr-3q1EJ7iM6_jDZ61KGfBrAcJbLGJ2rAN55wMgAEz8Pe=w240-h480-rw,5K+,"Dec 13, 2025",5.0,23 reviews,https://play.google.com/store/apps/details?id=com.splitpatron.app&hl=en_US&gl=US,splitpatron,"Manage group expenses with SplitPatron: the all-in-one app to split simple bills, track expenses, share tasks, create grocery lists, and settle payments with friends, family, or roommates. Download now to start managing your expense in 2026.

Be it planning a trip, living together, or organizing events, SplitPatron keeps everything simple clear, fair, and stress-free.

- Split Bills Instantly

Easily split bills with anyone. Add amounts, choose who pays, and let SplitPatron calculate the rest. No more confusion or awkward conversations. you can split bills in 4 and worry no more.

- Track All Expenses in One Place

Stay organized with a clean expense tracker. Monitor shared spending, view balances, and keep group costs transparent.

- Share tasks with ease

Create and assign tasks for your group. Great for household chores, event planning, or team activities. This way, everyone knows what to do and when.

- Create & Share Grocery Lists

Create shared grocery lists where everyone can add items in real time. No more duplicate items or forgotten essentials.

- Pay easily and seamlessly.

See who owes what and settle up quickly. Keep track of balances and clear payments with ease.

⭐ Perfect For:

• Roommates handling common expenses

Friends split restaurant bills or travel costs.

• Organization of grocery lists and tasks by families

• Groups planning events or activities

Anyone looking for fairness, clarity, and simplicity.

- Simple. Fast. Transparent.

SplitPatron is designed for ease of use, clean navigation, and accurate calculations, making group management easier than ever. Try SplitPatron today and enjoy stress-free bill splitting, shared tasks, and smarter group organization!

What our users usually search for.

1. College group expense tracker

2. Split bills with roommates free

3. Group trip expense app

4. Split bills with friends

5. Expense sharing app

For questions or concerns, contact splitpatron@gmail.com","group, split, bills, splitpatron, tasks",https://play-lh.googleusercontent.com/xF1_uSoE7c2wE0v6G8V5ksS9T3VmtIhIfJ6sP9REiExQNyla3KGyFtcdA7GKeTM3BDs4ChgWqh5cc5ZBYwFt6g=w526-h296-rw,https://play-lh.googleusercontent.com/J-exITXmpqHiQ8TIOR0-Jc-RQIo7jFWbSbbMNdp_X1rh3iy1WjtLWnwhVbT9H3KCeiIKSMLD_N0462zIBpl8Vg=w526-h296-rw,https://play-lh.googleusercontent.com/URdHlYSEWYncBDZH0ZUNS0lVabKQxSCcU_vP8ZEaEEbipLb8HcJA20aK8YLbKH0WwpqhypNGb9FSx6VJz9mMrQ=w526-h296-rw,https://play-lh.googleusercontent.com/Uv3knjcseqaHoMQDcLzYGFaq3INKeL1fo_Fhokpf-_0u3zgpkBJm6VoMnxMxz3QrBq5zzJlFPa_NfVEdJFJU_Q=w526-h296-rw
,HiNoter - AI Note Taker,https://play-lh.googleusercontent.com/E0nGKnlyfLxEUWGMF_F2q2Jy-hf8gAxk7ctcnm4J8ANnMQdYrMataM3qcqWTeLgsgnf6-hO2s_qdcgtjA0FRtXc=w240-h480-rw,1M+,"Jun 30, 2025",4.7,21.1K reviews,https://play.google.com/store/apps/details?id=com.recordpro.audiorecord&hl=en_US&gl=US,Nieruo Team,"HiNoter helps you capture every idea — automatically recording, transcribing, and summarizing meetings, lectures, and interviews so you can stay focused on what truly matters.

With one tap, HiNoter records crystal-clear audio, generates accurate transcripts with speaker labels, and creates concise summaries and AI-powered mind maps. Ask questions like “What were the main takeaways from today’s team meeting?” and get instant, intelligent answers.

Why HiNoter?

●Stay focused — Be present in the moment while HiNoter takes perfect notes for you.

●Save hours — Get AI-generated summaries and mind maps that help you see the big picture instantly.

●Search smarter — Type a keyword to jump straight to that moment in your audio.

●Collaborate easily — Share recordings and notes with your team whenever you want.

●Your data, your control — HiNoter protects your recordings with enterprise-grade security, and sharing is always your choice.

Who Uses HiNoter?

●Professionals: Capture meetings, action items, and client discussions.

●Students: Record and review lectures and study sessions.

●Researchers & Journalists: Transcribe and organize interviews.

●Everyone: From brainstorming to voice memos, HiNoter handles it all.

Key Features

●One-tap recording and AI transcription

●HiNoter automatically joins your calendar meetings to record and summarize

●Upload audio files or YouTube links for instant transcription

●Speaker identification with high accuracy

●AI-generated summaries and mind maps

●Ask AI anything about your recordings

●All your recordings and notes are securely encrypted

Subscription Plans:

Description: This is a continuous subscription service (Weekly / Yearly). During the subscription period, users can access all features of the app without limitation.

Payment: Once the purchase is confirmed, the corresponding fee will be charged from the user's iTunes account.

Auto-Renewal: 24 hours before the current subscription period ends, Apple will automatically charge the corresponding fee from your iTunes account to renew the plan (weekly or yearly). Once the renewal is successful, your membership will be extended for the next billing cycle.

Cancellation: To avoid being charged for the next cycle, please cancel your subscription at least 24 hours before the current period expires. After cancellation, no further charges will be made.

Terms of Service: https://recorder.nieruo.com/agreement/terms-of-service.html

Privacy Policy: https://recorder.nieruo.com/agreement/privacy-policy.html","hinoter, subscription, recordings, automatically, meetings",https://play-lh.googleusercontent.com/dQ4MbEYD8d7SVg_azADNDFtU0l8Fw-EY7YcDy3nbcwd4pnfCKZ6g8Zf2WcsvADNJjlP2l2JymnfwsZVCvE-CyA=w526-h296-rw,https://play-lh.googleusercontent.com/jQXguhrb9BN_duntNqdsUlz0zbPdRUY1veyvOraYbvoO3flucyUoBDIRxdkMPIvfztJsR78V-xceoSy54txMnw=w526-h296-rw,https://play-lh.googleusercontent.com/g27OdSw9IxDBgzprkUehaziSxbTROF71KcufK7O9f4-E73C4zWF_qGXAyrzgrTs9pXuwLzWQlhzKzjD4x26iYQ=w526-h296-rw,https://play-lh.googleusercontent.com/7qTr9KPAIGKnlC8eG0c7IjxyS6dibrpdUGjOcem0ew23phTwhWVZF2i1qd9_J3VKVdoKXxsnKrbAyomvk3U65A=w526-h296-rw
,Kittysplit: Bills & cost split,https://play-lh.googleusercontent.com/c1tVJ_hvafgvHnz8g9e_RQyHlfrBVoPRp9cEJNp1mzQ0L8T2bLZb0d4taDmglBjwJxI=w240-h480-rw,10K+,"Aug 1, 2025",4.9,263 reviews,https://play.google.com/store/apps/details?id=com.kittysplit&hl=en_US&gl=US,Kittysplit,"Kittysplit is the easiest way to share bills and split costs with friends. Period.

It's the simplest way to calculate who owes what in group trips, vacations and travel expenses, and for tracking shared finances for couples, households and families. No expense limits, no nonsense.

Your friends can simply open the unique event link - Kittysplit also works without an app in any browser, and can be used completely anonymously - creating an account is optional.

Kittysplit will always be free for a basic event.

How it works:

- Create a Kitty by specifying the name of the event or group and your names

- You don't need to give us any data, your friends don't need to have the app installed

- Share the unique Kitty link with your friends, so they can participate add their own expenses

- Add your expenses, Kittysplit tells you immediately who owes what and how to settle up

- That's it, you're done!

Kittysplit is great for:

- Group vacations and weekend trips

- Traveling with friends around the world

- Weddings and bachelor/bachelorette parties

- Family vacations

- Spring break and music festivals

- Couples or housemates splitting their bills

- Lunch groups between co-workers

- IOUs and keeping track of debts between friends

- And much more

Here are some of our awesome features:

- Open Kitties on any device even without installed app simply by web link

- Works on Android, iOS, Windows, Linux, MacOS, ChromeOS, basically any device that can open a webpage (maybe even your fridge)

- Kittysplit always calculates the easiest and quickest way to settle all debts

- Assign a category to each expense and filter your expense list accordingly

- Export to a Spreadsheet

- Split expenses equally or unequally by weight/shares or individual amount

- View history of all changes to a Kitty

- Friendliest customer support

- Much more coming soon

- always free for basic events!

Super Kitty features:

- Attach photos to expenses e.g. a bill

- Add expenses in any foreign currency (automatic conversion in 120+ currencies)

- Default shares (useful for grouped participants)

- Read-only access

- much more coming soon","kittysplit, friends, expenses, any, kitty",https://play-lh.googleusercontent.com/QmIunFe0RTtlbM5YMgtvz4PYkVJYONIyg13ha7r-UBLaGuAXlg84bo9spweiVJMOTP757FASZfM0tK-8argu=w526-h296-rw,https://play-lh.googleusercontent.com/fIvUYhh3vi2TZAnE1MsjZ5SV_CZZY2imRXvLt5o3pNpBsmm2sYetjGuLykPKEGu8D4ZZtPSWhPQVAd0JO5DgAA=w526-h296-rw,https://play-lh.googleusercontent.com/lqm4LmikohGeTisnxTwJNxs1fA_CUVsIkiu0by4WlE2W6uhXdspIsb5CcKi7K3L9TIKyrIW5kyvdEc0p6VpU=w526-h296-rw,https://play-lh.googleusercontent.com/nIbwHvrKz8XqTJVI-v3Tpdlp55MyPdQFS9jwo3yZu6fNta2YiUPBUsyVCIarbXUumUz_MVwtiewSrLz0n4DVOto=w526-h296-rw
,Merge PDF Files - Combine PDF,https://play-lh.googleusercontent.com/5u--AxNr-QZw-vMEE4tj3NXQPhQ1FTm4na92dkMKqdHCTRiMotAOgKpnTdd2WQO9wQVxrEe7YRmzxNLKRETA=w240-h480-rw,5K+,"Feb 20, 2026",N/A,N/A,https://play.google.com/store/apps/details?id=com.merge.pdf.pages.combiner.files.merger&hl=en_US&gl=US,EclixTech,"Need a fast and secure way to merge PDF files into one file?

Merge PDF – Combine PDF app makes it easy to merge PDF files and combine PDF Files in seconds. Whether you want to merge PDF files for work reports, assignments, office documents, or personal files, this PDF merger app helps you combine PDF smoothly without losing formatting or quality. Our powerful Merge PDF App ensures fast processing while keeping every PDF clear and professional.

In addition, the Merge PDF and Combine PDF App offers all the tools you need to manage your documents. With this enhanced pdf combiner and pdf merger app, you can rearrange pages before merging, add page numbers, and lock or unlock files easily. After you combine PDF files, you can rename, print, share, and save your output instantly — making it the simplest way to merge PDF files free and stay organized.

Key Features of Merge & PDF Combiner App

• Split PDF: Divide large PDFs into smaller, manageable files.

• Compress PDF: Reduce file size without losing quality for easy sharing.

• Add Watermark: Protect your documents with custom text or logos.

• Sign PDF: Add your signature to PDFs easily for approvals or verification.

• Rearrange Pages: Organize pages before merging for perfect order.

• Add Page Numbers: Automatically number each page for a professional touch.

• Lock & Unlock PDF: Secure your files with passwords or remove locks as needed.

• Manage: Rename, print, share, and save your PDFs easily with just one tap.

How to Use Merge PDF Free App

► Select PDFs: Choose multiple PDF files from your device or create a new PDF.

► Preview & Arrange: View your selected PDFs and reorder pages if needed for perfect organization.

► Merge PDFs: Tap to combine all files into one high-quality PDF.

► Save & Share: Rename, print, share, or save your PDF with just one tap.

Who Can Use PDF Merger & Splitter?

• Students & Teachers: Merge assignments, notes, and lesson materials easily.

• Business Professionals: Combine reports, invoices, and presentations into one PDF.

• Legal & Real Estate: Consolidate contracts, agreements, and property documents securely.

• Healthcare Professionals: Organize patient records and reports for easy access.

• Freelancers: Send invoices, contracts, and project files as a single organized PDF.

• Anyone needing a simple pdf merger free tool for everyday tasks.

Why Choose Us?

• Fast & Easy: Merge and combine PDFs in seconds with a simple, intuitive interface.

• Complete PDF Solution: Rearrange pages, add numbers, lock/unlock, split, compress, watermark, and sign PDFs — all in one powerful pdf merger app.

• High-Quality Output: Keep your PDFs clear, organized, and professional.

• Secure & Private: All files are processed locally on your device — your data stays safe.

• For Everyone: Ideal for students, professionals, freelancers, and anyone managing multiple PDFs.

Get Started Today!

Download & experience the easiest way to combine, and manage PDF files with just one tap. Whether you need a quick and reliable pdf merger and splitter, this app has everything you need. Keep your documents organized, secure, and high-quality for school, work, or personal use. Download Merge PDF – Combine PDF Files today and simplify your PDF tasks instantly!

Disclaimer:

This app is independently built and 100% original. We strictly protect your privacy and do not share your personal information with any third parties.

Privacy Policy:

https://www.itspdf.com/policy

Terms of Service

https://www.itspdf.com/termsandconditions

Support Email: eclix.suport@gmail.comnotes","pdf, files, merge, combine, app",https://play-lh.googleusercontent.com/BDmhVV8pTvRFPhjNcqe9qzt9wWmeD_G7fVOgXlBv44BKwXfOUr5TQBTdB3TpbirYAPI6wta6q_Ly_ApW0sw5MQ=w526-h296-rw,https://play-lh.googleusercontent.com/EW7Pw7gRn89xSeJXmhvDj5oHstC2sVuHBRYqD2Zi_-Jjbb4iyWb2bbemtrdBRbkt50lRTrcu-BrtOUwSuwZxEg=w526-h296-rw,https://play-lh.googleusercontent.com/KidmM313Ao1u_VxcW_YDKRe3HnCNl0ZMMAunnKPjXc2wxeefYgDNT03KlluzrDn8YZlTjz1--s9ji1Y_e_B-=w526-h296-rw,https://play-lh.googleusercontent.com/t4B3j_aMh8Aj0nnleJm7jBUUbMbtYLTl0oOS2-IYYQ-8aFdv2PZ6E28bOeod8FnWpGP55YwleaTpk1JOsytZ=w526-h296-rw
,Mileage Log from Google Maps,https://play-lh.googleusercontent.com/vfod6JkHIPdQaBinpdNh8_2jPJrvDzdXkvAvGH3N1OuPYri-P_AxAxul6fKTAu5oJiyyj8WI_UfvsDz2bjtC=w240-h480-rw,10K+,"Nov 19, 2025",4.5,100 reviews,https://play.google.com/store/apps/details?id=com.mileagewise.timelineapp&hl=en_US&gl=US,MileageWise Inc.,"Your driving history is saved in your Google Timeline. And now, you can use it to save $1,000s on your taxes.

Google Timeline quietly stores your past trips. This app by MileageWise helps you
export your Google Maps Timeline data and turns it into a mileage log
to claim maximum mileage deduction on your business mileage!

Try it out for free. Import your previous month and see how much you can save on your taxes!

Whether it’s for claiming mileage tax deduction, providing documentation for an audit, or tracking your mileage, this Google Timeline Mileage Tracker makes your Google Timeline history accessible and professional.

Here’s what you can do:

📥 Download your Google Timeline data

📤 Turn your Google Maps Timeline history into a mileage log -

✍️ Review and edit your trips if necessary

💻 Keep working from a comprehensive desktop dashboard (optional)

🔍 Get suggested fixes to automatically flagged mistakes for IRS compliance

🗂️ Export your audit-proof mileage log in Excel/CSV/PDF

🚫 Stay focused: No ads, no upsells, just clean mileage logs

Deals for past years:
Choose one of our one-time payment packages to access past years and create mileage logs retroactively.

Deals for future tracking:
Our low-cost subscriptions work as mileage tracker app replacements. Your subscription allows you to upload Timeline data for the month of purchase and each following month while your subscription is active. Upload your Timeline files regularly, or just come back at tax season and complete your mileage log in one sitting.

Unique Lifetime Deal

MileageWise offers a unique Lifetime Plan, making it a smart alternative to mileage tax tracker apps like MileIQ, Everlance, Triplog, Driversnote, or Stride. If you are tired of endless monthly fees, pay once and enjoy an alternative mileage tracking experience forever.

Bonus features

• Track vehicle-related expenses

• Add odometer readings for added accuracy

• Distances match what IRS auditors verify in Google Maps

• Classify trips and destinations as business or personal in bulk

• Use with multiple cars or devices

• Save client locations and companies by name or POI

• Bulk import trips and clients from other programs (available on desktop)

• Secure cloud data storage

Perfect for:

• Creating a retroactive mileage log for maximum deductions

• Backing up your mileage claims for an audit

• Replacing your business mileage tracker app

• Reviewing and analyzing your business travel

If you're tired of:

- Sorting out business miles and vehicle trips

- Manually recalculating distances with Google Maps

- Struggling to structure your data in Excel

- Missing trips because of unreliable mileage tracker apps

- Reviewing your trips for mistakes that could risk an IRS audit

This is your shortcut to a smooth, structured mileage log.

From 1099 freelancers and independent contractors to gig workers, real estate agents, business owners, and small teams, anyone can fill in their mileage logs, streamline Schedule C filings, and claim higher tax reimbursements.

👉 Try it now for free — and watch your investment turn into $1,000s of tax savings with MileageWise.","mileage, google, timeline, trips, log",https://play-lh.googleusercontent.com/RBJ69cygGU8Vnykcw1BdQiWNwTKtnKBlcRMG9q__npisuP7WvAMpfkOvy_PaNEz03HXxl-FFVPtoc2S8fLXNKag=w526-h296-rw,https://play-lh.googleusercontent.com/7blyGAdeUzEHXgyxOUm3y88E_dGbK1IUsKLve_5HyWMmmA4homPAeIvm2xpSuTqquxi01mbRubkNGwRStaE=w526-h296-rw,https://play-lh.googleusercontent.com/1XqCEYt8SofIrF8DP1R2Nlsj1F_I3aCBiTnHBbpAmbkuzlyfxsMm0d4xaQY3UiflJfELHzlb-e60IyyyafRHTA=w526-h296-rw,https://play-lh.googleusercontent.com/s4DKiz1Hshfs15eqMqhDzANxn3Nt7cOuCk0ptW2kcoBvA73R21LWsWujOQAsQPK8m6PTPpwSsDvlyaxPOEQC=w526-h296-rw
,Mobile Data Usage Monitor,https://play-lh.googleusercontent.com/-cNbpFnO0-Xy2JaGZy9MbGYo5ioS4FqLVYWP6-Iu9J-7agsenZ4F0a7qVgLMOk_SeXqJY51ZEoUVJ3dboB-Pvw=w240-h480-rw,5K+,"Dec 29, 2025",N/A,N/A,https://play.google.com/store/apps/details?id=com.smartfactory.datasaverpro&hl=en_US&gl=US,Zubbly Studio,"Mobile Data Usage Monitor is a mobile data dashboard for Android.

Use it to review app data usage, check network activity, and access optional on-device VPN-based tools in one place.

Main features:

- Mobile data usage dashboard

View app-level and session-level data activity directly on your device.

- Traffic activity monitor

Check how much mobile data your apps are using and review usage trends throughout the day.

- App activity visibility

See which apps are active on your network so you can make informed decisions about your mobile data usage.

- Optional local VPN-based tools

The app may use Android VpnService, after permission is granted, to support on-device network monitoring features and related app functionality.

- Multi-language support

The app is available in multiple languages for a broader range of users.

Important notes:

- The app does not guarantee reduced data usage, better signal quality, faster internet, or improved network performance.

- Results may vary by device, Android version, carrier, network conditions, and app behavior.

- VPN-based features are optional and only start after user consent.

Mobile Data Usage Monitor is designed to help users review data usage and access network-related tools from a single interface.","data, usage, app, mobile, network",https://play-lh.googleusercontent.com/Jlh8KKls0XfDY1v3CM7yAdEMimxFXDe29Hf71NJ3kVfVkK2GxUsTHcuqFfP_Zm_Q2Vwk5DeUtYz4JCy_Ns3xpg=w526-h296-rw,https://play-lh.googleusercontent.com/2P03SGP_g9T5ZGhgMK-eSHczTSwRYFTSRpRQTcgmY1jbKv66-d5Gyx8HD049N3k9uU-97j-BYdR84VTLtA9eEw=w526-h296-rw,https://play-lh.googleusercontent.com/WtV0HBRdoJFENTfVBQJwj8h9iMFg6Ko65-lGnlwJ3zQ0V5q-DWsZkKAODjuSwpWNIdYoxrNuiJDNk5TEONj7cw=w526-h296-rw,https://play-lh.googleusercontent.com/FDeDefPzFLmm5Gqtutvf28_fLLkIa8TpuNZ4KNGZ1llXrWjIjGLOI_fbd4IHwKkqyb8IaDHbOlw4s8PIsrCLvA=w526-h296-rw
,MP3 Cutter & Audio Editor,https://play-lh.googleusercontent.com/S2bEqYTgzKGI0NDMUOtT_VmDvAG_qNBBP_W3oPnAKx6ILqhJwNZvmBGdk_b9HyFd2zyMLUXoaX6g7kNkVFmn1AM=w240-h480-rw,1M+,"May 9, 2025",4.6,28.3K reviews,https://play.google.com/store/apps/details?id=com.xs.top1.audioeditor.mp3cutter&hl=en_US&gl=US,Bizcraft Apps,"MP3 Cutter & Audio Editor – Easy Sound Fun!
Have you ever tried to make a custom ringtone only to find out the song file is just way too long? It is really amusing to see how a simple piece of tech can actually take those heavy tracks and make them short in seconds. MP3 Cutter & Audio Editor is built for those awkward moments when you just want to trim a clip on your device. You keep your favorite music but the editing speed is just much better. It feels like a total win when you finally get that perfect notification sound ready.

✨ Audio Magic Features ✨:

🎬 MP3 Cutter & Audio Editor for quick track shrinking;

🎵 MP3 Cutter And Ringtone Maker for professional sound extraction;

📉 Music Cutter: Sound Song Editor for easy wave management;

🛠️ Cut MP3 Splitter for final clip touches;

🔊 Cutter MP3 Ringtone Creator for easy listening to your alerts;

📲 MP3 Ringtone Cutter for mobile alarm synchronization;

⚡ Fast results for every single person using it;

✂️ Simple merging for all your daily mashups.

How to best enjoy your MP3 Cutter And Ringtone Maker!
Life moves fast and honestly it is just nice to have a way to turn a messy audio file into a simple notification sound without any stress at all. Using the software to fix your library or even to clear up your playlist is fun and is streamlined for everyone involved. It is that simple to use the MP3 Cutter And Ringtone Maker to brighten up your phone alerts.

📷 Snap and Process:

With the Music Cutter: Sound Song Editor, magic feels as if it can occur on your screen while the app processes the waveform. In just seconds, the software makes the clip much lighter for sharing with your friends. All you have to do is tap the start time and let the software do its work. This helps settle those nervous feelings when you are trying to find the perfect beat. Perfect results become possible with the smart mode, activated within the Music Cutter: Sound Song Editor to protect your creative vision.

📅 Beyond Basic Swaps:

The Cut MP3 Splitter feature has great benefits for your creative audio projects. It even helps you with high quality tools like millisecond precision or fade-out effects. Using the built-in Cut MP3 Splitter system, you can pick between a quick trim or a complex multitrack mix. It does the heavy lifting so you can focus on the melody. Users of the Cut MP3 Splitter have a great experience when they customize their sounds.

🖼️ Quality and Vision:

The Cutter MP3 Ringtone Creator is best shown off when you need to grab a specific vocal from a long recording. Check the output folder so you can see your new high quality file ready to set as an alarm. Users like to see the Cutter MP3 Ringtone Creator results right on their own devices. The software really makes the Cutter MP3 Ringtone Creator feel very fast.

🎁 Daily Shooting Power:

What differentiates this MP3 Ringtone Cutter from others is the way it handles almost every audio format like FLAC or OGG. It is that little extra piece of functionality that helps the MP3 Ringtone Cutter stand out from basic editors. Users like the easy navigation and the way it handles batch video conversion. They really like how the MP3 Ringtone Cutter keeps their media ready for a fresh start. Most people find that the MP3 Cutter And Ringtone Maker provides the best results for their specific music needs.

Start Enjoying MP3 Cutter & Audio Editor Today!
Fixing your audio should be quick! This app is all about quick swaps and fun ways to manage your tracks while you are busy. Enjoy the software and have fun with what the technology does for your phone. Go ahead and download the MP3 Cutter & Audio Editor now. Experience the final results on your own phone today.","mp3, cutter, ringtone, audio, editor",https://play-lh.googleusercontent.com/N710K6ezNS-am0-y1F5k6EPGrPLK-u5DuIfC4z5dNCBMNX-YsgkPMdpoCxH7ExhOKw=w526-h296-rw,https://play-lh.googleusercontent.com/29ZUMSYQYo86GQry-sl3E5h3Z60LeoEmDqxHueV6nbHoGxVkC5_gSThQQVfedrpuTDWw=w526-h296-rw,https://play-lh.googleusercontent.com/JS7gMFlYiShGziMG2nD5gfbepWOBfjz3-U8c4F_cdehfbyFq9ogqsnBihQGNco1d759c=w526-h296-rw,https://play-lh.googleusercontent.com/kjnRyYVz2e6JtT0jDVX-XwBr132KkxJfUmEtUaM89fpmO_E3emm6ewRQHJk0oJme7YSR=w526-h296-rw
,MP3 Cutter: Music Audio Editor,https://play-lh.googleusercontent.com/59Xud_gNzxiW7ErUjUtQuLpXIn8ixtwEYvcr30NFM52H16eNi94-QmA8ACaOH6hjt5OaxIMaKg-YmgXaZaBuuQ=w240-h480-rw,100K+,"Dec 17, 2025",4.0,1.95K reviews,https://play.google.com/store/apps/details?id=com.wd.audioeditor.audiotrimmer.mp3cutter.mp3merger&hl=en_US&gl=US,WindyMob,"🎧 Looking for a simple yet powerful MP3 cutter and audio editor?

🎧 Need to trim, merge, and mix audio files quickly without technical skills?

MP3 Cutter: Music Audio Editor — an intuitive all-in-one audio editing app designed to make audio cutting, merging, and mixing fast and effortless. Whether you want to trim unwanted parts, combine multiple clips, or create clean audio tracks, this app gives you full control with a smooth, user-friendly interface.

✨ Key Features of MP3 Cutter: Music Audio Editor

✂️ Smart Audio Trimming

Cut unwanted sections or extract the best part of your audio.

Precisely adjust start and end points for clean, smooth results.

Remove silence or unnecessary parts with ease.

🔗 Audio Merge & Combine

Seamlessly join multiple audio clips into a single file.

Keep original sound quality while creating longer tracks.

Ideal for creating continuous audio without interruptions.

🎚️ Audio Mixing Tools

Import multiple audio files and mix them together.

Trim individual segments and keep only the best parts.

Combine everything into one smooth, customized audio track.

📂 Edited Audio Files Management

Easily organize your edited audio files.

Rename, delete, and manage files in one place.

Quickly access your finished works anytime.

💫 Why Choose MP3 Cutter: Music Audio Editor?

Simple yet capable — this app blends powerful audio editing tools with a clean, intuitive design. Enjoy fast processing, smooth editing, and a hassle-free experience, even if you’re new to audio editing.

Perfect for anyone who wants to edit audio quickly, accurately, and effortlessly.","audio, files, mp3, cutter, editor",https://play-lh.googleusercontent.com/sDCZaoBJRNVuswUVO_3GnFKA3pe8SZKH8pbZjAgy5MKHtSrmLy7MkM-9ihYclaJG2RF4E8uq897kiGDWqIwRvQ=w526-h296-rw,https://play-lh.googleusercontent.com/QWwVZJAXh4GqhJV74eRUMQV0cjvnFryUUFMYwcf26iRrpliuwbjVf_usZUNc7WRz-kjpjfVDCqytewIreIU4EQ=w526-h296-rw,https://play-lh.googleusercontent.com/qV1Epjb_X92LttOrvdA7pGeFt6nn_M0gTUJmiar_yqy24t_hovWBCobLCYBDEzxM2MG-IgXK13fL0_1xwH_b5g=w526-h296-rw,https://play-lh.googleusercontent.com/13qm4Q40M5f8AfK-MszTly9SeOWgVYvDCbn0d81UJE4g7uNBo7N_GG4kYppItWfSrqKc5gXtL8ynl7e89sl_uDE=w526-h296-rw
,MP3 Tag Editor,https://play-lh.googleusercontent.com/AX4nCcde77xhyUY9QEIZRmiro43MmPRcfPY55wSL5MSKcAr8IepQC4YL4I-aroLGHa-JkSpNhsif9mR65hYIPg=w240-h480-rw,5K+,"Sep 6, 2025",N/A,N/A,https://play.google.com/store/apps/details?id=com.creadv.mp3audiotagger&hl=en_US&gl=US,Creadv,"Organize your music like never before with MP3 Tag Editor for Android – the all-in-one tool to edit, fix, and manage your audio tags right from your phone. Say goodbye to “Unknown Artist” and “Track 01” – now you can easily update song titles, artists, albums, genres, cover art, and more to keep your music library clean, accurate, and beautiful.

Whether you’re a casual listener or a music enthusiast with thousands of songs, MP3 Tag Editor gives you the control you need.

🔑 Key Features

🎵 Edit All Tags

Song Title

Artist & Album Artist

Album Name

Genre & Year

Track Number & Disc Number

Composer, Lyrics, and more

🖼️ Album Art Manager

Add, replace, or remove cover art

Choose images from your gallery or the internet

Display high-quality covers in your music player

⚡ Batch Editing

Edit multiple files at once

Apply changes across an entire album or playlist

Fix large libraries quickly and consistently

🤖 Auto Tagging (optional)

Search for missing info online

Automatically fetch song titles, albums, and covers

Perfect for fixing songs without metadata

📂 File & Folder Organization

Rename audio files using tag patterns (e.g., Artist - Title)

Organize albums and playlists into folders

Keep your storage neat and easy to browse

🎶 Lyrics Support

Add and edit lyrics directly in your audio files

Enjoy synchronized or unsynchronized lyrics in compatible players

📀 Wide Format Support

Works with MP3, FLAC, WAV, M4A, OGG, WMA, and more

Edit and organize different audio file types without hassle

✨ Simple & Powerful

Clean, modern interface for easy navigation

Quick edits for beginners, advanced options for power users

Works offline – no internet needed for manual edits

🌟 Why Choose MP3 Tag Editor?

Keep your music organized and polished

Save time with batch tools and auto-tagging

Enjoy personalized collections with accurate info and artwork

Works seamlessly with all major Android music players

Lightweight, fast, and designed for mobile use

🚀 Perfect for You If:

You download music from different sources and want to fix messy tags

Your songs show “Unknown Artist” or “Track 01”

You want every track to have proper album art

You like lyrics embedded into your music files

You want to rename and organize your files automatically

Take full control of your music library today.

Download MP3 Tag Editor for Android and enjoy a clean, organized, and visually stunning music collection right in your pocket.","music, mp3, tag, edit, artist",https://play-lh.googleusercontent.com/d46aQlyZwUgdOtMB8pWzkT1l36FgyC5QNIwvOXErmsIIYlcAyN50PMhENs-P5M4KZ47G7zVuTY0A7oGMFnVw8w=w526-h296-rw,https://play-lh.googleusercontent.com/_EJug8Z9hedXzR8JwFe2nuPd-OpHOsVZdLL71Rq7CvNu3GA7QivcRT3RT4um16SQ6ONRhSPBPS1A7QNMD6AupWE=w526-h296-rw,https://play-lh.googleusercontent.com/LZqwR2mBZRdTG1qhZgkawx9G2rmDeCLsTz_wA_3_PlZaYY8Yz6MHBc7hc2MnJOmko5J3JDJ7YQPQDLgqpic7sXc=w526-h296-rw,N/A
,My Exchange,https://play-lh.googleusercontent.com/xe7iXUmWSFe6_iExa0ihNJEG7NAxnxZb9dpiLb_haTGMhLquZlIQTeiLYXtdVlLkFHcy7gHpvOTPZ_RReA_5eA=w240-h480-rw,10K+,"Jan 23, 2026",3.7,53 reviews,https://play.google.com/store/apps/details?id=com.aafes.shopmyexchange.prod&hl=en_US&gl=US,Army & Air Force Exchange Service,"Welcome to the My Exchange App – your one-stop shopping destination! Discover a world of convenience and savings right at your fingertips with this official app from the Army & Air Force Exchange Service.

My Exchange App brings the Exchange experience to your mobile device, making it easier to shop and save. Whether you’re a service member, retiree, Veteran or an authorized shopper, this app is tailored to meet your unique needs.

Key Features:

🚫Tax-Free: Keep more money in your pocket with tax-free shopping on eligible purchases.

🎖️ Earned Benefit: Military-exclusive pricing privileges and financing options available only to service members, Veterans and their families — including MILITARY STAR® card perks.

🛒 Shop Anytime, Anywhere: Seamless browsing of thousands of products — from electronics to home goods — with secure, easy checkout.

📦 Free Shipping & Price-Matching: Enjoy free shipping on orders over $49 and price-matching to guarantee the best deal.

🌐 Global Access: Whether at home or stationed overseas, shop with confidence and convenience anywhere in the world.","exchange, app, service, shop, shopping",https://play-lh.googleusercontent.com/Rlm3UJ2fG_jl0CXmx0rLgI7lhmi4ppa9S4dD3Vs66PzNxcHoHVjcOpXVZ8LO5oXx9pu3ZW05ByXkqqABQk1Mgg=w526-h296-rw,https://play-lh.googleusercontent.com/p52LJhP9TmLpf1IY6WSDy_QZEpHdJ2_dCKdpfglrMAr6JiYid3BXqwPjE3eji6_nyyHyRizeMvXNCRxuEDwNU-U=w526-h296-rw,https://play-lh.googleusercontent.com/dEIL-gr8HiRUBsTMRw7G5XLIMANFzZBVFS-WybW8GuMdoWi_kHdYfJY-mnO36auD4slyYdKUxMlbXrGTKd8YlQ=w526-h296-rw,https://play-lh.googleusercontent.com/5YwaTkyZtxGVpLf-RaPw2R4InTPz0Y3l-Bj-F7GTxXkB8slD0ZWpsCGm8bI_eZpkLC_zq2PGVv8s2iNJsL6prLA=w526-h296-rw
,"Noise Reducer, PureVoice",https://play-lh.googleusercontent.com/Fgz1gMUT5_g21ymjHwMATeAZ1WLKrcjh49RHcg8U6V690mO07yCneO6G-_eqQOL4IwAPb-UmMogsTwJC_UlAbGs=w240-h480-rw,10K+,"Jul 13, 2025",4.6,50 reviews,https://play.google.com/store/apps/details?id=com.owlmyst.ai.purvoice&hl=en_US&gl=US,OWLMYST,"Instantly clean your audio with PureVoice – the powerful AI noise reducer and voice enhancer that works fully offline!

PureVoice uses advanced AI to remove background noise and enhance voice clarity from any recording. Simply record or import your audio and get crystal clear results in seconds!

Key Features

* AI noise reduction: Removes background sounds from voice, calls, voice memos, podcasts, interviews, and more

* Voice enhancement: Boosts voice clarity and quality automatically

* Real-time processing: Clean up your audio with no delay

* All offline & private: No uploads – your audio never leaves your device

Ultimate Privacy & Control

* Secure offline audio cleaning – no internet required

* No data collection, cloud uploads, or tracking

* Unlimited recording and processing duration

Fast & Professional Results

* One-tap noise removal – no technical skill needed

* Simple import/export with instant sharing

* No complicated setup, just pure results

Best For

* Podcasters and creators: Remove background noise in recordings

* Business users: Clean up meeting notes and calls

* Students: Capture clear lectures or interviews

* Anyone: Get clearer voice notes & calls

Download PureVoice now – experience true AI-powered noise reduction and voice enhancement offline with complete privacy! All features free to use.

PureVoice never collects or stores your data. 100% private, secure offline processing.","voice, noise, audio, offline, purevoice",https://play-lh.googleusercontent.com/B8TvKrT3uui8H3MYetttQAAilqt7kntJDZWy_QNr7dMT93m4fzlRAasDhu5Z57OOolefbIO9bS9HqaQL_zYVwQ=w526-h296-rw,https://play-lh.googleusercontent.com/liyWWoAT10ZPxoDWN_2JvbQ-jdwY3OoyVrQIyQ9WZCuWQLylzmVql60OLx-nZ6QzxBc0CWpNdrXziMWchLfhPQ=w526-h296-rw,https://play-lh.googleusercontent.com/EzuXfHITTaPAvo4PGIEzulAQD5jaQOulPMadbkzqk8WaNS5sxNtDGFSnJlhpEsDtGSwdmSLL9A6c8BwPbJiLWQ=w526-h296-rw,https://play-lh.googleusercontent.com/_PExrjP4Nz5r6p7RH6VIdNleP_HxK8evsw0XMiAioHRZ4KAxB5KnhdWbxACnzbf2FghZqr6weGLU5WpsnnnF45g=w526-h296-rw
,Noise Reducer: Clean Sound,https://play-lh.googleusercontent.com/SNjxqSiigXDEivjdTcw-NJ2eZW_hu8wRxHGsC1tjmYiQr-IzJsL1v5EP59OcasS5DUY=w240-h480-rw,100K+,"Jul 16, 2025",3.6,693 reviews,https://play.google.com/store/apps/details?id=com.apptinz.noisereduce&hl=en_US&gl=US,Apptinz,"🎧 Noise Reducer: Clean Sound helps you reduce and remove background noise from audio and video files, with powerful editing tools to perfect your sound.

🔍 Key Features:

✅ Effectively reduce background noise in audio and video files

✅ Remove hiss, static, echo, and unwanted sounds

✅ Supports MP3, WAV, AAC (audio), MP4, M4V (video) formats

✅ Increase audio volume after noise reduction

✅ Trim and cut audio clips precisely

✅ Adjust pitch and shift audio to suit your needs

✅ Built-in equalizer (EQ) for fine audio tuning after processing

✅ Import files from device storage, media library, or record directly in the app

✅ Enhance voice clarity for podcasts, videos, calls, and more

🎯 Who is this app for?

Podcasters, YouTubers, and content creators

Remote workers and online meeting participants

Students recording lectures and presentations

Gamers and streamers needing clean, customizable sound

📲 Upload your audio or video file, edit and clean your sound, then export high-quality noise-free files easily — no complicated skills needed.

Download Noise Reducer: Clean Sound now and enjoy professional, crystal-clear audio with powerful editing tools all in one app!","audio, noise, sound, clean, video",https://play-lh.googleusercontent.com/EYILCpdZ9_-LFOPaUkY6bawrtFnaH43Wx-M2XmxQ0swJW-ZQdpu512ZMoGLlklBmvBaE=w526-h296-rw,https://play-lh.googleusercontent.com/qtPA2QV4JE7CAI8clP0Tw5uikgM6UhyS6LMlO8Y0EUHlvChOjT9G1jKAHtSLjRGxGQ=w526-h296-rw,https://play-lh.googleusercontent.com/_Z9X34vzdPj9ZWs2QWWPapGEE0t_4lA3MIkPk2LzB6J0VZRoK3Z9hqmrxv0SILZu7w=w526-h296-rw,https://play-lh.googleusercontent.com/Ose5P30zFfjYfg5_1N6_lo-9gXeTGm90DjH7-uOhQW0d9IvkOV4b0Mo2VEh0s2Ma978=w526-h296-rw
,PDF Converter: Scanner & Maker,https://play-lh.googleusercontent.com/FJRuWV8nMkyDDRAWvg6T2NaMiPR60EUs0vo_YsaBWKCnzQBNqvQ9_X4urr7F0_7LZW8lfl_UVvyfWT2x_m0Q=w240-h480-rw,10K+,"Jun 1, 2025",4.8,991 reviews,https://play.google.com/store/apps/details?id=com.pdfconverter.jpgtopdf.imagetopdf.pdfmaker&hl=en_US&gl=US,Md Sajedur Rahaman,"Image to PDF Converter & PDF editor is a smart tool that makes converting documents to PDF fast and easy. Convert Word to PDF, images to PDF, or JPG to PDF, with ease, this file converter simplifies your everyday life. Featuring up to 12 essential tools in a single app to cover all major file conversion needs. You can also scan documents, edit, and convert to PDF easily. This all-in-one file converter and PDF creator toolkit makes your daily tasks easy and smart.

Our Smart Camera scanner feature captures documents, instantly converts to PDF, and shares them in seconds. Convert PNG to PDF, and even JPEG to PDF with an image converter just a few taps.

✨ Key Features of PDF Converter: Scanner & Maker

✔ Offline Convert: Convert files anywhere, anytime, no internet required.

✔ Batch Conversion: Upload and convert multiple files easily for better productivity.

✔ High-Quality Output: Convert to PDF and achieve high quality professional results every time.

✔ Easy File Sharing: Save, print, email, or share files to anyone.

✔ User-Friendly Interface: Simple and reliable Interface for users of all levels.

• Image to PDF Converter:

Pick an image from your phone, including (JPG, JPEG, and PNG), and convert to PDF. Our image converter provides crystal-clear PDF output.

• PDF to Image Converter:

Image converter app converts pdf documents into high-resolution images. Choose your selected format and this JPG converter delivers reliable performance and top-quality results.

• PDF to Word Converter:

Quickly change your PDF files into editable Word documents using our PDF to DOC converter. Keep original formatting, layouts, texts, and tables when editing resumes, reports, and forms in your doc file.

• Photo to PDF Converter:

Choose photos from your gallery or use our built-in camera scanner to convert photos to PDF instantly. Convert multiple photos then edit add signature, edit convert to pdf within seconds.

• Scan Photos to PDF:

The Document Scanner Option lets you scan documents, receipts, and handwritten notes. You can quickly turn your scans into PDFs with ease.

• Picture to PDF Converter:

Merge multiple pictures into one PDF or convert each image into a separate file. Perfect for converting assignment, handwritten notes, receipts, or any image into a shareable and printable PDF format using our powerful image to PDF converter.

• PDF to JPG Converter:

Share your PDF files as a JPG format with PDF to JPG converter. Select specific pages or batch convert into high-quality JPG images your full document first and perfectly.

• Edit PDF Files:

Crop Resize or rotate images, delete unwanted pages, or add new ones. Edit and manage your PDFs easily.

• Text to PDF Converter:

Convert your notes, plain text files, or written content into clean, well-formatted PDF documents. Whether you’re saving meeting minutes, lecture notes, project outlines, or quick ideas, this text to PDF converter makes it easy to create professional PDFs on the go.

• PDF to Text Converter:

Extract text from any PDFs such as (books, articles, scanned notes, projects, and assignments) with a PDF to txt converter.

• Word to PDF Converter:

If you’re a student or an employee, this app is great for converting Word files to PDF. You can use it for CVs, business contracts, university assignments, and formal letters. This reliable converter makes sure your files always look professional. Simply select your DOC or DOCX file, then tap to convert it.

• PDF to Excel Converter:

Convert tables, charts, and data from PDFs extract into fully editable excel sheets. It's perfect for converting office documents, invoices, and data sheets. Our PDF to Excel converter gives you the most accurate row and column alignment.

• Compress PDF:

After converting any documents, you can compress their size with quality (high, medium, and low) with this PDF compressor & image converter.

Download the Image to PDF Converter app now. Turn your mobile device into a handy file converter and PDF creator.","pdf, converter, convert, image, into",https://play-lh.googleusercontent.com/7TebmoECZL3UJ9a2sHOdlVMMiIOADCi1lxljcEF1Kg7JHUxEuCmPUSNmjmjMn9BBqCs=w526-h296-rw,https://play-lh.googleusercontent.com/TGMmBbqcs-DB7G3BbYsOkRUyoNMwJci-BDPAFEOQ9JnpL7zG6IB0HDCb5EGPyWQhAxg=w526-h296-rw,https://play-lh.googleusercontent.com/sRMUAAG-NYvnpZm-XG7DEnjmZaoxQfAKQTN23881GlItvwyL9dHpcdVzoZFJX7ih86c=w526-h296-rw,https://play-lh.googleusercontent.com/ZSPjLOfZ5fWM5psE1vuJNpZzj8Eq7bmFLpAF6CvLCVUnmGhgrHTX5YSJFHTFURC8zB47=w526-h296-rw
,"PDF Editor: Fill, Sign & Scan",https://play-lh.googleusercontent.com/OUwEDczIdyFL47dmlHLEF_ln_ZjErsilV5ZWH8grlkiYSHCtywifoUq2Z7XjATXDWMxC5YqEqwSlJYX0WBGMsw=w240-h480-rw,10K+,"Nov 30, 2025",4.3,523 reviews,https://play.google.com/store/apps/details?id=com.aaron.pdf&hl=en_US&gl=US,PDF Studio,"Your documents. Your phone. Done.

No printer? No scanner? No problem. PDF Editor lets you handle paperwork right from your pocket — sign contracts, fill out forms, scan receipts, all in one app.

🚀 What You Can Do

✓ Sign documents with your finger in seconds

✓ Fill out PDF forms without printing

✓ Scan paper docs with your camera

✓ Edit text and images in any PDF

✓ Add highlights, notes, and drawings

✓ Lock files with password protection

✓ Compress PDF to reduce file size

✓ Merge multiple PDFs into one

✓ Split PDF into separate pages

✓ Convert images to PDF, PDF to Word

✓ Open Word, Excel, PowerPoint files too

✍️ Signing Made Simple

Draw your signature once, use it forever. Just tap where you want to sign, resize if needed, and you're done. No accounts, no complicated steps.

📷 Camera to PDF

Point, shoot, done. Our scanner auto-detects edges, removes shadows, and makes your documents look professionally scanned.

📝 Edit Without Limits

Change text, move images, add annotations. Whether it's a typo fix or a complete markup, you have full control over your PDFs.

🔧 Organize Your PDFs

Merge scattered files into one. Split large documents into parts. Compress oversized PDFs for easy sharing. All free, all on your phone.

🔐 Privacy First

Everything stays on your phone. We don't upload your files anywhere. No cloud, no servers, no tracking. Your documents are yours alone.

📦 Light & Fast

Under 25MB. No bloat. Opens instantly, runs smoothly even on older phones.

🤖 Coming Soon: AI Features

We're working on AI-powered tools to make document handling even smarter. Stay tuned for updates!

💡 Perfect For

• Freelancers signing contracts on the go

• Students filling out applications

• Anyone who hates printing just to sign one page

Stop wasting paper. Start getting things done.

Download now — it's free to use.","pdf, documents, done, sign, one",https://play-lh.googleusercontent.com/veV6KqD9l7Il0-HcLcatFo7jvbcH8C_N-fnQPsm2YGS6DQKdjIiA45QMiOTyI06VDHiXfG13oa7zna_iO3cS=w526-h296-rw,https://play-lh.googleusercontent.com/akvFhG-ebnLbqV0biz59Hzv4YD0AqMmPZzxsHyETV-S_dG8smNNpsdevW_GNBfQHFdq1FWyemeV57hdhXFOhRkg=w526-h296-rw,https://play-lh.googleusercontent.com/JCqwFP-txV4lSsq8I_NBtNTbNH6DtwoG9PaRqqd0JKyAbY-ZgpM9R6TnPfsGkp-qdIpiw6805ursJJ2E-sFKPyk=w526-h296-rw,https://play-lh.googleusercontent.com/MUg4WlzmNXuXeVP_1MLAWcwGrSnNc3cLBjKt-89pxTF95voJhmpTp0iKmNn0S7qyRqWLdhf00CL__AIXSaei=w526-h296-rw
,PDF Reader & Smart File View,https://play-lh.googleusercontent.com/GfmEfcmWc1sj3LfjXwM75qNqZxv6v2wOR8VK1lktBi_6xlUMqHyWUQSeBAKIvcPuu9bc1F6_qomEpQqKFn1i0Q=w240-h480-rw,10K+,"Dec 7, 2025",N/A,N/A,https://play.google.com/store/apps/details?id=allpdf.pdfreader.viewer.editor.free&hl=en_US&gl=US,EXPERT MEDICAL BILLING LLC,"📘 PDF Reader & Smart File View – Fast, Simple & Powerful

Manage all your documents effortlessly with PDF Reader & Smart File View, the complete toolkit for reading, organizing, and controlling PDF files on your phone or tablet. Whether you’re studying or working, enjoy a smooth and professional PDF experience anywhere, anytime.

✨ Key Features of The PDF Reader App

📄 Lightning-Fast PDF Viewer

Open files instantly with clear text, smooth scrolling, and flexible reading modes — single page or continuous. Perfect for textbooks, work documents, manuals, and more.

🔍 Smart Search & Navigation

Find any word or phrase within seconds. Jump between pages easily with quick navigation tools.

📝 Highlight & Annotate

Highlight, underline, strike through... Ideal for editing, reviewing, or studying.

🗂️ Easy PDF Management

Rename, delete, and organize PDFs effortlessly. Access recent and favorite documents instantly.

📤 Batch Actions & Quick Sharing

Move, delete, or share your PDFs. Send documents through email or social apps without leaving the viewer.

🖨️ Scan, Print & Save

Scan physical pages to high-quality PDFs, organize them, and print directly from your device.

🌟 Why Choose PDF Reader & Smart File View?

✅ Fast & lightweight

✅ Clean and non-distraction design

✅ Powerful reading, annotation, and file tools

✅ Works 100% offline for maximum privacy

📲 Download PDF Reader & Smart File View today and take full control of your PDF world!

We’d very much appreciate if you have any recommendations or suggestions for us to improve this PDF reader app. Your kind words encourage us a lot, thank you ❤️","pdf, reader, smart, file, view",https://play-lh.googleusercontent.com/HkNBbCzkt-iNo2G1Q6d0bjM1hUFGrLnNzBxt-0fgs2WUlvLVaFZYrPgROAkx-gGawHWZos6wmr4MjdJktmhcgw=w526-h296-rw,https://play-lh.googleusercontent.com/RIMR9oVpeDH-WPm1zquzKRm9hgKTzPKIBc8KokDHpyEGlruBfyOj2M8h3QP2mVxMKFcXp5Rq2zYnquJUQSzB=w526-h296-rw,https://play-lh.googleusercontent.com/pJXh-n7UsCBvqIlQDvabcMdpn2eyAoEtcas580jYPwbMiB3w4TGftZyqJRifwdVuZsCDKHVn4FWrig3r7e-JlCo=w526-h296-rw,https://play-lh.googleusercontent.com/GPInzSSQri5t0lbDiYbX3u7g7yqTq-PzEwMngvhf2LIz5XDfF93bSzIWzKPiDbpXncXAcuFYVsxuMnpGEIvg=w526-h296-rw
,PDF Reader – Reader & Editor,https://play-lh.googleusercontent.com/1SS9G6-Pz4UaWGD8acegkTfsZWO2r9rjJhvGyGyHlZO8SrlC4nqDIMicVvO33TtlyEN42RYzzy6zypFieSfniw=w240-h480-rw,10K+,"Jan 22, 2026",4.1,40 reviews,https://play.google.com/store/apps/details?id=pdf.reader.editor.office.fancy&hl=en_US&gl=US,Fancy Mobile Apps,"📦 Looking for an all-in-one app that handles every file format?

Smart PDF brings together a powerful reader, professional editor, and intelligent scanner into one seamless mobile office. Whether you're at home, in the office, or on the go, managing documents has never been this effortless.

💡 Why Choose Smart PDF?

- Multi-Format Viewer: No more app-switching.Open and read PDFs, Word, Excel, PowerPoint, and EPUB files with an all-in-one document reader.

- Smooth Annotation: Highlight key text, add underlines, or add comments. Use the signature tool to sign contracts in seconds.

- Smart Scanning: Turn your camera into a high-definition scanner. Capture receipts, ID cards, or notes and save them as crystal-clear PDFs.

- AI-Powered Insights: Don't have time to read? Let our built-in AI summarize documents for you by extracting key points and action items instantly.

🛠️ Powerful Document Toolkit

- PDF to Image: Convert specific pages into high-resolution JPGs for easy sharing.

- Image Extraction: Pull embedded images out of any document with one tap.

- File Optimization: Merge multiple files, split documents, or use our compression tool to save storage space.

- Security First: Protect sensitive information with encryption and password tools.

📁 Efficient File Management

- Keep your workspace tidy with custom folders, smart search, and easy sorting.

- All files are stored locally and neatly organized, ensuring quick access whenever you need them.

🚀 Optimized for Performance

Built for speed and reliability. Open large files without lag, enjoy smooth scrolling, and switch between tools with a clean, intuitive interface designed for both phones and tablets.

Perfect for Students, Professionals, and Everyone in between.

Download Smart PDF now and experience the smarter way to manage your digital world!

📃 Supported File Formats

We support a wide range of practical formats to meet all your professional and daily needs:

- Documents: PDF, DOCX, DOCM, DOC, DOT, DOTX, DOTM, RTF, TXT

- Spreadsheets: XLSX, XLS, XLSM, CSV

- Presentations: PPTX, PPT, PPS, POT, PPTM, POTX

- eBooks & Notes: EPUB, MOBI, FB2, MD (Markdown)

- And more!","smart, pdf, file, documents, files",https://play-lh.googleusercontent.com/pPiTeNFzGDnS5gTq0uIGKvH2U8i9J3Y9Ob6iK3c_KaAYZRfrDg9zmdiZmDksxfAuBHaQjdgjPWS7Xd0g9wU64ok=w526-h296-rw,https://play-lh.googleusercontent.com/TMgfNB6-eJzGq5Os_VoP4DhuSmchNUZMS4HDE3cXtHmUQ4QEPrfaSa9GylARooBf30jj1MeoBd1SMwFxUYjt=w526-h296-rw,https://play-lh.googleusercontent.com/8EYytkLOzKH6INmmAFtqostsCClgjeHvQa3ar2gJoUrLi_T6kE73aNJG1mw_jP0AWoebcwJVE08uvYlEvq-pRQ=w526-h296-rw,https://play-lh.googleusercontent.com/Skm424eGY7LEcnSuEIGDgeiQi4hxATxeesUsvx1Nl4OoptL42QpXT6Nb-I6jgUTbSaNwENAfWRQn-Z7fULSfueo=w526-h296-rw
,PDF Watermark Remover,https://play-lh.googleusercontent.com/WKFMOF-G3UG34c0NHsQWyvTD2s7Vr5mOoLiXLUs0erGe2WGw8rkcpyApg_bJWbO7Xit4x9WzyyU181PLn8Gn=w240-h480-rw,5K+,"Oct 7, 2025",N/A,N/A,https://play.google.com/store/apps/details?id=com.pixelbin.pdfwatermarkremover.io&hl=en_US&gl=US,PixelBin,"Remove watermarks from your PDF documents quickly and securely with PDF Watermark Remover.

Whether it’s text or image-based watermarks, our app cleans your files while keeping their original quality intact.

Key Features:

🧹 Instant Watermark Removal: Clean text or logo watermarks from PDFs in seconds.

🔒 Secure & Offline: Your files stay private — processed directly on your device.

⚡ High Quality Output: Maintains layout, fonts, and design of your original PDFs.

💾 Preview & Save: View the cleaned version before saving.

Use Cases:

Clean professional documents for presentations.

Remove sample or demo watermarks from reports.

Prepare PDFs for printing or sharing without branding.

Take control of your PDFs — no ads, no watermarks, just pure simplicity.","watermarks, pdfs, remove, pdf, documents",https://play-lh.googleusercontent.com/2CJKeCTcqQZrcfXv-4TAcp1OIUJ0_s6u4neRtOrBZ1nB_-bzkHnPbJEu1p08uwe9fjnNkecloeUyFhf1EzhHWKk=w526-h296-rw,https://play-lh.googleusercontent.com/olA72GTTzmCIOK4asfmlDlPYAuFt7QzYBMhEk3tPE52_OqGu8g2hDoHX8g6WgKsEQz5p_xqLry0M-j1Q9Bqz=w526-h296-rw,https://play-lh.googleusercontent.com/W4G2-8i1S3OHYvJ5Q7Q4l9BtzTuDY-qYEBRaeWnuX_QN5tEg2DMQ403VYM4wnp5X13pZO07KqP6l4Qq9j5LV=w526-h296-rw,https://play-lh.googleusercontent.com/xVfgT675IKkmDyvFyEebuJxh5x1ENsX9KP4EW8dHAqkLxLQYY3kBVu20VAoHTrRrPBDhYzTefKf1Bn8kawaH=w526-h296-rw
,Photo Delete Swipe Cleaner,https://play-lh.googleusercontent.com/SlvLEnYQ0GtTYk5YkkaUzGpcD9OdUe5OuekaCDT-lnkvzmRMZwwGuQ2Ss26CedMB72urBGkQD5bQAYUB6dRS=w240-h480-rw,5K+,"Nov 9, 2025",3.6,76 reviews,https://play.google.com/store/apps/details?id=com.photo_cleaner&hl=en_US&gl=US,Frostrabbit LLC,"Photo Delete Swipe Cleaner helps you delete photos fast using simple swipe gestures. Clean storage, remove duplicate photos, and keep only the photos you want. A perfect photo cleaner and gallery cleaner to free up storage space effortlessly.

Delete photos in seconds with an intuitive swipe-to-delete experience. No more endless manual selection - just swipe and organize your photo gallery instantly.

🚀 How Photo Delete Swipe Cleaner works

Swipe through your photos one by one:

• 👉 Swipe right - delete (move to Trash)

• ⬆️ Swipe up - mark as Favorite

• 👈 Swipe left - keep & skip

Enjoy a fast and fun way to clean storage on your phone.

⭐ Why users choose Photo Delete Swipe Cleaner

✔ Fast swipe photo delete - clean your gallery effortlessly

✔ Smart storage statistics: see how much space you save

✔ Similar photos grouping - detect duplicates and look-alikes

✔ “Trash” folder with bulk deletion

✔ Favorites page to keep best memories organized

✔ History of deleted photos

✔ Swipe statistics and biggest photo insights

✔ Undo last swipe - fix mistakes instantly

✔ Perfect as a gallery cleaner & storage cleaner tool

✔ Swipe to delete photos instantly

A smarter way to organize your photo gallery and free up storage.

🚀 Clean up your storage instantly

Unused photos take space and slow down your device. Photo Cleaner shows how much storage you can reclaim by deleting large photos, screenshots, bad shots, duplicates, and more.

🧹 Clean storage & remove duplicate photos

Large photos, screenshots, blurry images, duplicates - Photo Delete Swipe Cleaner helps you delete unwanted photos with a simple swipe. Free up storage and keep your photo gallery clean.

🔎 Powerful photo cleanup tools

• Remove duplicate photos

• Clean up similar photos

• Delete junk and bad shots

• See storage saved instantly

Perfect for users who want a simple photo cleaner.

⭐ Keep your favorites safe

Swipe up to mark important memories. All your loved photos stay organized in the Favorites section.

🔥 Full control & transparency

Every swipe counts:

• Total photos deleted

• Storage freed

• Swipe heat-map for fun stats

Don’t worry about mistakes: undo is always available before the final deletion from trash.

👍 The best for users who need:

• Photo Cleaner

• Photo Delete Swipe tool

• A quick photo cleaner

• An intuitive swipe photo delete tool

• A simple storage cleaner without complexity

• A clean gallery and more free space

• A smarter way to manage thousands of photos

Take control of your gallery today.

Clean storage faster. Delete photos with a single swipe.

Try Photo Delete Swipe Cleaner and free up storage instantly!","swipe, photos, photo, delete, storage",https://play-lh.googleusercontent.com/vJLKivbvgAbwiD-pN0XQGjNYQhukwFX47xiCgRmGxOx-j6xssNAHxoNXCFJqoBtXgozjE7yNpWdt34z-lOStQw=w526-h296-rw,https://play-lh.googleusercontent.com/Ys0aFhajB13NHS52YBmqaDsCu8fU7tjTCOxpNwfAQ7fn0YwcAVVubgR3ASj92aNR-53hmhefzCKs16-uxe0tUw=w526-h296-rw,https://play-lh.googleusercontent.com/sFpnZirBAuzpntAq7Xn3cS3oqwnLZDC0_js-3uzrpX0X4TKO5hjEIpDV4XyOlWeoa9fit3NrdeHHMx3GtRtjAi4=w526-h296-rw,https://play-lh.googleusercontent.com/9O-MhuUd7tb96Ka0f_BHcww2Hk8He0ovSIz0GSbRrdNJVP6_jMcO-EQHwERDOgDVcuGyVM4Fn5ITy24-qBy68g=w526-h296-rw
,Photo Renamer: Gallery Rename,https://play-lh.googleusercontent.com/0orXHLZDb9zCuR_2m0vapsX26KGADmmQCuQNzaPtYfau9QYyREVwzKBH1F0GiAS_UuxmHNOIk-Vdd80xzzyxCQ=w240-h480-rw,10K+,"May 18, 2025",N/A,N/A,https://play.google.com/store/apps/details?id=com.phototagapp&hl=en_US&gl=US,Maximilian Rief,"Rename every photo the moment you shoot it – with your own name.

Photo Renamer lets you rename and find pictures faster than any file-manager or stock gallery.

★ Key features

• Auto-rename → yourName_YYYYMMDD_HHMMSSsss.jpg

• One-tap Renaming in Camera & Gallery

• Instant search by name instead of scrolling folders

• Emoji, accents & non-Latin text fully supported

• Name/Descriptions saved inside image's EXIF aswell - name stays in case file rename fails/changes

🔒 100 % private

Runs entirely on your phone: no uploads","rename, name, photo, gallery, moment",https://play-lh.googleusercontent.com/H3oNxS-yEvakGYc_d15qgKyUAxvJSb4y6vu4QD-SHg15YjyDl95hlfBkp5DlHXJFWjzW_qFuFhW2UR6yp6SClg=w526-h296-rw,N/A,N/A,N/A
,Photo Restore - Video & File,https://play-lh.googleusercontent.com/a1cDBvR0l6FCVwWqRh_V0jwPeXqCmp-8Qxw_euKyzJ8iJGo-MrmsMboyH5C_MH3v64vDlyBFL_wO2IjEhVpX=w240-h480-rw,1M+,"Nov 21, 2025",3.9,1.51K reviews,https://play.google.com/store/apps/details?id=com.store.photo.reskab&hl=en_US&gl=US,Houpumobi Tech,"Photo Restore is a file recovery app designed for you. When you accidentally delete photos, videos, or other files, it can help you scan and attempt to recover those precious files.With just one click, Photo Restore searches for accidentally deleted and lost files on your device.

💡What we can do:

●Photo Recovery：Photo Restore will find and recover your deleted images, including common formats such as JPEG and PNG.

●Video Recovery: Helps you recover lost video files, supporting multiple formats such as MP4 and AVI.

●Other Files Recovery: Besides images and videos, Photo Restore is also suitable for recovering other file types, such as PDFs, Excel files, and ZIP archives.

●View Recovered Files：All your successfully recovered files will be clearly listed for easy viewing and management at any time.

Get Photo Restore now and start recovering your lost photos, videos, and files.

💡Please read the following carefully before using Photo Restore:

File Recovery Scope: This application is designed to scan and retrieve lost photos, videos, and other file types from specific paths (e.g., /./) in your device's storage. It can also identify and attempt to recover cached data deleted by other applications.

Recovery Success Rate: The success rate of file recovery is affected by many factors, including but not limited to your device model and storage condition.

About Factory Reset: If your device has undergone a factory reset, files deleted before that operation will not be recoverable using this application.

Privacy Protection Commitment: All file scanning and data recovery function operates entirely locally. We do not collect, upload, or share your personal data.","files, recovery, photo, restore, file",https://play-lh.googleusercontent.com/rGYg6xDlOf14txtAbGKvHzITA5bJCQnR2cVTcBh0Z61EkODD8uWLyF0Nw8xrqE4L0UYeIqrJ4XoDlNfvJRcjlg=w526-h296-rw,https://play-lh.googleusercontent.com/wBXWjL9XqRfRKJlsoWHGnFnmKksJEJY8x9dq_P7hL560iGs1QrsWvt1QdPAMN2XyYHdalylv4S9JAnE_4HEHrw=w526-h296-rw,https://play-lh.googleusercontent.com/xevQfLbwwvNBn818BV9Ix0n_eIQ5xje1yPiNipHOOhpq6Qi9lsshmYm_yTcTEaV8xDvJ9wUcjdCwGu8wBVrOH4k=w526-h296-rw,https://play-lh.googleusercontent.com/cVmYbxn9RHkq4IU40dC0Ydcck3AB5rd4eH3pzocqmzNFuRW0LRUQFYOk8IL9lJBtCbfk1QVPjJzzDZJ8Ga0q=w526-h296-rw
,Plagiarism Checker & Detector,https://play-lh.googleusercontent.com/eLseXKZdH5C0k-bY-yEeG7eegL3u9UMSVtTHGfRFigEVW9sbCWqEp1YBAofg2NuMZGBuppnPq0UrknRMXfrSy8Y=w240-h480-rw,10K+,"Oct 6, 2025",N/A,N/A,https://play.google.com/store/apps/details?id=com.plagiarism.checker.text.remover.app&hl=en_US&gl=US,Trostun Apps,"Plagiarism Detector: Plagiarism Remover, AI Detector & Humanizer

Plagiarism checker is a powerful, all-in-one writing assistant designed for students, teachers, bloggers, freelancers, researchers, and professionals.

Whether you are submitting an essay, publishing a blog post, or preparing business content, this app helps you check, fix, and refine your writing with confidence.

Now updated with advanced tools, the app offers much more than basic plagiarism scanning. You get a complete content integrity toolkit in one place: a plagiarism checker, a plagiarism remover, an essay checker, an AI detector, and an AI humanizer, all optimized for fast and accurate results on mobile.

We understand how important originality and authenticity are. Submitting copied or AI-flagged content can damage your reputation, lower grades, affect SEO rankings, or create professional risks.

For this reason, our updated app emphasizes more thorough analysis, more accurate detection, and more intelligent rewriting.

All-in-One Writing & Originality Toolkit

1.
Advanced Plagiarism Checker

Our improved plagiarism checker scans your content with greater accuracy and provides a clear percentage-based originality report. Instead of vague results, you see exactly how much of your text is original. The enhanced detection system identifies duplicate phrases, similar structures, and potentially copied sections in seconds.

2.
Smart Plagiarism Remover

The built-in plagiarism remover rewrites duplicate sentences instantly using intelligent AI. It restructures text, replaces wording naturally, and keeps the original meaning intact. You can fix problematic sections without switching to another app.

3.
AI Essay Checker

The new essay checker helps students and academic writers improve overall quality. It reviews structure, clarity, and flow while also highlighting possible originality concerns. This makes it ideal for assignments, reports, and research drafts before submission.

4.
AI Detector & Checker

Many institutions and publishers now check for AI-generated content. Our AI detector analyzes your writing and estimates whether it may be flagged as AI-written. This helps you stay prepared and make necessary adjustments before submitting your work.

5.
AI Text Humanizer

If your content sounds robotic or too machine-generated, the AI humanizer refines it into more natural, human-like language. It improves tone, readability, and flow while preserving your message. Perfect for essays, blogs, website content, and professional documents.

Why Choose Plagiarism Checker?

Accurate plagiarism reports in seconds

Percentage-based originality score

Improved accuracy with deeper scanning

AI-powered rewriting and humanizing

Essay quality analysis

Freemium version available for all

Unlike basic plagiarism apps, this upgraded version not only shows you problems but also helps you solve them.

Simple and Easy to Use

Download and install the app from Google Play.

Paste or upload your text.

Tap Check Plagiarism to view the originality percentage.

Use Remove Plagiarism to rewrite duplicate sections.

Run the AI Detector if needed.

Apply the AI Humanizer to improve natural flow.

Copy, save, or share your refined content.

Everything works within a clean and user-friendly interface designed for quick results on mobile.

Built for Accuracy and Speed

The updated version uses improved scanning logic and smarter AI rewriting models to deliver more reliable results. You receive clearer reports, better sentence restructuring, and more natural outputs.

100% Private and Secure

Your privacy matters. Any text you paste or upload remains secure. We do not store, share, or publish your documents. You can check and improve your writing with complete peace of mind.","plagiarism, checker, content, detector, originality",https://play-lh.googleusercontent.com/vR3hnN22IbZAr0o6zytr8EGEFJ7GF6yqhxE7g5BT8q6rCJJtlMUi0ols8ojxXTZ2todvXnlBZXJ8vgeRUpXwuAs=w526-h296-rw,https://play-lh.googleusercontent.com/xhirrPZ7-2JQCJl4X3Bfhf-8lDuT2VWaLFN_UTw2e183DrHDezkQ0NNol9TgE4edSvx4ExKOgG4ovAICmv951g=w526-h296-rw,https://play-lh.googleusercontent.com/G1_WkO8W_JtLaUrXy7njm-AFOF6mmEqcGjdeOZFt0mbgMcdY5_Q6iZJx6CqQh9P4IYZX4DRdEdY9iWnidSfNkg=w526-h296-rw,https://play-lh.googleusercontent.com/QlajwZ1x8QaQKt_wVr2q7UzpEhEpYqU7ECzWFLueqBepSP5biGpT8h7_x_agq_aZENJqm57h_WpW8FdfMAXxijA=w526-h296-rw
,Plot Meter - Land Measurement,https://play-lh.googleusercontent.com/K4z_mFZ-O3YTY-egSzggHcBIVRQA3Oe241A1nHjURIQP-5vELYWH5uFpngIAPK1COFxoUaaacEn7Wh0azuFDtw=w240-h480-rw,10K+,"Dec 25, 2025",N/A,N/A,https://play.google.com/store/apps/details?id=com.plotmeter&hl=en_US&gl=US,Plot Meter Technologies,"📏 Plot Meter: Land Measurement & Area Calculator

🔥 Accurate Plotting | Smart Surveying | Digital Land Office 🔥

Plot Meter is an advanced and reliable land measurement app designed for farmers, survey engineers, property dealers, and land professionals.

Say goodbye to traditional measuring tools!

Simply upload your Plot Sketch (Naksha) or Cadastral Map and measure land distance and area with high accuracy.

🚀 What’s New – Hybrid Engine Upgrade (v2.8.0+)

Plot Meter is now more powerful, structured, and professional than ever before.

🆕 Project-Based Measurement System

All measurements now work inside a structured Project system:

• Tap the ➕ icon to create a New Project

• Set your Project Name

• Start measuring in an organized and secure way

✔ Image-wise separate projects

✔ Structured and secure data handling

✔ Professional workflow

👉 Fresh Install Users:

After uploading a new image, you can directly tap and start measuring. No extra setup required.

👉 Updated Users (from older versions):

If you want to work on old images, you must first create a Project before starting measurement.

✂️ Split Plot Feature (Advanced Land Division)

Now you can divide large plots into multiple sections easily:

• Split a single plot into multiple parts

• Calculate area for each divided section

• Adjust boundaries accurately

• Get real-time area results

Perfect for boundary correction and land division tasks.

🔥 Key Features

✅ Easy Measurement

Measure land, farms, and plots effortlessly.

✅ Accurate Calculation

Reliable and consistent distance & area calculation.

✅ Mark & Get Results

Mark boundary points and get instant measurement results.

✅ Fast Amendments

Quickly correct and adjust land boundaries.

💎 Revolutionary Benefits – The Smart Way to Survey

✔ Designed for boundary verification & correction

✔ Practical real-world survey use

✔ Professional measurement workflow

🔄 Replace Traditional Tools

📂 Upload Cadastral Maps

Eliminate physical sheets and paper maps.

⛓ No Equipment Needed

No chains, tapes, scales, or compasses required.

🏛 Official Compatibility

Works smoothly with land records and cadastral maps downloaded from government portals.

🏢 Your Digital Survey Office

Plot Meter is more than just a measurement app —

It’s your complete digital survey office.

📑 Document Management – Organize land & survey documents folder-wise

📝 Notes Feature – Create and save important notes

📊 Project-wise structured records

✂️ Split plot management

📁 Organized measurement system","land, measurement, plot, survey, area",https://play-lh.googleusercontent.com/OQD_IR5TGJccg2bz_DZttJpjuvstTpcohcb3W-UMWKpkWSETQcBpH2uLMUnunj-OXlXhMo01Rec1JxFt1Fv7=w526-h296-rw,https://play-lh.googleusercontent.com/ZT1rMO9YeYjlZJbP4jUIO2FaErLwPh3omCnQEXTU7jYL2n5Vip3C3b42IPOl2bdv2axdYR8-O-w_pA8ALmg1Ew=w526-h296-rw,https://play-lh.googleusercontent.com/aBCSU1T01JUo7KnnMvhYJnyHlN4A5x3pTJ0ASP23j5KOOJosknMVi7gZT0FpiI8B1Q_WFZPkV_tLi78Z4WDVkjc=w526-h296-rw,https://play-lh.googleusercontent.com/vEiiooHYprLOa4NYwk-eIuN_A603Hh-RulGq1Q9aiKjUNLUOYOBix2pHEXa3NQuQyR8ql9DjA4TXRJ-Nw65j=w526-h296-rw
,Pommmo - Pomodoro focus timer,https://play-lh.googleusercontent.com/tBzGWqWHDsr0rMNJq9Mg19xBanXqB0h0hP0KFs9efP_TH-BS4FZ_Dolrn6tFGN0f0h6A1LvbYa3Gp9Z3wzf4zOQ=w240-h480-rw,100K+,"Aug 26, 2025",5.0,677 reviews,https://play.google.com/store/apps/details?id=com.kyupid.pommmo&hl=en_US&gl=US,Rahul Ramakrishna,"Pommmo is the free Pomodoro timer that makes focus fun. Perfect for study, work, planning tasks or building productive habits, Pommmo helps you concentrate in short bursts, take mindful breaks, and track your stats like a pro. No ads. No paywalls.

Features you’ll love:

Custom timers – tailor sessions for your tasks, study schedule, or work flow

Flexible design – looks great in portrait or landscape

Dark mode – stay in the flow day or night

Daily stats – track your focus time and see productivity grow

Summary views – view your progress by week, month or year

Whether you’re a student, creator, or professional, Pommmo is your simple tool for productivity, habit tracking, and better time management. Designed for people who want to focus, learn, and grow — at home, in class, or at work.

Pro tip: Switch your phone to silent or Do Not Disturb for distraction‑free sessions.

Why wait? Start focusing now with the Pomodoro timer loved by planners, learners, and productivity fans worldwide.

BONUS: In a relationship? Try Kyupid — our other productivity app made for couples who want to share shopping lists, tasks, notes, events, routines and grow together.","productivity, pommmo, focus, work, tasks",https://play-lh.googleusercontent.com/_dZ014G0VKHKyf37PYoAOTYfxlzf-ywaPqVZpJYGV-jyenPFJq1o2cSNsv2tbyhSw_gLdmFooqxVEiK7zDPNRQ=w526-h296-rw,https://play-lh.googleusercontent.com/0iVDdFgRHi0VRc39LpbCuLK0NKV7OnSam9joVYfY5mFWPo0bfZBzTcFro6--5hFb1uI0nHNFd2DD3qUnyzxA6Q=w526-h296-rw,https://play-lh.googleusercontent.com/CP9htoG3RAJ8QckSi6Wmzk-kuWund_Pd3qTdmriUMLvbl5d9YN_eGItZoK-XWZnEKUKkibZB6S8s9Ra_wPypeg=w526-h296-rw,https://play-lh.googleusercontent.com/pR6-aLMhr2wQTYr84tmYjUEkWoI0nYzR_GiIF9QS-_wtRPOzQWPo3GxUSiPwzq1ZByQmNUANlSoIZ9w2Om-PvA=w526-h296-rw
,Power Master 48: Laws of Power,https://play-lh.googleusercontent.com/9AXfoj6hFIFq4fq-x0SJ_jZtyD1o0BKu1gd5QN58Sne5aiQsFx9qMxUiJZ7eiYmM5IlNkr9ND9oyX96YImlE3w=w240-h480-rw,10K+,"Nov 11, 2025",4.6,1.18K reviews,https://play.google.com/store/apps/details?id=com.mrc.powermaster48&hl=en_US&gl=US,The Box App Software SRL,"Power Master 48: Learn to Think Like the Powerful

Power Master 48 is the ultimate experience for fans of Robert Greene’s 48 Laws of Power and those who seek real-world mastery of strategy, influence, and dominance. Whether you're climbing the corporate ladder, leading a team, or navigating social dynamics, understanding the laws of power gives you a lasting edge.

This educational experience challenges you to internalize key strategies used by influential leaders, CEOs, political figures, and public icons—not just through theory, but through real-life application. Want to learn why Elon Musk controls the narrative, or how Steve Jobs used silence as a weapon? Power Master 48 decodes these moves through interactive lessons and thought-provoking challenges.

What Makes Power Master 48 Unique:

Full Mastery of the 48 Laws of Power: Get an immersive breakdown of all 48 laws and how they apply in real-world settings.

Modern-Day Examples: Each law includes practical insights—like how Jeff Bezos subtly asserts dominance in boardrooms, or how top negotiators use calculated delays to gain leverage.

Learn Through Strategy: Strategic decisions, scenarios, and pattern recognition train your mind to think in moves, not moments.

From Novice to Power Player: Track your rise through 8 ranks—from Apprentice to Emperor—as you build real strategic fluency.

Continuous Growth: New content drops regularly, offering deeper mastery of influence, manipulation, leadership, and protection against others' tactics.

Whether you're a student of psychology, an entrepreneur, or simply someone who wants to understand how power works behind the scenes, Power Master 48 sharpens your instincts and strengthens your position.

Download Power Master 48 now and start mastering the laws that silently shape success, leadership, and control in today’s world.

Accessing full features requires a subscription.","power, master, laws, through, learn",https://play-lh.googleusercontent.com/-siZmglTg2LVaB2E8mPK6Ydki97bkq0pyOdK_6bHl_j1HmxFMQaXAXFazvi-IPcOKdp2OFJLoaEM9VWiHCBxxA=w526-h296-rw,https://play-lh.googleusercontent.com/gxhZk1MXFlDl50i0Nt0qG5zGGk1M6zglSB-3IusoY9oy3nhgo_1-dZdau22rFwvTYB0OgiOCEVZ4hOjj40Obug=w526-h296-rw,https://play-lh.googleusercontent.com/f2-1Md8H7EWjDSw0qAzm3Rd8M_hKQceePVZygYhgbRHEhKfox0pnTHNdOwELcIiFxXbFD5-C3QhcuUZ6nCev7g=w526-h296-rw,https://play-lh.googleusercontent.com/zGmTAxKmhFigr18RKCZzWgnRstsfiYPCJUn4YED0Az7NRsZePWmDoNJ8h9iqeACHlzULmXmfNfupH9OxrEQt=w526-h296-rw
,Pure Cleaner Pro,https://play-lh.googleusercontent.com/NWg02TPVU1M9v1_mG_MMaaAM4LYSTsgPNKHeOkp185PZ9Y6eI4ShCUnlUarWpJj7iRtro4GGXP2EWn_kxKtOp0M=w240-h480-rw,1M+,"Jul 13, 2025",4.4,8.32K reviews,https://play.google.com/store/apps/details?id=com.purelycleaner.pure&hl=en_US&gl=US,Kwasi.A,"Pure Cleaner Pro helps you clean up unnecessary files, check battery status, manage large files, and handle background application processes with a simple and easy-to-use interface.

Main functions:

- Clean up junk files

Scan and identify common junk files.

Manually select the files you want to clean up as needed.

- View battery information

Show the current battery power.

Provide basic information such as battery status and capacity for you to view.

- Find large files:

Scan your device and find large files.

Manually select and delete large files that are no longer needed as needed.

- Manage running applications

Show the application processes currently running in the background.

Choose Pure Cleaner Pro to enjoy a simple and intuitive operation experience and complete basic cleaning and daily management of your phone.","files, battery, large, clean, needed",https://play-lh.googleusercontent.com/LrmnRCp-7ipwSxf4fg1IrapoYGYL5sstD-ApXKft2_EdqBD39bUaOPndUbPdLBKFXTw=w526-h296-rw,https://play-lh.googleusercontent.com/-qtF5_cTQ_LldDYZSlkXh9USsB1xygZphMq5UVrYRoBffCI0W76_ZnyhtQmlUIc7vhid=w526-h296-rw,https://play-lh.googleusercontent.com/Ytz0ue8bQbK5KO_J8WAAQyGl2lQVeOS3t2HbsQ81pctN36xbInjjIuegMXvv1QKQvKll=w526-h296-rw,https://play-lh.googleusercontent.com/2HuxrVYuYLRJXHFpWRfeo8WROcuAaohM2lhygpn1vTEmC277jMh9l89FcPctWbgCn5Q=w526-h296-rw
,Read AI: Meeting Notes,https://play-lh.googleusercontent.com/cL_Pqz10CFqFAZ7bXEMmrQAGi56y9KXpAKL-RCpvevyTFB78SuMntPfUjdtXaxnubUp_lW45alM59uCSFgEVCg=w240-h480-rw,10K+,"Oct 14, 2025",4.8,556 reviews,https://play.google.com/store/apps/details?id=com.read.ai&hl=en_US&gl=US,Read AI,"The Read AI mobile app puts the power of Read’s AI assistant right in your pocket, so you can capture audio—whether you’re in a meeting, on the move, or catching up after hours—and easily chat with all of your workplace data.

Record all the details from your Android device and turn conversations into actionable insights. Meeting in person? Open Read AI, hit record, and skip manual note-taking. When your conversation ends, you’ll get a comprehensive report and be able to ask your entire knowledge graph questions about all of your work.

Live Transcription & Summaries

Get accurate, concise summaries and transcripts, so you always know what was discussed. Stay focused on what matters and never wonder, “What did we talk about?”

Unique Speaker Detection

Read AI identifies each speaker, making it easy to distinguish who said what in every conversation.

Generate AI Insights

Use Search Copilot to instantly search across your meetings, projects, emails, and messages. Find decisions, action items, and key topics in seconds—no more digging through notes or inboxes.

Seamless Integration

Connect Gmail, Outlook, Slack, Microsoft Teams, and more to generate even richer insights and make Read AI your single source of truth.

Notifications

Never miss a meeting or report. Get Android notifications for upcoming meetings, new reports, and recaps before recurring meetings.

Read AI is the fastest-growing independent work AI platform designed to help everyone work smarter and get more done. With features including world-class meeting notes and coaching, connected enterprise search, summaries of emails and messages, and proactive recommendations, our AI Copilot makes it easier to keep track of the details and move faster towards success. Trusted by millions worldwide, Read AI transforms daily work into insights and actions that propel you forward, faster.","read, meeting, insights, get, work",https://play-lh.googleusercontent.com/Msb4ows2XrPvfu9IFkZZ_GerJl-tN8ZLAmCNCElWtZn-I6KIGIjLxQrfWeVuEmZEai3EU46_xz8Kd7uiwzGxomo=w526-h296-rw,https://play-lh.googleusercontent.com/f9TybyjVfw0GADrECsTsGbbtxV-BdAOsfKUhlAOSp01ervo-PzLRrItwhY80ftLSAD4gNcMRupRuQCkxPTHG1w=w526-h296-rw,https://play-lh.googleusercontent.com/zjtKmrdLPmnPXusYTw_xX7c_rVkBgSiFSrQKT1HtJfNn0Qyhcl0sCHvFud5Qq6DxLseJNAdNI44QS-VHHOiJBIo=w526-h296-rw,https://play-lh.googleusercontent.com/r_Ij0Ivwf10xCfGy2G2iZls34KJJ89T6aLJXCyS0WRJSZOV73vQcKaIXJi4kSfaA-Qe1GQugk8v9wXKA7TYQlHA=w526-h296-rw
,RepairBuddy - AI Fix,https://play-lh.googleusercontent.com/iCUvCpj5_gzPuQ8eG08HTap8SucOHuOZMFV9OJ0LYgdQ2ylerFcE2-EqxgCokXyrH6QoHNuAz-FPVW36Ml0193I=w240-h480-rw,500K+,"Oct 9, 2025",4.2,49.1K reviews,https://play.google.com/store/apps/details?id=com.repairai.diy.fixguide&hl=en_US&gl=US,Ocean Float Mobile,"RepairBuddy - AI Fix is your smart assistant for diagnosing and fixing everyday problems. Simply enter the issue with any product or item in the Create category, and RepairBuddy will provide the most likely cause along with clear, step-by-step repair instructions. Whether it’s Home Appliances, Cars & Vehicles, Plumbing, or Phones, PCs & Tablets, RepairBuddy helps you troubleshoot and fix with confidence. Plus, with History, you can easily revisit past repairs anytime. Quick, practical, and AI-powered guidance at your fingertips.","repairbuddy, fix, smart, assistant, diagnosing",https://play-lh.googleusercontent.com/69db-tNGW6-dlqUr3YV88pPzIBzLtItVKso-b0ObT_Qsa6ERr0kjOCStKnkInHSP5JRH5WPrVXcyUDsR_7SMiQ=w526-h296-rw,https://play-lh.googleusercontent.com/WcFfXRzgrfQxIoh-JDcJ1ZEmFnocxAMeXFh0c5U2txlrcZPq2KLrW0D-rRu65dN823ExMamSzesWelrX8xtY=w526-h296-rw,https://play-lh.googleusercontent.com/fOfZmeUPI2UvJiJ8sAbmKHU3Yxt03KZ4UXSCFb2Nfk-Q4sBObm_rlyWoTcm9ntHK4mGAkDRYiVOSuvk6_ivX=w526-h296-rw,https://play-lh.googleusercontent.com/bq6nD8BUn7imHVzxotzgE-0CHKwdgXSYfTGarmJcQlJTVTZt85AIJ9KT4UpSLLf9ycYMYu1t-sJThnDuDxdt=w526-h296-rw
,Service Maintenance Tracker,https://play-lh.googleusercontent.com/3anraB_yUK060ST35wYRFRMWrGXDwYjk3grCJhnn9MvT-RXELvRP4gikQxA3lNgpiK9-1IozoBPlbPhgLYGs4g=w240-h480-rw,5K+,"Aug 2, 2025",N/A,N/A,https://play.google.com/store/apps/details?id=com.hamzafurkanatmaca.customertracking&hl=en_US&gl=US,Alp Soft Studio,"Take control of your service business with Customer Service Tracker, the all-in-one solution designed for professionals who need to manage customer information, track service parts, and stay on top of maintenance schedules. Whether you are a field technician, a small business owner, or a service manager, our app provides the tools you need to stay organized and deliver exceptional service.

Our clean and intuitive interface allows you to manage your entire workflow from your pocket, completely offline.

**KEY FEATURES:**

🔧 **Comprehensive Customer Management:**

* Store and quickly access essential customer details, including names, addresses, and contact information.

* Add private notes for each customer to keep track of specific needs and service history.

🔩 **Advanced Parts Tracking:**

* Create and manage a detailed list of service parts for each customer.

* Set custom maintenance periods (in days) for each part to automate service scheduling.

* The app automatically calculates and displays the next maintenance date, so you never miss a deadline.

📅 **Effortless Maintenance Logging:**

* Log maintenance activities with just a few taps.

* Select which parts were replaced or serviced on a specific date.

* Maintain a complete and accessible maintenance history for every customer, ensuring you always have the right information at your fingertips.

🗂️ **Reusable Service Profiles:**

* Speed up new customer onboarding by creating reusable service profiles (e.g., ""Standard HVAC Service,"" ""Water Purifier Setup"").

* Assign a profile to a new customer to instantly populate their required parts list, saving you time and reducing manual entry.

🌐 **Fully Offline Functionality:**

* All your data is stored securely and locally on your device.

* No internet connection is required to use the app, making it reliable for fieldwork in any location. Your data is yours and never leaves your device.

**WHO IS THIS APP FOR?**

Customer Service Tracker is the perfect tool for:

* HVAC Technicians

* Plumbers & Electricians

* IT Service Providers

* Pool Maintenance Professionals

* Landscapers

* Auto Mechanics

* And any service-based business that performs periodic maintenance for its customers.

Stop juggling spreadsheets and paper notes. Download Customer Service Tracker today and streamline your service management!

**WE VALUE YOUR FEEDBACK!**

This app was built to make your job easier. If you have any suggestions for new features, ideas for improvement, or encounter any issues, please do not hesitate to contact us. Every piece of feedback is carefully reviewed as we work to make this the best service tracking tool for you.

Contact us at: **alpsoftstudio@gmail.com**","service, customer, maintenance, parts, app",https://play-lh.googleusercontent.com/om51gUFRDRs7MIJgVXbWS5tkDbxi2oecZthOxwyuUW1BNks4R-InMIbf0OV0Bw-0NvtajEqcVqQEQBUJ0pim=w526-h296-rw,https://play-lh.googleusercontent.com/E07qrvwMhkjj7n3s6jRw5FPNRw-2TW1ln7HlZJR6gHdGM20guimFMNyA05rRFltmXGvD1X22Q7mUHZ4WIufwsw=w526-h296-rw,https://play-lh.googleusercontent.com/rOk-8hczRVUQK__YjqxvmjTiK6_Ez8_I7EfP7Afi1L0gT1tQUNW4LxJQNlEa_OJzyNWYSe1lmxXibVap8ykiiA=w526-h296-rw,https://play-lh.googleusercontent.com/FBXMK3I8obHj2qCnXItQQwsFsNPrvIUiWzpyQnW3cwBjhhc_9q2H_4wRqwu5r3neMHaK-_ncEwD4v1vbiTGVpA=w526-h296-rw
,Similar Photo Cleaner AI,https://play-lh.googleusercontent.com/7WwVftNkZMXcZdhhS2CsczfbNrSIqi0RpIYYbsImDazYjVn5Y0ektJSAVQ4v1K8Twnn3jPLBrkt7UdE-V6qE=w240-h480-rw,10K+,"Jan 26, 2026",N/A,N/A,https://play.google.com/store/apps/details?id=ct.duplicate&hl=en_US&gl=US,Canlidoviz.co - Mert Tufan Vatandost Cloudtech,"Running out of space on your phone? Similar Photo Cleaner AI helps you find and remove duplicate and similar photos using on-device image analysis. Organize your gallery and free up storage in just a few steps.

Smart Similarity Detection

The app uses perceptual image analysis to identify:

• Exact duplicate photos

• Visually similar images

• Burst-mode photo sets

• Edited versions of the same photo

• Resized or cropped copies

• Similar screenshots

Instead of relying only on file names, the app compares visual content to group related photos.

Key Features

Fast Photo Scanning

• Scans large photo libraries efficiently

• Adjustable similarity sensitivity

• Works fully offline

Smart Review Tools

• Keep newest, oldest, or highest-resolution photo

• Auto-select duplicate groups

• Manual review before deletion

• Photo preview before removing files

Storage Management

• See estimated space to be freed

• Remove multiple duplicates in one action

• Clear, step-by-step deletion process

Privacy First

• All processing happens on your device

• Photos are not uploaded to external servers

• No internet connection required for scanning

• Only requests permission to access photos

Free Version

• Limited number of deletions per day

• Full similarity detection

• Access to core features

Pro Upgrade (One-Time Purchase)

• Unlimited daily deletions

• Ad-free experience

• Lifetime access to Pro features

• Priority support

How It Works

Start a scan

The app groups similar and duplicate photos

Review each group

Choose which photos to keep or delete

Free up space on your device","photo, photos, similar, duplicate, space",https://play-lh.googleusercontent.com/6q7SZBFAdORwWUx7iEBUHseUr6PW-WfjNjYMBtNA6dVBMWI-yR6NNmGcoQoCrRnvqXeigPphFLr-I616lQdimZA=w526-h296-rw,https://play-lh.googleusercontent.com/FOVLb_liMNZtrPbH770pepU3ObO1gZgrNgI2k35yY4b1iMTR7IFxF0NK0WVDsMa5Xm5Q1csX_GybUBDcuxiEZPs=w526-h296-rw,https://play-lh.googleusercontent.com/S8Oysn_zzoxmhLGvjL9iW39d2rOGeFQpagEN9g0qCX1Y8zgicHhHMf-JAJfUIZPSLs_Dwx22iByN_P3HBKC4Vw=w526-h296-rw,N/A
,Smart Clean - Phone Cleaner,https://play-lh.googleusercontent.com/pHe2xQKCkzqTEIXRJBhO0olAK0wuSfHtzWRiZ7VEN025_al2Gs8lfstPTJlTWWu--E4STrd9SjuD5-47STaP8g=w240-h480-rw,50K+,"Dec 30, 2025",4.6,109 reviews,https://play.google.com/store/apps/details?id=com.smartclean.devssss.clean&hl=en_US&gl=US,devssss 00003,"Junk Data Cleanup: Erase cached junk data from your mobile device

Large File Scan & Delete: Detect large files and remove the ones you don’t need

Screenshot Removal: Effortlessly delete unwanted screenshots

Battery Stats: View key details like battery power

App Uninstaller: Uninstall apps quickly and easily

Network Usage Monitor: Check data usage for all installed apps

App Usage Tracker: Track each app’s usage time and launch frequency","usage, data, apps, junk, large",https://play-lh.googleusercontent.com/9WQ2V1vknyJsZRINwYSS-qnm7P-WE9bjxPZNEiIL8W0Ra0JwM-zJm_gIWCPiTtpAfsBnYLKC_2QWkuKOqB1Nrg=w526-h296-rw,https://play-lh.googleusercontent.com/SdBk7wa6Q9aInE_5G-L9RnjwzZZNcfh_CjzidYnqs8g-y8tlpoBVLgN0D2Sx40MX4EHSCKcTb3mvkrcyDK1p=w526-h296-rw,https://play-lh.googleusercontent.com/iLmnyLrqTPX_0OvtLg8oCsdk2WkoEl87ShktIkTdu849CZOOZF6KotNFTjd4hF0BxlasCF0XXxuvLOXOY8KWXg=w526-h296-rw,https://play-lh.googleusercontent.com/ztUeg12Mw8DXI10DcVQjE3BRYMN8j8MceOQunDmIGYtvTDnOVQrGpXJl5uIt1uiVCAMsxPhxc6Rosr54cghvYg=w526-h296-rw
,Smart Clean - Phone Cleaner,https://play-lh.googleusercontent.com/FejdPg4k7YpXIfGY90wLg9X5cfkH1CNoaD9z6fJJaz45CV_HGO70_1k3W4m0rIjzvUXdekaQK8M-F8rAveWb6A=w240-h480-rw,5K+,"Nov 28, 2025",N/A,N/A,https://play.google.com/store/apps/details?id=com.clean.manager.smart.junk.cleaner&hl=en_US&gl=US,Akun Dev lam,"A lightweight Android junk cleaner to reclaim your device storage. Safely scan and remove cache files, residual data, and redundant documents with one tap. Identify unused files without risking important data, and free up valuable space for photos, videos and apps.","files, data, lightweight, android, junk",https://play-lh.googleusercontent.com/U20VIzcYaAdyBhQbAX5vQe_tq6h6Ni1A456Bc026Q5MnX25zWKL668ltHDFhuqcxB4RlFnYlTapmMKjCPqv-0w=w526-h296-rw,https://play-lh.googleusercontent.com/ZhB-8QJDwgOTAFCc4ZaTlU3n7IrOSzTbyBbgmlW3uDBkVgcqqcqFVqINs_Py70Bb9vdCe9mMsYcy8BrG6Cn4Gw=w526-h296-rw,https://play-lh.googleusercontent.com/jFXQfZLamoS71uX54vRJExn47-vDNrOCf_OE46n7ptWCU7ej4rXXiftDHU5sYVUV3TJ2LNRr3AOs1JKSuHHl=w526-h296-rw,https://play-lh.googleusercontent.com/SvE_J1FpqfQomWLqIUnx9wkyNGAg7Gbd2WnJOwlF3kVbNSDzJZ2Eydh6EAeRuMbgjSaUgjCyn-U6XNnlMLBi=w526-h296-rw
,Smart Junk Cleaner - Tool,https://play-lh.googleusercontent.com/eNfy0QJzfPnGOUtPy536em4FutvZ7d4zW-Ohk5MAvsu0eVc1QQb5f7fRQS9svuqLzbtnr9NGymh7BbDKtP_heUI=w240-h480-rw,10K+,"Feb 15, 2026",N/A,N/A,https://play.google.com/store/apps/details?id=com.ra.phonecleaner.junkclean.android&hl=en_US&gl=US,Rubic Apps,"Smart Junk Cleaner App helps you find and remove unnecessary files such as cache, temporary files, and unused media. The app scans your device storage and shows removable items so you can free up space easily. It also helps you review large files and duplicate images to manage storage better. Smart Junk Cleaner have Simple interface. Easy controls. Clear storage overview.","files, storage, smart, junk, cleaner",https://play-lh.googleusercontent.com/Nh2Izo5HWim1uspJWOZqmiOO9YRp1-1A-HaKAYV1u0M5kxtplXmmTtYAx5DKUfpJRuLXFdmu_c1FADdOz4Eoaw=w526-h296-rw,https://play-lh.googleusercontent.com/xAnUNjRvqvKMkAlHqW2FuJO661SdV_P1Syh6TXi7O6q0zMJJIFwVlo-ghrtVUSE9o3rFGggaPltw1gi_k6Kcnw=w526-h296-rw,https://play-lh.googleusercontent.com/qWP0YULiBY2qmIi_igakWgdMqiFlDaBA1vZqnImJYLqaQmZsTyzXvSUzqSQNC8QT7nixZ_Vq8oR4ePkEfGlk=w526-h296-rw,https://play-lh.googleusercontent.com/r47F2P67Xcxbfuz8tigWEvPKX2cpw9oZ_P-skwU2Xb9Nv2ew52stA0m6VIikGZwNeY1sm-5xzmyxwfQ5DyDpVw=w526-h296-rw
,Smart Switch - File Transfer,https://play-lh.googleusercontent.com/wMvVufzaeLChanIpvY8enWWU3uBABGJ7_8Ns9HfXwUJjj6gbxBYe-L_w_mdij2RaYonlfFWoMinMKpqxtFRe=w240-h480-rw,50K+,"Apr 7, 2026",N/A,N/A,https://play.google.com/store/apps/details?id=com.phone.transfer.data.clone&hl=en_US&gl=US,Tetra VPN Services,"Smart Switch - File Transfer is a reliable data transfer app designed to help users transfer and manage data between devices in a simple and organized way. It provides a clear solution for phone clone, data transfer, and file sharing, making it suitable for everyday use and device changes.

Key Highlights of Smart Switch - File Transfer

● Phone clone for transferring data between devices

● Transfer photos, videos, and files securely

● Secure file transfer with organized data sharing

● Transfer history for easy tracking

Phone Clone - Secure File Transfer

Smart Switch offers a guided setup that helps users move data from one device to another and send large files easily. By choosing the device type, users can continue the transfer process while keeping their data structured and easy to access. This approach makes data transfer from an old phone to a new one in a more organized way.

File Transfer & Data Sharing

With Smart Switch, users can share personal and work-related data between devices in a secure and organized manner. The secure file sharing app supports common file and storage data while maintaining structure during the transfer process, helping users keep their information in order.

Transfer History

Smart Switch - File Sharing app automatically records transfer activity so users can review shared data whenever needed. This built-in history feature helps organize past transfers and supports better data management over time.

Secure Data Handling

Data protection is considered throughout the transfer process. Smart Switch is designed to keep shared content protected, making it suitable for users who value secure data handling and controlled device-to-device sharing.

Contact Us

For assistance or questions, contact us at:

📧 support@enginegamingstudio.com","transfer, data, file, users, smart",https://play-lh.googleusercontent.com/i29MuWewImLHOrdCINm-nxMXVzP79WR7aspEl4v81k3H4LuOxflgozB7PrmGkJp_E-fXflkAc9OEqZd3AYz9IQ=w526-h296-rw,https://play-lh.googleusercontent.com/IaSbXTEAcHWzyNt24IjgYL5yilSxkO9rX3o7ImJcHZEuP-VvoQDfFvidPg5ccz9Qy_KUKDstqWqBhqitoaqM=w526-h296-rw,https://play-lh.googleusercontent.com/oWG6hjKFReceL8M4dN7_VFGdtGPztWvpQPXdnUwFQOrEOu15xplS3F320uItd4N0ZQQP1BvWKHlwIZt8oN1b=w526-h296-rw,https://play-lh.googleusercontent.com/f1ZU0QR6IymGYPxoxuUPaeFiQkm91fonLz6-fnbkxAjZjJE4YhLAohOlxjEggMCiXJQy_lLgskRpeA8w0Z4=w526-h296-rw
,Smart Wake Up Alarm Clock,https://play-lh.googleusercontent.com/i-7K3tyIcn3RdURMI2YE4iaZNJ18rJjFC03kiaudqSliFveDBWYPEeA3Cv63VhDa6gEvrU1FpPwJQ4qgVvQ-rA=w240-h480-rw,10K+,"Jan 30, 2026",3.8,62 reviews,https://play.google.com/store/apps/details?id=smart.wakeup.alarmclock&hl=en_US&gl=US,Vasundhara Infotech LLC,"""All-in-One Time Manager – Smart, Simple, Reliable

Master your time with Alarm Clock, the Smart Alarm Clock app built for everyday life. From morning wake-up alarms to global time tracking, this Smart Alarm Clock's powerful app combines every essential clock feature in one clean and reliable interface. Stay organized, punctual, and productive - whether you’re managing your work schedule, study sessions, or daily routines.

Designed to be fast, lightweight, and user-friendly, Alarm Clock ensures every alarm rings on time, every timer runs precisely, and every second you track counts perfectly. No clutter, no confusion - just smooth performance and dependable tools that work exactly when you need them.

Features of Smart Wake Up Alarm Clock:

1. Alarms Made Simple

- Set one-time or repeat alarms

- Use custom or default sounds

- Control snooze and vibration

- Perfect for wake-ups and reminders

2. Stopwatch & Lap Timer

- Start, pause, or reset anytime

- Track multiple laps accurately

- Great for workouts and studying

3. Timers

- Set custom names and durations

- Perfect for cooking or studying

4. World Clock

- View global times easily

- Add and manage world clocks

- Perfect for travel or work

5. Simple, Fast & Reliable

- Easy and fast to use

- No internet needed

- Runs smoothly on any device

Why Choose Alarm Clock?

- Simple, elegant, and easy to use

- Fast setup for alarms, timers, and a stopwatch

- Accurate timing and dependable alerts

- Perfect for home, school, or professional use

Your Time, Your Way

Alarm Clock isn’t just another wake-up app - it’s your complete daily time manager. From early mornings to late-night reminders, it helps you stay on schedule and in control of your day.

Download Smart Wake Up Alarm Clock now and take charge of your time with a simple, reliable, and beautifully designed app made for everyone!""","alarm, clock, time, smart, simple",https://play-lh.googleusercontent.com/IUNvO8BKyHbwQfxaxjbQCWPyBegaYinuXqaD6Cx_j8tlvYYDKPY-s774E7qXH1cZdJeR9jYK-2bnvQ7tfUbKrg=w526-h296-rw,https://play-lh.googleusercontent.com/Xfu5LZ6TrsjcHIIJaTce_opTFEAOcOfMvAGPRvWFefWdecK8JRVrOThf-JFMrYYMS-xblMAiEg3tgIwo1gdk7VQ=w526-h296-rw,https://play-lh.googleusercontent.com/aZ-oiNo8gLoxcVVlv6F5ykiUCGoMQzfVPVsGoImr9ZT3nwPh5Tb-b9C2N6roUkiLLSLmCFI4QgjqbGnrhjVq=w526-h296-rw,https://play-lh.googleusercontent.com/7VQYa_halvNIgwwX8v9XMZI4gOoG6f5n4djUezMqvCeWPeOePrtQslEiFNdZHCy099YUmEn8B6YAGF5pdHJG=w526-h296-rw
,SmartClean AI: Storage Cleaner,https://play-lh.googleusercontent.com/aUFNRj3zbhnU0gPiB80B315bHldoRkq3PORU57Z1w0VIPsfNoJtJZAOaNy6oMMnUCo2rW1NSbAkshjzMag0t0A=w240-h480-rw,10K+,"Feb 23, 2026",N/A,N/A,https://play.google.com/store/apps/details?id=com.phonecleaner.smartclean.storagecleaner.app&hl=en_US&gl=US,Amobear Application - Avntech Master Tools,"SmartClean AI: Storage Cleaner

Smart Storage Optimizer SmartClean AI identifies redundant system logs and temporary files through automated scanning. All analysis is conducted strictly on-device to ensure your information remains protected in accordance with privacy standards.

Media Gallery Utility SmartClean AI uses AI to detect identical shots, blurry images, and screenshots within your gallery. This process is performed locally, ensuring that no photos or videos are ever uploaded to external servers.

Secure Vault SmartClean AI provides encrypted storage by hiding sensitive files in a password-protected folder. It operates through local encryption protocols, ensuring that no external access to your private data is possible.

Photo & Video Compressor SmartClean AI reduces the digital footprint of high-resolution media while maintaining visual fidelity. The application modifies or replaces files only after receiving your explicit confirmation.

Contact & Calendar Utility SmartClean AI merges duplicate contacts and removes expired calendar events from your schedule. Entries are processed locally to ensure that no information is ever synced or exported.

Download SmartClean AI today and start optimizing your device with ease.

Terms of use:

https://sites.google.com/view/smartclean-ai/home

Privacy policy:

https://sites.google.com/view/smartclean-ai-storage-cleaner/home","smartclean, storage, files, through, ensure",https://play-lh.googleusercontent.com/UjbPq5xxOwxFAQvePWShyMHFM4eR6RurQ9Zx3efF9cPkjB3p24VnmzkZOr3GJLBhSX3UWQ_ahu0t-nQwP2QZTg=w526-h296-rw,https://play-lh.googleusercontent.com/V8R28etQxGoBa_8oNyD8mM3h9kgBi0TdE2JhQu9eH8VLdnMXJf3Pi0QcxUOltXDxI-rTw4fYou0WWmUlTXs5mw=w526-h296-rw,https://play-lh.googleusercontent.com/oaB1CoGW72mwBxbYmTSytp86egwWfwY4o9oxKN2Rz4Vc3VE_0Kk0rUyvZJg6S8SJinxRZe4SLHap1cLtTR76Cms=w526-h296-rw,https://play-lh.googleusercontent.com/af7u512cdORYXBOCpdbNcYW0HN1BbJWx8HbgVJ6jCJetPzdw27X0Rj63zDA4dPdyV31hLQC0fir3LHP6wjnS=w526-h296-rw
,Sound Meter,https://play-lh.googleusercontent.com/WWapV_LiVa9bT-uatHezbFMxc2ydV5DGv-hCMsSwEHlMcI6q5kq2gVrUr-Ecza7QhVJOOW2lsyQVD7jL1QLM=w240-h480-rw,100K+,"Oct 12, 2025",4.8,2.5K reviews,https://play.google.com/store/apps/details?id=com.pony.decibelmeter.soundmeter&hl=en_US&gl=US,Beacon Studio,"No ads.

Sound Meter work efficiently to find the level of environmental noise.

Sound Detector is known as SPL Meter or Decibel Meter (dB Meter). Through Sound Detector or Noise Detector you can easily detect too much loud sound in order to protect your hearing functionality.

Sound Meter will use the phone microphone to measure environmental noise decibels (dB) and show a value for reference.

Features:

- Clearly display the current sound level through Dashboard and Chart.

- Display the current noise reference.

- Display MIN/AVG/MAX decibel values.

- Start/Pause collecting noise samples.

- The current decibel value can be adjusted freely.

- Show the reference value for each type of environment as the sound level we are measuring.

- Save data & View history.

Protect your family health by detecting dB value now by using noise meter or decibel meter to measure any kind of environmental noise.","sound, meter, noise, decibel, value",https://play-lh.googleusercontent.com/41WHbB_pGmrh_6Jp5iE-WhK8lYh-oi2CY-D6-FcSEH-Fg3QBSZNeaGV6fWoZBmrNmEx5DiJE0veuigQ75O5A=w526-h296-rw,https://play-lh.googleusercontent.com/U8zCK3TuTakfRF6yBuNFjcTvyC9wLLc4aQdQSWP7fH7n-JL7_GB4iUDfURvyaZIWNot5rHWp4cd8MOcQSmSI=w526-h296-rw,https://play-lh.googleusercontent.com/flpD5Xeuud7NNohuLh3m8OhSQ6i6089aBwIOvAEIDZ87TZMpoZIkyWeXQwRORr1rE6SLLyE9cntHmGQba4AMFy4=w526-h296-rw,https://play-lh.googleusercontent.com/YiOQHoITw_pvxpdkPX3_AcMLe-bjbLthRARgzyijyUTVlqNgTKoJzNseC9jIaCfjJX2iJ8_BceZw6HjL5yRD=w526-h296-rw
,Sound Meter,https://play-lh.googleusercontent.com/t0gVCUuMMBuspGioeUwL3dIzAxiLWTHy41UnSAvuIHdx7a3ObmmmwGcrJMAhUAqke0u3DH00TE48yz5oBu-OrgA=w240-h480-rw,5K+,"Aug 18, 2025",N/A,N/A,https://play.google.com/store/apps/details?id=com.arges.argessoundmeter&hl=en_US&gl=US,Arges Tech,"Arges Sound Meter: Your Pocket Decibel Meter

Are you concerned about your noise exposure? Do you need to measure the sound intensity level of your surroundings quickly and reliably? With Arges Sound Meter, turn your smartphone into a professional decibel meter instantly.","meter, sound, arges, decibel, pocket",https://play-lh.googleusercontent.com/cgdOPHIgWNlQvhY0PxhOaM2yKV3fO4SqaLV7W36anaqVr6QlVmUQ0mhJyz6oawtVLmUKNTbd7SrAnFq314dtEBw=w526-h296-rw,https://play-lh.googleusercontent.com/jxQNJcQquytQLEMhKerrccy2_m6XllBwFnK0flsBZGuWDdSk4VA83LRHRP-amb2cpcAYWgAxVFTl96xHTv8S4Q=w526-h296-rw,https://play-lh.googleusercontent.com/fbkQXVsDAeBGPr5hBXSsj5gbYi3oBbAtMuCR5wAGxZ-wBGMCAS9NNJLIWur3zE3BDiivC7F0c_-d-gajMbXJvw=w526-h296-rw,https://play-lh.googleusercontent.com/bZV9jDa7OECdXUgDQoXqp0UKMrMiNU7COwYAPSuQj6i9y8ZAxHv58U7bEHyNPKv-J1dQoiTnX8qYChbUJW_T6w=w526-h296-rw
,Sound Meter for Watch,https://play-lh.googleusercontent.com/cdOawr-M1w6UOoeLXEqaq4RmaqQZvDiLNBbzttx3jGqgUD6WmU99wIH0CEPXTwi6hNk=w240-h480-rw,10K+,"Jun 19, 2025",4.2,202 reviews,https://play.google.com/store/apps/details?id=com.arges.argessoundmeterwatch&hl=en_US&gl=US,Arges Tech,"Arges Sound Meter for Wear OS: Your Pocket Decibel Meter

Are you concerned about your noise exposure? Do you need to measure the sound intensity level of your surroundings quickly and reliably? With Arges Sound Meter Watch, turn your smartwatch into a professional decibel meter instantly.

Designed to be accurate and easy to use, our app lets you monitor noise levels directly from your wrist. Forget about carrying bulky equipment; all the power you need is right on your Wear OS device.

Key Features:

Precise Measurement: Employs advanced algorithms to provide you with reliable decibel readings.

Easy to Use: With an intuitive interface, get real-time measurements with just a tap.

Simple Calibration: Adjust the app to ensure maximum accuracy in any environment, using a known sound source.

Designed for Wear OS: Fully optimized for your smartwatch, ensuring smooth performance and minimal battery drain.

Protect your hearing, evaluate noisy environments, or simply satisfy your curiosity. Download Arges Sound Meter Watch today and take control of sound right from your wrist.","sound, meter, arges, wear, decibel",https://play-lh.googleusercontent.com/9EsiuSSoxtvTUIvySZnIW9GRwuKwf6_oOr175STSO3tD8J0Nr2N6IH-N7ktAqScaSkVH=w526-h296-rw,https://play-lh.googleusercontent.com/RU_KHOO624xYbzf5-jNoWlthBYhn6OqqvmqoGLa-TlangtpjrhbSQn_VZFz76FhmrnM=w526-h296-rw,https://play-lh.googleusercontent.com/01GsopILxcku32p-9vb_-SoZn3mf24R-_MWeIbCITxiVaYtVobrGZTshLLGei2ugXA=w526-h296-rw,https://play-lh.googleusercontent.com/5N0mHlwuscBGWk9H9bkvff6Rt0Dim39LULz6QQYOfPH2DBedKH6LxSUTDeNjdXYKdA=w526-h296-rw
,Splitup - Group Expense,https://play-lh.googleusercontent.com/g3l7drZlMmCe4HUbGkjmPgifWHyFIrWBkLZSBN-YAfGn_gq78szCONzh3NEycV-fM0w=w240-h480-rw,5K+,"May 14, 2025",N/A,N/A,https://play.google.com/store/apps/details?id=in.tappstudio.splitup&hl=en_US&gl=US,Tappstudio,"Welcome to Splitup!

Split group expenses with ease. No complicated math, no messy disagreements – just simple, fair bill splitting.

Whether you’re traveling with friends, sharing rent with roommates, planning events, or dining out as a group – Splitup makes splitting expenses effortless. Add your expenses, invite your group, and Splitup takes care of the rest!

Features:

📚 Create and Manage Multiple Groups

Organize your expenses by trips, households, events, or any group setting. Easily add multiple groups and manage them separately with a few taps.

➗ Split Expenses Your Way

Split equally, by exact amounts, or by custom percentages, perfect for those tricky uneven expenses. You’re always in control.

📊 Clear and Transparent Dashboard

Track all group expenses in one place. See total expenses, your individual share, and pending settlements clearly and instantly.

🔔 Smart Reminders & Notifications

Stay on top of your expenses with helpful reminders:

📩 Get notified instantly when a new expense is added.

⏰ Send gentle settlement reminders when someone owes you.

✅ Both parties receive a confirmation when a payment is settled.

🧾 Full Transaction History

Stay organized with a detailed list of all group transactions. Filter by date, amount, or member to find exactly what you’re looking for.

➕ Add Multiple Payers for a Single Expense

Easily handle situations where more than one person contributes to a payment. Just add all payers, and Splitup does the math for you.

🔍 Filter Transactions Effortlessly

Find what you need fast ⚡. Filter by expense type or who paid, helping you stay organized and in control.

📤 Export & Share Summaries Like a Pro

Download expense summaries, transaction history, and settlement details as PDF or Excel files. Share with your group for full transparency and hassle-free communication.

👥 Add or Remove Group Members Anytime

Manage your groups flexibly. New member joining or someone leaving? Update your groups without hassle.

🌎 Multi-Currency Support

Traveling abroad? Splitup supports multiple currencies, making it the perfect travel companion wherever you are.

🌐 Available in Multiple Languages

Use Splitup in your native language! We support a variety of languages to make expense splitting easy for everyone.

🔄 Quick Group Switching

Switch between groups with just a tap – ideal if you manage multiple projects, trips, or friend circles.

🎨 Clean and Modern Design

Experience a sleek, bold, and intuitive UI designed for maximum ease of use. Expenses have never looked so good.

🌙 Light Mode & Dark Mode

Choose between light or dark themes to suit your mood and environment – perfect for day and night use.

💸 One-Time Purchase for Additional Groups

Need more groups? Easily unlock additional groups with a simple one-time purchase – no subscriptions, no recurring costs. Each purchased group includes unlimited reminders, unlimited members, and all features fully unlocked.

---

Why Splitup?

Splitup simplifies the awkward conversations about money. Focus on making memories, not doing math. Whether it's travel, rent, dining out, or event planning – Splitup is your best friend for fair expense management.

👉 Download Splitup today and make settling expenses simple and stress-free!","expenses, splitup, group, groups, multiple",https://play-lh.googleusercontent.com/A4m6P1Yi5nBTg52HlqgWSsn_3IOgrJqruh0pD4MG6T8lPkSxLzRzRWOPwqduyt5QiUw=w526-h296-rw,https://play-lh.googleusercontent.com/fxqYJ1L_ocG1nrkInh6rRaDITFPL_cxhj6-YyN6_fBYQsnPpd9wNsdEIDp_J0j7coHuq=w526-h296-rw,https://play-lh.googleusercontent.com/3KzLdELWW55YDX-ORsa60-PfGPqVhcl5nMeMYbC5fnl04m407vwT-7ctbulZuUdb1h2O6ekfW25a5nGrElrj_8k=w526-h296-rw,https://play-lh.googleusercontent.com/BQOD2uvo-RPFqq9NsWV9e6lN4VPinh36Soxs3uCyIv3ySsUaxJVAzmFTbMyTW4SGU1o=w526-h296-rw
,Subscription Manager: Reko,https://play-lh.googleusercontent.com/JqxKKVVALcVyvntDbWPUSRkanHOVPY388Y1ga79nDPCfjM2KYlwr9OCHEhBkz0rELwzWeFKfctb4NMUn6Ie-Dg=w240-h480-rw,10K+,"May 13, 2025",4.4,253 reviews,https://play.google.com/store/apps/details?id=com.subscription.tracker.subscriptionsapp.billing.alert.calendar.manager&hl=en_US&gl=US,Playground Studio LLC,"Reko is a subscription tracker that helps you track subscriptions and bills in one simple, private dashboard. 🔐

Free

• Track up to 3 subscriptions

• Renewal reminders

• Spending totals

Premium

• Unlimited subscriptions

• Advanced insights & trends 🌟

Features

🔔 Renewal reminders before you’re charged

📊 Monthly & yearly spending totals

🌍 Multi-currency support

🌓 Custom billing cycles, dark mode, 30+ languages

✅ Privacy-first: no data collected

Track Netflix, Spotify, Amazon Prime, YouTube, and 1,000+ more. 🎬🎵

Simple. Fast. Private. Your subscriptions in one place. 📱","subscriptions, track, one, simple, private",https://play-lh.googleusercontent.com/pk03jO2BFK2e_UUqP-92uREI3WEj72I7CGw890BC9KJkhDvbrsGm3nqk4PFyyOB-2TZXdfGk_OPO348x6iI4uQ=w526-h296-rw,https://play-lh.googleusercontent.com/opNzmC5jYtd6mIPrY1sNGhAJwOjrsixv18PX1UsS_6wwFj1CwapQk5PYNjqo0fyCdc04LrygNUSDQrffwpon=w526-h296-rw,https://play-lh.googleusercontent.com/KXzRH2NEjZ3dz63VnAXkY9kZcQVPXIsPHpDbHd_PTQyR_IiolhnF_PRgpdiapeDlNyGgVZGlnB0JGJL3kx9T7w=w526-h296-rw,https://play-lh.googleusercontent.com/TqEjeahIf29g050wbIyvctQAHmf5QGfnLykn0WptH6yXxBsk6oJPH5yF1VHnKzu1my5gHF58qXCRa2Q2G1spQg=w526-h296-rw
,Subtitle Studio by Msone,https://play-lh.googleusercontent.com/YQFtS1y-a_I3NoimyTbZTAX61W9XFj0JyDrI6krzWRMVEd76ByuXIbK4TzNCutcUhsFgaKs03aJwAIlHir6x=w240-h480-rw,5K+,"Sep 21, 2025",N/A,N/A,https://play.google.com/store/apps/details?id=org.malayalamsubtitles.studio&hl=en_US&gl=US,mujeebcpy,"Bring your subtitles to life with the ultimate subtitle studio editor and player!

Our subtitle app is designed for creators, translators, and movie lovers who want complete control over subtitles. Whether you want to create new subtitles, edit existing ones, or sync them with videos, this all-in-one tool has everything you need.

✨ Key Features

Create Subtitles – Write subtitles from scratch with ease.

Extract Subtitles – Pull subtitles directly from supported video files.

Edit Subtitles – Modify text, timing, and style to perfection.

Video Integration – Load videos with their subtitles to preview changes instantly.

Dual Subtitle Support – Display two subtitle tracks at the same time in the player.

Smart Dictionaries – Use multiple dictionaries to improve accuracy and translations.

Customize Style – Change color, format, and appearance of your subtitles.

Advanced Tools – Split, merge, animate, and fully control subtitle flow.

Mark & Comment – Highlight lines and add personal notes or feedback.

Source View Mode – Work directly with subtitle code for quick edit/view.

Save Projects – Keep your subtitle projects safe and continue anytime.

Sync Subtitles – Align subtitles perfectly with your video.

🛠️ MSOne Exclusive Features

Subtitle Banners – Add banners directly into your subtitles.

Malayalam Normalize – Automatically fix common spelling mistakes and encoding issues in Malayalam subtitles.

Submit to Msone – Send your final subtitles directly to Msone for sharing or further use.

With this app, you can turn any subtitle into a professional, polished piece of work. Whether you’re working on translations, fixing timing issues, or experimenting with creative formats, this tool is built to support your workflow.

📽️ Perfect for:

Movie Creators

Translators & subtitle editors

Content creators

Language learners

Download now and take your subtitle editing to the next level!","subtitles, subtitle, directly, creators, video",https://play-lh.googleusercontent.com/srVHrsGHqIBw_7W350MMjEIhDe1v09AE-T6SM_XTC1ospFw0-o82IBFs7pSkKezFA583nbhNKlVWBOZYrKnbSTM=w526-h296-rw,https://play-lh.googleusercontent.com/KGOnTKFqGYWQdhNYUbaYLn8BJ3lqw8zT8o3KNrPfLg-5k6oazNt06jbrCv7pV2hFt2JPetsXQ0rBBM3nLVrk=w526-h296-rw,https://play-lh.googleusercontent.com/T3Ck5PTeesKOXW8qUDAweraxpDp0i1in4R4HdaOR44hsBHUeKryu4B6xHsL3wqSv3XGyN5skVIjCtC2EdOmH8IA=w526-h296-rw,https://play-lh.googleusercontent.com/IbI5HIKhG0NBuKKMUcmDQUd10WDmHHM4g84M7C-0MV19gnwQWkjKlhYm9bmubJdGODVU98l4NoDBzhfj4IF0bw=w526-h296-rw
,Summary - AI Note Taker,https://play-lh.googleusercontent.com/qhUJAA54mD9AHPEFsFP9SAKbvfjds-sPBdtvgzV4fYh5rf5U2JjNZGJyahyoA5yNks--yCe7KustWjjQ5QjbBKA=w240-h480-rw,1M+,"Sep 19, 2025",4.6,55.6K reviews,https://play.google.com/store/apps/details?id=io.labhouse.audioapp&hl=en_US&gl=US,Labhouse Mobile,"Summary AI makes meetings more productive by automatically recording, transcribing, and summarizing conversations. Whether it’s a business meeting, interview, classroom lecture, or podcast, Summary AI captures everything clearly so you can stay present and focus.

With one tap, the app records audio, generates accurate transcripts with speaker labels, and creates easy-to-read summaries. You can even ask questions like, “What were the key action items from the marketing strategy session?” and get instant answers, thanks to built-in AI.

Why Use Summary AI?

Take and share professional meeting notes effortlessly

Record and transcribe interviews, lectures, webinars, and podcasts

Generate captions for people with hearing impairments or quiet audio environments

Who Uses Summary AI?

Professionals: Capture meeting notes, action items, and client discussions

Students: Record and review lectures, study groups, and seminars

Journalists & Researchers: Transcribe interviews with precision

Everyone: From voice memos to webinars, it handles it all

Key Features

One-Tap Recording

Start recording instantly and stay focused. Summary AI takes care of the rest.

Unlimited Recording Time

Record as much as you need, no time limits, no interruptions.

Records in the Background or with Screen Locked

Keep recording while your phone is locked or you're using other apps. Perfect for discreet, uninterrupted sessions.

Accurate Transcription with Speaker Labels

Transcripts that make sense, clearly labeled, searchable, and easy to review.

AI-Powered Summaries & Key Points

Don’t just get a transcript, get the big picture with bullet-pointed summaries.

Smart Search & Timestamp Jumping

Type a keyword, jump straight to that moment in the recording.

Ask Questions About the Conversation

Get instant answers from the AI like “Who was assigned the budget review?”

Automatic Punctuation, Capitalization & Line Breaks

Clean, easy-to-read transcripts without any manual formatting.

Boost Your Productivity

Save time reviewing meetings, just skim the summary

Stay present in conversations, not distracted by note-taking

Export notes to PDF, share with teams, or save for personal reference

Never lose a detail, everything is searchable

Your recordings and notes are private, always. Summary AI prioritizes security, and your data is never shared with third parties.","summary, recording, get, notes, meeting",https://play-lh.googleusercontent.com/IDm4hj6QDvjXhTIzauhNHmhozcLpLtm2io2eFMtcjQzA0Qc_9wytoSa5rcsvlIB8Lfj3hebQgcAfmBgijwPLWQ=w526-h296-rw,https://play-lh.googleusercontent.com/6pY4VRwssItHJup6M_5dx0LugtEw07bnzdnWICTlLgLHrEFys_L2n9C8Lh0HLh5yFryRKXkWL4YSIFfctQW53Q=w526-h296-rw,https://play-lh.googleusercontent.com/EX_hJJKjilH3Xsi9MmIRvjjDNB4PeFoFFzqVeUlcTLqHOnc2TmYIihTEesjE8IuIY2zqrAQq1CfkUqf2W0LVIQ=w526-h296-rw,https://play-lh.googleusercontent.com/X588eLcclAhyNMS1gK9begFdG6xRYJODcjGfgpoEQgtKWyBtOborRxxsvvjqOW-t9d5zMSp2pDbE175HbyxR0A=w526-h296-rw
,Summary AI & Meeting Notes,https://play-lh.googleusercontent.com/t8_S1CgsSNKxeam4AqLda7A7VpNj5iFO6nS8Hb0eeURFx7foA8zelvUjdcFznvgFoUBLw94Jg74XxoX1M-8XXec=w240-h480-rw,5K+,"Mar 6, 2026",N/A,N/A,https://play.google.com/store/apps/details?id=com.ai.summary.note&hl=en_US&gl=US,Wallet Assistant,"The AI note taker that turns any conversation into structured knowledge.

Meeting Notes & Summary AI is your personal note taker, voice recorder and speech to text tool for meetings, lectures and beyond. Record, transcribe and summarize everything automatically so you can stay present, learn faster and never miss a key detail again. Whether you need to take ai meeting notes in the boardroom or lecture notes in the classroom, this note taker does the heavy lifting.

Take meeting notes without lifting a finger with ai.

Take ai lecture notes without missing a word with easy speech to text.

Your personal best voice recorder and speech to text engine.

Record voice notes on the go and use speech to text to convert them into editable text instantly.

Transcribe audio files, video recordings and imported PDFs easily.

Use speech to text to dictate ideas, summarize voice notes or transcribe interviews with precision.

Ai Meeting recorder: transcribe and summarize meeting notes automatically, export to PDF or share with your team.

Lecture notes generator: transcribe lectures with ai and create rich lecture writings with tables, diagrams and equations with speech to text.

Note taker for voice: capture voice, transcribe them and organize into folders. Summarize automatically with one tap.

AI summaries: summarize meetings and long recordings into clear key points and action items.

Flashcards and quizzes: generate study tools directly from your lecture or meeting.

Smart search: type any keyword and jump to that exact moment in your recording.

Perfect for every use case. Download the note taker today.","notes, text, meeting, voice, speech",https://play-lh.googleusercontent.com/uxt1fOKvF2N41Vg5wWo1kB4CLWmLSXvcuAVWINWRqiRTDuWs9FNnPVxxC837GKuXaWaBwu7l2cIqiqNyg3Pcmg=w526-h296-rw,https://play-lh.googleusercontent.com/JUZwo3NIh6vZowqwYF_YeD9ATms_Sua8DzmGr79kmVkFMQ5qMm78i9TD-XheDOlxxANUABFudxJSBpCPyE8z9Q=w526-h296-rw,https://play-lh.googleusercontent.com/nMy2MMsswcem4H2zsuExNzOFl8AEwcMJKrmJJgFmJWXb3GMC33uZG3gMTbj3z7QmS0I6Z-O1PMeimkIlg6jvth0=w526-h296-rw,https://play-lh.googleusercontent.com/scabjlGisBLGtcX-LBENiNiGrCljxKJ5y0uMdaLYmjwAOKilxExOO1ih8HJmWEzBfNSQEz5ibDnkxVEpOPlo=w526-h296-rw
,Sunrise Alarm: Wake-Up Light,https://play-lh.googleusercontent.com/oFPEBzD53meT1PZ_umSikd3zOTVgVBBgI-yevCrEhInKi0gB-Rk9M1KciubqueF-b7eJZeKp850iM_vxYEV0=w240-h480-rw,10K+,"Sep 19, 2025",4.2,180 reviews,https://play.google.com/store/apps/details?id=com.laironcorp.sunrisealarm&hl=en_US&gl=US,Vireka Interactive,"Sunrise Alarm – Wake Up Naturally with Sunrise Light Therapy

Transform your mornings with the most advanced sunrise alarm clock app for Android. Wake up gently with natural light therapy scientifically designed to support your circadian rhythm and replace physical sunrise lamps.

🌅 SUNRISE SIMULATION

- Smooth color transition: dark red → orange → yellow → bright white

- Adjustable duration (5–60 min)

- Helps reduce morning grogginess and improve mood

- Designed to mimic a real sunrise and wake-up light

⭐ NEW PRO FEATURES

- Unlimited alarms with independent schedules

- Automatic sunrise time using real astronomical data

- AMOLED-friendly dark themes and custom backgrounds

- Post-sunrise vibration (backup wake-up)

- Use your own music or sounds

- Advanced color palettes and premium themes

⏰ SMART ALARM SYSTEM

- One-time, daily, or weekly patterns

- Persistent notification showing the next alarm

- Auto-restore after restart

- Optimized for all Android manufacturers

- Reliable alarm clock app performance

🎨 DYNAMIC INTERFACE

- Auto light/dark mode based on your location

- Dynamic backgrounds with day/night transitions

- Astronomical twilight calculations

- Status bar icon customization

- Fully offline — no internet required

🎵 AUDIO EXPERIENCE

- 10+ natural sounds (birds, rain, ocean, forest…)

- Gentle wake-up melodies included

- Custom audio support

- Progressive volume fade-in

- Independent sound settings per alarm

📳 SMART VIBRATION

- Gentle progressive vibration

- Post-sunrise vibration (Pro)

- Customizable patterns

- Battery-efficient design

📱 UNIVERSAL COMPATIBILITY

- Works on Samsung, Pixel, OnePlus, Motorola, Xiaomi, Huawei

- Special MIUI optimization for Xiaomi

- Android 6.0 to Android 15

- Compatible with custom ROMs

- Built-in battery optimization guide

✨ BEAUTIFUL, MODERN DESIGN

- Jetpack Compose UI

- Smooth animations and adaptive layouts

- Enhanced accessibility

- Clean, elegant clock design

🔐 PRIVACY AND PERFORMANCE

- 100% offline

- No data collected

- Minimal battery impact

- Latest Android security standards

- Guaranteed alarm reliability

💡 WHY SUNRISE ALARM?

✓ Wake up naturally with circadian-friendly light

✓ Alternative to sunrise lamps and wake-up lights

✓ Reduce stress and morning grogginess

✓ One-time Pro upgrade — no subscriptions

✓ Fully customizable experience

✓ Frequent feature updates

🎯 PERFECT FOR

- Heavy sleepers

- Shift workers

- Morning routine improvement

- Light therapy users

- Seasonal Affective Disorder (SAD) support

- Anyone looking for a sunrise lamp or wake-up light alternative

- Anyone tired of loud, stressful alarms

Start waking up better. Download now and experience natural sunrise light therapy for calmer, smoother mornings.","sunrise, alarm, light, android, wakeup",https://play-lh.googleusercontent.com/00Nz6pwgKg9FXyy6auCK_1vcOkN4G_VoJc10HAOl830gmz-Lsm87kEbnBCTQkXI7BAKbjYRLnSBc0wy5TQuNig=w526-h296-rw,https://play-lh.googleusercontent.com/901cLQu78lnuYcoucxxqwH_QMTXjM8BeowiLKJLGpLfaLStlXPWignNcuRZl6nFTWikqJlQeT8pUS43INK3w9PI=w526-h296-rw,https://play-lh.googleusercontent.com/FqMdHU1DzgjUlNuWKerp4Vq7nRSwFHfmJ6C_ECCXdaApL9807204sDQFgz6hg9Qkn7sslw-fwi-5UHP-wo1qdjU=w526-h296-rw,https://play-lh.googleusercontent.com/ygUbxazNPwLx36MOuoX0yWPzEMf8v0Kc0cxpuQ7SkrQxHIEvjqTiS2pmCpoqZn8-9AoAv4Mtg-8fdFOxjcjRwQ=w526-h296-rw
,Swipe to Delete: Photo Cleaner,https://play-lh.googleusercontent.com/sBiyQE4OGH3J8tdrP4dykcTn75VhSV9mHJCS5Z1pR2W9Q5s1IDTsUoIj6bxskUHJCbqaAwB2S5YEEtC8-5G5NEQ=w240-h480-rw,10K+,"Jul 27, 2025",4.4,76 reviews,https://play.google.com/store/apps/details?id=com.netabis.clean.storage.photo.cleaner&hl=en_US&gl=US,Netabis,"Is your phone constantly warning you about low storage? Tired of scrolling through thousands of duplicate photos, blurry shots, and old screenshots? Manually cleaning your gallery is such a chore.

Introducing Swipe to Clean — the revolutionary gallery cleaner that makes freeing up space fun, fast, and satisfying!

We’ve transformed the tedious task of cleaning your phone into a simple, game‑like experience. Our app presents your photos and videos one by one. Simply swipe right to keep a cherished memory or swipe left to delete unwanted clutter. It’s the most intuitive way to manage your media!

With our powerful swipe‑to‑delete interface and smart duplicate finder, you can quickly decide what to keep and what to toss, reclaiming gigabytes of precious storage in just minutes.

✨ Key Features

✅ Effortless Swipe to Delete The core of our app. Quickly sort through your entire gallery with a simple, satisfying swipe. This is the ultimate photo cleaner experience you’ve been waiting for!

✅ Smart Duplicate Finder Why keep five versions of the same selfie? Our intelligent scanner detects exact duplicates and similar photos automatically. Keep the best shot and clean up the copies instantly to save massive space.

✅ A Smart Photo Cleaner More than just a basic deleter. Our app helps you tackle everything from large video files to months‑old screenshots you no longer need.

✅ Review Before You Delete Accidentally swiped left? No worries! All items you choose to delete go into a review bin. You have the final say before anything is permanently removed, giving you complete control and peace of mind.

✅ Fun, Modern Interface Cleaning your phone shouldn’t feel like a chore. Enjoy a clean, fast, and satisfying experience that makes clearing out clutter genuinely enjoyable.

⸻

Stop the endless, frustrating scrolling and tapping in your standard gallery app. Swipe to Clean – Gallery Cleaner is the swipe photo cleaner you didn’t know you needed!","swipe, gallery, cleaner, our, clean",https://play-lh.googleusercontent.com/ItsR23cvoc4KCfbyNCC_kP4FpHFSPHwCGFILRSseRaAMrhacCAvF_i7vv5MWGcNLTauPtfFn29vyS_pxUE7ZWJA=w526-h296-rw,https://play-lh.googleusercontent.com/gSL2iHD9QjT0ZdqUmJvGF6j5KyGnPCGaJGuQouejgbUfMXOGF9gttTZfayuR0Z3O4v2IG1c55QbJ1W5Lmag7=w526-h296-rw,https://play-lh.googleusercontent.com/ocenyiGwXf1Nb4zzfBGnjqcZoXguAxzDZNNRncJGpapbySA4a0SFAnTD-HYkGiJpSQwkquY4-LREPpq3NYGUfQ=w526-h296-rw,https://play-lh.googleusercontent.com/T8YFjax1w2UqNbAIMNbpIc-xwznDuuF5MIKrc1mGGy7PYz6Idu93Q33AWBbqCSXN35HWtgWM0CPES9Soecr4-A=w526-h296-rw
,Time & Hours Tracker for Work,https://play-lh.googleusercontent.com/f9MrbxrXElOtdpV7qd5IxwEE7PNNV-XYf9poYSlv8NTS0AhJBrJ0CUKNRJMybPwyvQ=w240-h480-rw,5K+,"Jun 23, 2025",4.3,99 reviews,https://play.google.com/store/apps/details?id=com.time.tracker.tracks.work.hours.timesheet&hl=en_US&gl=US,Card Scanner,"Track Your Work Hours Effortlessly with the Time Tracker App

Looking for a simple yet powerful time tracker to log your work hours? Our work hours tracker helps you efficiently track your daily work schedule, calculate your earnings, and manage multiple jobs with ease. Whether you're a freelancer, contractor, or employee, this hour tracker & time Tracker ensures you never miss a billable hour.

⭐ Key features time tracker for work hours:

🕒 Easy Time Tracking:

Clock in and clock out effortlessly with a tap. Our work hours tracker records your shifts automatically, so you can focus on your work without worrying about logging time manually.

📆 Manage Multiple Jobs:

Juggling multiple jobs? The Time Tracker & Work Hour Tracker app allows you to set up different jobs with custom schedules, hourly rates, and overtime settings. Switch between jobs seamlessly and keep everything organized.

💰 Calculate Earnings Automatically:

Our time tracking app not only logs your hours but also calculates your total pay based on your hourly rate, overtime, and break time. Get an accurate breakdown of your earnings in real-time.

📊 Detailed Work Summary:

View your total work hours, overtime, and earnings at a glance. The work hours tracker app provides clear reports, helping you analyze your work patterns and optimize productivity.

📤 Export time tracker for work hours earnings:

Need to share or export your timesheet?

PDF – Fixed layout document

XLS – Editable spreadsheet

CSV – Plain text data

Send it to your employer, accountant, or personal records. Select a date range, choose specific jobs, and generate detailed reports effortlessly.

📅 Customize Your Track Work Hours Schedule:

Set up your workdays, start and end times, and even apply break times across all workdays with one click. The Time Tracker－Work Hour Tracker app adapts to your unique schedule.

⏰ Overtime Tracking & Custom Rates:

Define your overtime start time and set a different rate for extra hours. The hour tracker app ensures you get paid accurately for every additional minute you work.

📌 Edit & Adjust Work Entries:

Need to make changes? Easily edit your work logs, modify start and end times, update break durations, or adjust overtime hours anytime.

📊 Visual Insights with Stats:

Gain deeper insights into your work habits with graphical reports. View weekly and monthly earnings trends and track your productivity like never before.

⚙️ Simple & Intuitive Interface:

Designed for ease of use, the work hour tracker app provides a clean experience. Navigate seamlessly between home, stats, and settings using the bottom navigation bar.

⭐ Why Choose This Time Tracker－Work Hour Tracker?

✅ Simple and user-friendly hours tracker

✅ No registration required – Start tracking instantly

✅ Perfect for freelancers, employees, and small business owners

Start Tracking Your time tracker for work hours Today!

Take control of your work schedule and earnings with the work time tracker. Download now and streamline your time keeper process effortlessly!

Disclaimer: This app is uniquely developed and operates independently. We respect your privacy and never share your data with others.

Privacy Policy

https://thetimecalculator.org/privacy-policy

Terms of Service

https://thetimecalculator.org/terms-and-conditions

Support Email: eclix.suport@gmail.com","work, tracker, time, hours, app",https://play-lh.googleusercontent.com/h4mfm7NP7tb8G8VMoWJ2CqRKv_LMOtCcOX89k9HwKk1obvg3baF1M61J3lkFNV0v8Q=w526-h296-rw,https://play-lh.googleusercontent.com/n0m7_DS6L0e7s3qfNEd8_9GVtP4GzzgRsPmi2SfXw-P8UiQZ7ydAztRtVKgPhZHn4w=w526-h296-rw,https://play-lh.googleusercontent.com/XCBKQDvP1X_4AvBFbNTUzmQ3-DSYPdUkPo4OVl-SBW5So2Y0ubAQBDRAv1KBJzyVo50=w526-h296-rw,https://play-lh.googleusercontent.com/RnePBX043ZaeAnwThfOs6tOtNHY-sOw3L0aj_stQOX897I-g-I5JK5LxucrLFUDCzzY=w526-h296-rw
,Total Cleaner - Device cleaner,https://play-lh.googleusercontent.com/thRsd0TYGH39ZQdQe1mESLpr4QBWppbOUwwk8Flx4Rla_TYvIzMuz_PHKVh-7sNZTA=w240-h480-rw,50K+,"Jun 12, 2025",3.4,168 reviews,https://play.google.com/store/apps/details?id=com.totalcleaner.android&hl=en_US&gl=US,Total Security Limited,"Tired of endless scrolling to clean up your photo library? Total Cleaner makes decluttering quick and stress-free. We highlight the duplicates, burst and similar media files and our easy-to-use manager enables you to spring clean your files in one hit, or in bite size chunks. Clean up has never been so easy.

The full list of TotalAV Mobile Security features includes:

► Photos & Video Cleanup (PREMIUM)

► Duplicate Contact Finder (PREMIUM)

► Calendar Entry Cleanup (PREMIUM)

TotalAV Premium Features include:

Photos & Video Cleanup

► Free up space on your device

► Clear duplicate and burst photos with ease

► Remove unwanted screenshots

Duplicate Contact Finder

► Finds & merges duplicate contacts

► Tidies up contact lists

► Manages multiple contact sources like GMail & iCloud

Calendar Entry Cleanup

► Finds & clears historic events

► Speeds up calendar load times

► Improves calendar searching accuracy

By signing up to a premium account you will be able to activate your subscription and enable our powerful features.

Subscription fees apply details below;

A monthly subscription is required to activate the 7-day trial (see in-app product pricing).

Cancel the subscription from your Google Play account before the end of the trial to avoid payment.

After the 7-day trial, your subscription will start and automatically renew monthly unless canceled.

You can manage your subscriptions and adjust automatic renewal in your Google Play settings after purchase.

The 7-day trial is valid for one subscription only.

Note: Total Cleaner respects your online privacy and is dedicated to safeguarding your personal data. See https://www.totalcleaner.com/privacy for more information.","subscription, premium, cleanup, duplicate, contact",https://play-lh.googleusercontent.com/Z9jCegcrLC3B-7ublXhiqikhIQH1mqDchSelIE-NGEVyPhbL3NNj5zF7fqkODpJjSh0K=w526-h296-rw,https://play-lh.googleusercontent.com/rL2xeVXTpr1rDV8td2fvsC4HmGcIuDQosM_IF-QLMZi6ENBvxfQUcURctaa1ZzO0TCA=w526-h296-rw,https://play-lh.googleusercontent.com/c-j6XduxUT_Ow-P5OKdvECJaIwTHO_6_hb5GZmjri3s5cSLbd_wWs3cz003hCsa4bQs=w526-h296-rw,https://play-lh.googleusercontent.com/RZHSrpUnE2znoKu3y9-jsZ0R9NdehHaN8S_51Vn4RLHgyvt1IBgdJkYYRldBDjnE4u8=w526-h296-rw
,Transcribe Video & Audio,https://play-lh.googleusercontent.com/poex9acc5u_U92C9VgePdER3EQan2oQeBD0s0UraZe6lUh0Wkd006e_El1UQ1LQrZgCdVpq-TLHCtJLWuvu5=w240-h480-rw,10K+,"May 16, 2025",2.8,290 reviews,https://play.google.com/store/apps/details?id=com.videototexthav.videototext&hl=en_US&gl=US,Red Panda Game,"Stop wasting time replaying lectures or interviews—get instant, accurate transcripts from any video or audio, in seconds.

Feature-Focused Benefits:

✔️ Video & Audio in One: Transcribe local videos, YouTube links, or audio files—all in a single tap.

✔️ Multi-Language Support: Recognizes 20+ languages; perfect for interviews, podcasts, and foreign-language content.

✔️ AI-Powered Accuracy: Leverages cutting-edge models to deliver 95%+ transcription accuracy, even with background noise.

✔️ Export & Share: Save transcripts as TXT, PDF. Share directly via email, WhatsApp, or any cloud storage.

✔️ Edit Inline: Correct words, highlight key passages, or tag timestamps without leaving the app.

✔️ Speaker Identification: Automatically labels multiple speakers in podcasts and meetings.

How It Works:

Review & Export: Edit, timestamp, and export in your preferred format.

Transform the way you work with audio and video — download Transcribe Video & Audio now and get your first 10 minutes per month of transcription free!","audio, video, export, transcripts, any",https://play-lh.googleusercontent.com/8EyqwDKKZRbHoQwOR_lbHRaVFKhj60yyfYQLef9t6ulUWReF-eNNaPwV5pE9ke7CCVbisWPDncaVkDScWViu-A=w526-h296-rw,https://play-lh.googleusercontent.com/wJSd-i5z_WRdTH8eBzJvjlBJgF8UJi9Pv1eTpigHIZ1qufIQqFhyb9litM8XxdzHj7dhsa8CtTtED0d5yHUzRA=w526-h296-rw,https://play-lh.googleusercontent.com/mpeQDIt05NaLDPxB8kJR0mMsv4fGUyenBKPqYeRyULmwn7Q0kRSWcOZTlGKTVVBB-aDxeBPQ2rpTkVMMIocnfw=w526-h296-rw,https://play-lh.googleusercontent.com/lEclOoUPnQIrhbwdNluZuOpaf9qQGtUfj7lqTEfZD6CrGy_Dnge17gPzlw5jZjqYDACAoQZWQPfgu2_DB8BW=w526-h296-rw
,Transcribe Voice to Text Noker,https://play-lh.googleusercontent.com/_4DCn60Ji_wwEfLQHn7Rd8Jx7nx5O74DbfV-S4tdWvYQ790pUq3z77GyY_nTlOquXg=w240-h480-rw,100K+,"Jul 2, 2025",3.4,316 reviews,https://play.google.com/store/apps/details?id=speechtotext.voicenotes.audiotranscription.dictation.noker&hl=en_US&gl=US,Vocal Remover AI& Photo Enhancer & FM Radio Player,"Noker - Real-time transcription and conference assistant, helping you translate documents, summarize article summaries, and record voice notes!

▸Real-time transcription, voice to text

▸Import audio/video files and transcribe to text

▸Translate documents

▸Extract article summaries

▸AI speaker recognition

▸Support more than 100 languages

▸Multiple export methods, audio & text

▸Private, secure, offline

Noker is an expert in transcription, accurate, fast, and secure, protecting your information privacy. Your recording and transcription are completed locally. It has comprehensive functions and is your intimate pocket assistant.

【Real-time transcription】

• Live transcribe, accurate and fast

• Safe: Offline transcription, never worry about information leakage

• Support more than 100 languages

• Support manual text editing

• Insert pictures in documents

• Search article content and quickly locate

【File transcription】

• Import videos from the album for transcription

• Import audio files for transcription

• Support importing files from other apps

• Adjust the playback speed

• Skip the silent part during playback to improve efficiency

【Translate text】

• Support translation in more than 200 languages

• Support export of translated text

• Fast and accurate

• Help you learn languages, communicate with customers, and improve efficiency

【Speaker Recognition】

• The AI model will distinguish different speakers based on voice characteristics

• Support modifying speaker names and add speakers

• Filter speakers

【AI Article Summary】

• Automatically generate article summaries to help you quickly get the central idea and generate meeting minutes

【High-quality recording】

• High-quality recording

• Clear human voice

【Marking key points】

• Label important paragraphs for quick location and classification

• Set To-Do and reminders

Noker uses more advanced AI tools to transcribe text more accurately and quickly, helping you work and study efficiently. It is your intimate pocket assistant, don't miss it!

Unlike other transcription products, Noker has many outstanding advantages:

- Offline transcription, safer

- Unlimited duration

- AI-powered for high accuracy

- Support more than 100 languages

- Recycle bin, no need to worry about accidentally deleting files

- Support file search and sorting

- Support multiple export methods:

· Export text only

· Export audio only

· Export text + audio

· Exported files with timestamps

· Exported files with translations

· Exported files with speaker information

If you spend too much time taking notes at meetings or class, Noker will help you. Import your recordings, and watch the text appear like magic. Speaking is faster than typing.

Noker is not only a transcriber, it is also an AI assistant that helps you take voice notes, extract summaries, and convert voice memos to text. You can effortlessly take voice notes, use voice input, or create subtitles for videos.

Convenient speech to text: with Noker - voice to text converter, you can transform many file formats like m4a, wav, mp4, and mp3 to text. Easily record voice notes to ensure you never misinterpret any important information again, transcribe voice memos, convert voice notes to text.

Do you want to live transcribe conversations, meetings, and classroom content? Are you looking for a speech-to-text app? Come and try this voice to text app to accurately and quickly convert recordings into text.

Live transcribe all your meetings, interviews, lectures, and everyday voice conversations in real time. Noker is your AI meeting assistant that records audio, takes notes, voice memos, and transcribes voice summaries.

AI driven speech to text experts, voice to text. Noker is your all-around transcription solution, generating clear and organized voice notes for you. Try it now, you won't regret it!

If you need help or have suggestions, please contact us at nokerstt@outlook.com.","text, voice, transcription, support, noker",https://play-lh.googleusercontent.com/IWT3nEsqDY-vruTKxV-v85Wo_QpH-OhZ0lsUumEa_FoBR0rPrL9dJsVaVatqElbnfQ=w526-h296-rw,https://play-lh.googleusercontent.com/8IOmbwxIreaek1UVVyrbI4FZ4XpxWNWMPzsmWbSJcMXfQfXhWgt4NZPaxIAQkhckgv0=w526-h296-rw,https://play-lh.googleusercontent.com/PPnn_Xro-FmX_-VRv1trZZaLQ0yNikUIR-XeeTCPNVkS6763_VKAmXZPaiV89SXOzA=w526-h296-rw,https://play-lh.googleusercontent.com/5hSaam4UZgy8aCJ4dcI3AKkEURbCqZJqSMvVsLps77vj54xbIezvAw27PxXyuSsG8Q=w526-h296-rw
,Vehicle Maintenance Log,https://play-lh.googleusercontent.com/Vnu4jIKu4jrK-F-gZ0cJkRVZ4a5IF09FDzl8Y-luc0xjCbZtLmtBbGt4LD6nHnqcvghI=w240-h480-rw,10K+,"Jul 3, 2025",3.9,80 reviews,https://play.google.com/store/apps/details?id=com.jtnrdev.vehiclemaintenance&hl=en_US&gl=US,JtnrDev,"Keep your vehicles in top condition with Vehicle Logs, the ultimate app to manage maintenance records, schedules, and reminders, and track maintenance costs effortlessly.

Whether you own a motorcycle, car, truck, or any other vehicle, Vehicle Logs helps you track vital details, record maintenance history, plan future services, and stay on top of important deadlines with ease.

🚗 Key Features:

📌 Record Vehicle Details

Easily add and manage details for all your vehicles. From vehicle names to key specifications, keep everything neatly organized and accessible in your pocket.

🛠️ Log Maintenance Records

Never miss a maintenance job again. Record every maintenance your vehicle undergoes, whether it’s an oil change, tire replacement, or brake service. Track the date, cost, distance, notes, and more for each job.

📅 Next Maintenance Indicator

Get automatically notified when it's time for your next maintenance. The app intelligently displays indicators based on your preset service intervals, whether by time (in days or months), distance (in kilometers or miles), or even both. Stay proactive and keep your vehicles running smoothly.

🔔 Maintenance & Registration Reminders

Stay ahead of deadlines with smart notifications, Vehicle Logs sends reminders for upcoming maintenance and alerts you when your vehicle's registration expiry date is approaching. Never miss a critical date again.

📆 Never Miss a Service

Plan ahead with custom maintenance schedules. Set target dates or mileage intervals, add specific notes for each task, and easily track what’s coming up next to keep your vehicle in peak condition.

💸 Track Maintenance Costs

Vehicle Logs records and displays the total maintenance cost for each of your vehicles, helping you monitor spending and plan your budget efficiently.

📷 Photo Records (Optional)

Attach photos to your maintenance records to visually track parts, receipts, or service conditions. Capture images using your device's camera or pick images from your gallery.

📊 Why Use Vehicle Logs?

- Manage multiple vehicles in one app

- Keep all your maintenance history neatly organized

- Get reminders for upcoming maintenance and vehicle registration expiry dates

- Track and analyze the total maintenance costs spent on each vehicle

- Schedule maintenance tasks for specific future dates

- Attach photo documentation for each job

🔒 Your Data, Your Control

Your records belong to you. By default, all vehicle and maintenance data is stored locally on your device.

NEW: Cloud Backup for Premium Users

Want to switch phones or keep a safety net? Premium users can now securely back up their data to their personal Google Drive. You maintain total ownership—the data is stored in your private cloud, not on our servers.

📱 Clean, Simple, and Intuitive Design

Designed with user-friendliness in mind, Vehicle Logs offers a clean and easy-to-navigate interface. Whether you're a casual driver, a fleet manager, or a vehicle enthusiast, you’ll find it simple and effective for managing your records.

Stay organized, stay ahead, and keep your vehicles in top shape with Vehicle Logs

Download now and simplify the way you manage your rides. 🚗🛵🚙","maintenance, vehicle, keep, vehicles, logs",https://play-lh.googleusercontent.com/CtmgIEgPMNpGMfQHda1S_LTZV0ibMiHrS0t-NdFFUEJIiAR-rLVQx0rJNe1vWXXUZHVXsHCHFINXScKS43GF=w526-h296-rw,https://play-lh.googleusercontent.com/K99OifU-tiqdHcOlt5Gh1ailFRMQqMvUxfW422COmIniwta3QAZBDGWiQkQUyCOyvMcToYP5r_fpKDKhir81=w526-h296-rw,https://play-lh.googleusercontent.com/SAMu0me1kI3HxBD3tOQ4xyYMpZMUYMyGdwKE_xQ9XVU8y2Tm-d_QvnUOhVQ2jChoEy2VUCEMkgVf1Yzp_Kx_pw=w526-h296-rw,https://play-lh.googleusercontent.com/XiemiE9Ma6llzfx9RnaqRlb5ovY9Z-McE1no4c5ijnSmwY4nYZVT2sdMlkMHnWhV8GVA_Xkfs01rnDO409FFQdg=w526-h296-rw
,Video Speed Editor,https://play-lh.googleusercontent.com/TKvtu-q0_6zXvfYxNnASY_xFcfKgBzbXOAXLmfVBwW_xZqxkFZEQST783JTlbN4uqeg=w240-h480-rw,10K+,"May 26, 2025",4.9,192 reviews,https://play.google.com/store/apps/details?id=com.swiperylab.speedupvideo&hl=en_US&gl=US,SwiperyLab,"Video Speed Editor lets you edit how fast or slow a video plays. This all-in-one video speed changer and video speed controller gives you everything you need to edit video speed with full precision.

Make slow motion video, quickly speed up video, or fine-tune timing using a clean and simple interface. Use the slow motion video editor to create dramatic effects or use the video speed editor for basic speed adjustments.

You can achieve time lapse video results by using the speed up video feature, perfect for showing long events in a short clip. The app also lets you change video speed, edit video speed, and control how your final video looks by adjusting the output FPS (frames per second).

This app is ideal for editing slow motion video captured by your phone. Import your slow motion clip and fine-tune the playback with precision. Slow it down even more, speed up parts, or mix both effects in one video with ease.

Here’s what you can do with Video Speed Editor:

* Use the powerful video speed editor to control playback

* Apply slow motion video effects easily and precisely

* Simple and accurate video speed changer tools

* Get fine control with the video speed controller

* Slow down video to highlight moments

* Speed up video to make fast-paced edits

* Apply both slow and fast effects in one video with slow fast video editor

* Achieve time lapse video effects with speed controls

* Modify final output with customizable FPS settings

* Smooth transitions with speed curve video editor

* Edit video speed to match your desired timing

* Works great for creating fast motion video or slow motion video

* Use slow fast motion video editor tools for creative edits

* Perfect for editing slow motion video recorded by your phone

* Combine slow and fast segments using the slow fast motion video editor

* Use edit video speed tools to make precise changes

* Control motion creatively with the speed curve video editor

* Great for making slow motion, fast motion, or time lapse content

* Support for high-quality export without loss of resolution

Slow motion video editor brings attention to dramatic moments. Speed up video to compress time, perfect for action shots, tutorials, or time-based transformations.

Video Speed Editor is built for everyone, from casual users to content creators who need reliable video speed controller tools. Change video speed, make a slow motion video, or quickly speed up video with just a few taps.","video, speed, slow, motion, editor",https://play-lh.googleusercontent.com/_lyW17fLi8J8V5MVHl_GsMbRS3LtNdF_y5QGNrWnynfZxeWY27JgO1dJezjLcpr66tg=w526-h296-rw,https://play-lh.googleusercontent.com/wK6bejNwIxSQRZw8RduxfEk8pyxfSWdj_LV3-Xj6KUxKEdkFl1G5bq4iBoFZOpcEzN0=w526-h296-rw,https://play-lh.googleusercontent.com/QFryFmc8YpBEaiGM3rRoB796xJdMbaKdu6a0FbmFTRlhcDDNfZraBQVeD8Pu_PzX2BM=w526-h296-rw,https://play-lh.googleusercontent.com/h1SKwiWLhh2em8qpn6j41IChTRpKzUHhSQyU6RNPZH1R3pyJUEmedqIp3InjZrwPpbEj=w526-h296-rw
,Vocal Remover Music Separator,https://play-lh.googleusercontent.com/bf5kWRvQh3n_bEc8lCN33B72RMpzPZHgTwgJH3sAm398fhBOWTV5tVS6r3D_hri5cdg=w240-h480-rw,100K+,"Jul 15, 2025",4.1,7.68K reviews,https://play.google.com/store/apps/details?id=music.remove.vocal_remover_music_separator&hl=en_US&gl=US,Inverse AI,"Music Remover & Vocal Separator – Voice Extractor, Vocal Remover, and Music Splitter.

Music Remover & Vocal Separator is a smart AI-based voice extractor app that lets you easily separate voice and background music from any audio or video file. It also has a Noise Reducer feature to remove background noise from audio and video.

This is a smart tool to clean and split audio. With one tap, you can separate voice or remove music, and also remove noise. The app is fast and easy-to-use.

Voice & Music Separator is a sophisticated vocal remover and audio separator, specially designed to accurately dissect every audio track. Say goodbye to complex studio software – with its intuitive interface, you can easily remove vocals from songs or extract vocals from music in just a few taps.

Need a vocal remover? This app is perfect. It’s a powerful vocal remover. Want to remove vocals from songs? Simple. Want to extract vocals from music? We make it happen.

Features:-

Separate Vocals from Music:

Separate or extract vocals from different tracks – perfect for content creators who want only vocals for social media and personal channels.

AI-Powered Voice Isolation:

Advanced deep learning separates voice and background music with professional-grade accuracy.

Works with Audio & Video Files:

This app supports almost all common audio and video file formats.

Fast & Easy to Use:

No editing skills required – just upload and download the separated tracks.

Export & Share:

Save extracted voice or music and share directly to social media or music apps.

Noise Cleaner:

Noise reduction feature – remove unwanted hiss, hum, and disturbances and get professional-quality audio.

How to Use:-

- Upload or select video or audio files from your device.

- After processing, you will get “Save Vocal” and “Save Music” options to download the voice and music separately.

- Done! Save on your device or share the voice/music wherever you want.","music, voice, audio, vocal, vocals",https://play-lh.googleusercontent.com/vMkGFK5zP9CR7YdrTQ6ZkpOKZ3DbfttjClm6b5v-6YHxLXr7nCa1Qw9SpVCtQwkq-Q=w526-h296-rw,https://play-lh.googleusercontent.com/rP6u0KobdDLfZMpHm0zKxhEyd7EhngqA0LP-hLZOt2i4L7YBg8MTxaSLYLM6zrY19gNk=w526-h296-rw,https://play-lh.googleusercontent.com/E-uR_Pg6Pr326TevZuwkp0vhh8a0X-m278Z5P0unzDKXZt4s3xSaJM4oWeRoFf6F5ZI=w526-h296-rw,https://play-lh.googleusercontent.com/vRNsAemCUb7-mXo9bUZ9eJ6DZ0W8v6GKqNnygkf_Ek_2UQNLhg540QT19kt1ULIJbA=w526-h296-rw
,Voice Memo Cleaner: AI Audio,https://play-lh.googleusercontent.com/1Q7Q0ieCdEI690TpEf_r_F-WHLBd1-bf34N7Jf3lM1QjYco9fJ6gouAsKbG8er8rnKXJAQ_cca8P1LunWwoP9Q=w240-h480-rw,5K+,"Dec 3, 2025",4.6,29 reviews,https://play.google.com/store/apps/details?id=com.futuremoments.voicememocleaner&hl=en_US&gl=US,Future Moments,"Fix Bad Audio Fast with Intelligent Noise Removal. Your Audio Gets Clear Sound in Seconds. We Auto-Balance Voice & Ambience & Give You Total Control of Your Audio File!

Voice Memo Cleaner is a fast, simple, and powerful AI voice cleaner, audio noise remover, and background noise reduction app for fixing any voice memo, voice recording, audio file, lecture, interview, meeting, podcast, dictation, or speech recording. Instantly remove noise, hiss, hum, echo, static, wind noise, background chatter, white noise, room noise, traffic noise and more. Clean your audio with advanced AI noise reduction, AI audio enhancement, and speech clarity improvement.

This app is made for anyone who needs a voice memo cleaner, audio cleaner, audio fixer, noise reduction tool, sound cleaner, voice enhancer, or AI noise remover to make recordings sound clear.

⭐ AI Noise Removal for Any Recording

Use the app to:

Remove background noise

Remove hiss, hum, buzz, static, wind noise, rumble

Reduce echo, reverb, room tone, room noise

Fix muffled voices and unclear speech

Improve low-quality voice memos

remove background noise, remove hiss, remove hum, remove echo, remove static, noise removal, noise reducer, noise reduction app, audio noise remover, clean noisy audio

⭐ AI Voice Enhancer & Speech Cleaner

Clean, boost, and enhance:

Voice memos

Interviews

Podcasts

Lectures & classroom recordings

Meetings & dictation

Field recordings

Phone recordings

Noisy voice messages

voice enhancer, voice cleaner, speech enhancer, speech cleaner, AI audio enhancer, improve speech clarity, enhance voice recordings, audio clarity booster

⭐ Fix Voice Memos Fast

Perfect for anyone needing:

voice memo cleaner

audio cleaner app

noise remover app

AI audio cleaner

background noise remover

audio fixer

sound cleaner app

voice recording enhancer

fix audio, fix voice memos, clean voice memos, audio cleanup tool, denoise audio, clean recordings, clean speech, improve audio quality

⭐ Clean Audio in 1 Tap

1-tap AI Clean noise reduction

Advanced audio noise removal controls

Before/After preview

Volume boost & gain

Replace or export the cleaned voice memo

Works on any audio file

audio restoration, noise canceling app, background noise cleaning, audio repair, clean audio tool, audio enhancer

⭐ Best App for Students, Creators, Podcasters & Professionals

Use for:

Podcasts

School lectures

Voice notes

Content creation

Interviews

Journalism

Podcasts

Work meetings

Personal memos

⭐ Advanced AI Audio Cleaning

Our AI uses deep noise reduction to:

Isolate voice

Remove unwanted sounds

Enhance clarity

Improve presence

Restore damaged recordings

⭐ Simple, Fast & Effective

Import your audio

Preview the noise removal

Export, save, replace, or share the cleaned audio

⭐ The Ultimate AI Noise Remover for Audio

If you need a voice memo cleaner, audio noise remover, voice enhancer, AI audio cleaner, background noise remover, speech clarity booster, or audio fixer, this app gives you everything you need to get clear, usable audio instantly.

clean voice memos, noise remover, denoise audio, remove noise from audio, enhance voice, clean sound, audio cleaner app, audio noise reducer, audio noise filter, sound improvement app, voice memo repair tool, voice memo enhancement, audio fixing app

We offer 3 subscriptions:

1 Week $4.99 USD

1 Month $9.99 USD

1 Year $29.99 USD

Privacy policy:

https://future-moments.com/termsandprivacy#privacy

Terms of use:

https://future-moments.com/termsandprivacy

Also by
Future Moments:

Voice Memo Cleaner

Remove Noise from Audio

MAIVE

Ai Video Generator

VideoVerb

Add reverb to your videos

Hear Boost

Get super hearing & recording powers

AudioFix: For Videos

Denoise & clean the sound of your video

VideoMaster

Instant audio post-production for videos

AudioVerb

Add reverb & delay to your audio

AudioMaster

Audio mastering for podcasts & music","audio, noise, voice, cleaner, app",https://play-lh.googleusercontent.com/9hyA8kOLjr8Bk7u4RytahkHT8fXiGYCZa_2hbcZ8z4uJrXTtdGBTTMxSL4jBcEMOYj4E5plaJCFsQoftwkXiag=w526-h296-rw,https://play-lh.googleusercontent.com/W2cCDg6PviAXnw8fsTcPmj7HTeJoWYgtYQOCe3IJr5ptNpgJW0cJDqxmq8wm0jgJLMSy7Vveoj04zcmGQAzZkA=w526-h296-rw,https://play-lh.googleusercontent.com/X7UxgN-ChkYRs0hmPJs4b6827QtbyXZFnH5YDa5MU0g8VJ2ZaJQtFyQ94Gp4RvEPjiowQRaET_R4f0VoCDfoIRM=w526-h296-rw,https://play-lh.googleusercontent.com/T_IKU-3aZt4Ali0yFucH7Uo__lK8HzIT6ZRh2cIR8loR6VRo0ZpKp1RDBbW80xXuWVAsJaNv4BGWvYPhXllcBQ=w526-h296-rw
,Voice Recorder & Transcriber,https://play-lh.googleusercontent.com/vuwotFulZdWQhcZF0Lu484eKXorG8mmWdq7wgWvKVnmBwQSgMz8IxCWr-FMgVDFGc2M=w240-h480-rw,500K+,"May 9, 2025",4.2,4.8K reviews,https://play.google.com/store/apps/details?id=voice.tech.one&hl=en_US&gl=US,Rhythmix OU,"Voice Recorder & Transcriber is your all-in-one tool for recording, transcribing, editing, and sharing voice and audio files. Whether you're capturing voice memos, recording lectures, or converting audio into readable text, this app offers the simplicity and power you need.

🎧 High-Quality Voice Recording

Easily record voice, sounds, or conversations with just a tap. Designed for clarity and speed, it's ideal for interviews, podcasts, lectures, meetings, and personal notes. Your recordings are saved locally and can be used offline.

📝 Accurate Speech-to-Text Transcription

Turn your audio into clear, editable text with our built-in transcriber. Supports 100+ languages with smart formatting and punctuation. Great for documenting interviews, summarizing meetings, or creating voice-based content without typing.

✏️ Edit Transcripts in App

Quickly review and edit your transcriptions directly within the app. Make corrections, highlight key points, and organize your text before exporting.

📁 Import & Export Made Easy

Import existing audio files or export both audio and text formats in seconds. Share via email, messaging apps, or store in your favorite cloud service.

🔐 Private & Offline

Your data stays on your device unless you choose to share it. No account required. No cloud syncing. 100% private and secure.

💡 Perfect for:

• Students recording lectures

• Journalists conducting interviews

• Business professionals in meetings

• Podcasters and content creators

• Everyday users making voice memos

🌟 Key Features:

• One-tap voice recording

• Speech-to-text transcriber (100+ languages)

• Transcript editing tools

• Import existing audio

• Export audio & text

• Simple offline interface

• Secure & private – no sign-up required

Voice Recorder & Transcriber combines high-quality recording with smart transcription — making it easy to capture and convert your voice into text anytime, anywhere.

Download now and transform your voice into written insight.","voice, audio, recording, text, transcriber",https://play-lh.googleusercontent.com/OMengVJi6r_hfAzlYjQZfS_4XUrE6Ik6zl0txq7RGj5UzXPFRz2Ty-6648Gg8dRIzAgd=w526-h296-rw,https://play-lh.googleusercontent.com/aiJw0NeCDVo6nJ80l8dw770Us1RM6aIxB4vn3WK0ApvDkZtLhB78M_sTV8N4CLvwPQ=w526-h296-rw,https://play-lh.googleusercontent.com/ibQP9rmQefywjeigzFTxrzSyw_wE3MJm5f5We19GUCifypSiYEZZy3KfH9q1pKpscA=w526-h296-rw,https://play-lh.googleusercontent.com/5SDrV97tuc-r3xwkMUrIOwxyh0kB0CzoaH_Mg2pyzIi2-vKgiyFQBD2zl8wMPsEtm_w=w526-h296-rw
,Voice to Text AI: Dictation,https://play-lh.googleusercontent.com/iJQaz5Q6KSB358vmbdwJv73SN1q2UiBYWOl9KT-QpBSJ8Xrw04SAxtJ1GpOHuNaKSopqUoqV1fUbbpsERfSWkg=w240-h480-rw,100K+,"Jul 12, 2025",4.1,223 reviews,https://play.google.com/store/apps/details?id=ai.voicetonotes.mobileapp&hl=en_US&gl=US,Rana Quest™,"VoiceToNotes AI – The Ultimate Dictation, Voice to Text & AI Transcription App

Are you tired of typing out long documents, missing important details during meetings, or struggling to keep up with fast-paced lectures? VoiceToNotes AI is here to revolutionize the way you capture information. As a powerful, high-accuracy dictation app and advanced speech to text converter, it instantly transforms your spoken words into perfectly formatted, ready-to-use text.

If you are a professional needing reliable meeting transcription, an author dictating your next chapter, or a student capturing live lectures, VoiceToNotes AI is the smartest audio to text transcriber designed to boost your daily productivity.

CORE FEATURES: DICTATION & TRANSCRIPTION MASTERED

Real-Time Voice to Text Dictation Speaks naturally and let our cutting-edge AI speech recognition engine do the heavy lifting. Convert your voice into text in real-time with industry-leading accuracy. No more lag, no more frustrating typos. Perfect for hands-free voice typing, audio journaling, and capturing quick voice notes on the go.

Smart AI Formatting & Auto-Punctuation Unlike standard speech to text apps that give you a messy block of text, VoiceToNotes AI understands context. Our artificial intelligence automatically formats your dictated speech into: • Clean, structured paragraphs • Actionable bullet points & numbered lists • Concise meeting summaries • Grammatically correct sentences with auto-punctuation

Photo to Text Transcriber (Import & Convert) Do you have an existing Photo or image file? Use our powerful image to text converter to transcribe images. Upload your photos and watch as the app extracts the text within seconds.

Advanced AI Writing Assistant Your personal proofreader is built right in. Once your dictation or transcription is complete, use our AI tools to: • Rewrite or summarize the content • Fix grammar and improve sentence clarity • Change the tone to Professional, Casual, or Creative • Draft ready-to-send emails directly from your voice notes

Global Multi-Language Support (20+ Languages) Break language barriers with accurate speech to text translation and transcription. We support major languages including English (US, UK, Global), Spanish, French, German, Arabic, Portuguese, and more. Ideal for global users and bilingual professionals.

Privacy First: Secure & Confidential We take your data security seriously. Your voice recordings and transcriptions are processed securely. Keep your data on your device, and only share or export what you choose. No forced cloud uploads or hidden syncing.

WHO IS VOICETONOTES AI FOR?

1. Professionals & Executives: Transcribe business meetings, client calls, and daily stand-ups into actionable summaries without taking manual notes.

2. Writers, Authors & Bloggers: Overcome writer's block by using our dictation app to speak your ideas and draft chapters hands-free.

3. Students & Researchers: Use live transcription for university lectures and seminars. Easily convert recorded study group audio to text.

4. Journalists & Podcasters: Quickly transcribe interviews and audio recordings to pull quotes and create show notes.

5. Medical & Legal Professionals: A reliable voice to text tool for quick case notes and daily professional dictation workflows.

HOW IT WORKS IN 3 SIMPLE STEPS

1. Record: Tap the microphone to start live dictation or Transcription.

2. AI Transcription: Watch as the speech to text engine converts audio to words instantly.

3. Export & Share: Copy the text, save as a PDF/TXT file, or share directly to your email, Google Drive, or messaging apps.

Stop wasting valuable time typing manually. Upgrade your workflow with the most accurate dictation, transcription, and voice to text tool on the market.

Download VoiceToNotes AI now and experience the future of speech to text and automated transcription!","text, transcription, dictation, voice, speech",https://play-lh.googleusercontent.com/QAJjAk0sIJOZZHwNnftZMKv_eD2KySwvaTozm8FcxB4-rZQ1It3nlI9sRCEXX57XAofxCf1c0lyrfqXdCRzo6SI=w526-h296-rw,https://play-lh.googleusercontent.com/gVH3BYEEUEkLqAoCIJ7FcsHzkix3gDw9EJY1BHDOrj_0PJwxhg0zo9mBuXlEulRsqbjGGwPb2mhoGeBJwKv7Kuw=w526-h296-rw,https://play-lh.googleusercontent.com/4uAUJfp580eDwIy450q_DWmHlM86gWJ9yWjb09_lEKIPEQDHW-MlzMijnEgTcgeuem9D92BtLBSKgYWDImiv3CQ=w526-h296-rw,https://play-lh.googleusercontent.com/6YSIgwwTVwsOtzaVmzo9QR_gK2aNo5PF-Kl0J6p9x8cVVGgXddjMmVorbv7egyNRlvzPtev2ZCevUkdUL-x0UL4=w526-h296-rw
,VolMake : AI Vocal Remover,https://play-lh.googleusercontent.com/xhbJAKgHPLmxQKRCyaflaAB_gtaS2-TfbDXtS0jGiXmL0qhz5NbjtW_AGKhJwMnoOYgjwBEKJeNMuhHhdfu7dkM=w240-h480-rw,5K+,"Nov 26, 2025",N/A,N/A,https://play.google.com/store/apps/details?id=free.ai.song.create.volmake&hl=en_US&gl=US,Video Music Player & Downloader,"VolMake is the ultimate AI tool for all musicians and music lovers. Use AI to extract or remove vocals & instruments from any song and play your favorite music in any key, and at any speed.

Core Features

* AI Audio Separation of Stems

- Easily separate vocals, drums, guitar, bass, piano, strings, and other instruments in any song. VolMake is your vocal remover or backing track maker.

- Audio Speed Changer: Make hard sections easy with 1-click slow down or speed up. VolMake BPM finder detects, records and displays the BPM.

- Pitch Changer & Finder: Easily control and change the audio key with our pitch finder. Shift the pitch to your vocal range or instrument tuning, great for practicing karaoke.

- Backing Tracks: Make acapella, drums, bass, guitar, karaoke, and piano backing tracks.

- Trim and loop music parts: AI detects and records song parts so you can loop specific ones. Save time using our audio editor - editing & recording is a snap!

* Export your mix

- Share your mix results with your friends

- Standard format: M4A, CAF

- HQ format: FLAC, WAV

It has never been easier to create your own creative performance! The application is perfect for:

- Karaoke

- Songwriting

- Teach

- Social Media Content

- Practice

- Remix

- Perform Live

- Play for fun

- Drummers

- Learn

- Producers

- Singers

- Bassists

- Pianists

- Guitarists

- Dancers

And all music amateurs!

Terms of Service: http://volmake.bebetan.com/terms.html

Privacy Policy: http://volmake.bebetan.com/privacy-policy.html","music, any, audio, volmake, song",https://play-lh.googleusercontent.com/X6YfjJ-9ysphpjUg3i5NKU3XevTKxCDVr6VEImsLoSfcZI5qqtSR4gbxIdBYeUPVhD_vyPPRR6rBFpRodU2c=w526-h296-rw,https://play-lh.googleusercontent.com/5M-04qpFC1_WkgRv83WUvjostumd01xTS-xSKzvfS1RE9TzmZKecawBWQSIOiyeTXvG58wFpLw9o7KEu4Evdrg=w526-h296-rw,https://play-lh.googleusercontent.com/CdB8ngjIC2rLLCCC-tMTb4PB_6R9UorpyC5c077hRkY50TnsuHTLKa8-jZoq8fFJlRj6WbGyZ9MhzrcDHbsM=w526-h296-rw,https://play-lh.googleusercontent.com/Cxo4a21XhP6iZrEZ9GIb2qf8x1--NtSZrsQE9DoOjruF9348uNUYfixRdKqKBuvoD340ig90zHFCH7VIFR5p1Q=w526-h296-rw
,Volume Booster - Sound Booster,https://play-lh.googleusercontent.com/6fXHYnUihgUGtYPEtbcVBvIjqTBVyo_aYci7bgOAiLCGGQFe4D0YApd_gwxDMlJ-Sj38lUocjlieyqCVvuKuDg=w240-h480-rw,50K+,"Aug 18, 2025",4.4,436 reviews,https://play.google.com/store/apps/details?id=volumebooster.soundbooster.fxsound&hl=en_US&gl=US,AZ Screen Recorder,"Unleash the true power of your phone's audio with AZ Booster, the ultimate Volume Booster and Bass Booster app. Are you tired of straining to hear your music, videos, or calls? Wish your speakers had more punch and your headphones delivered deeper bass? AZ Booster is the simple, powerful solution you've been looking for.

Transform your audio experience with a comprehensive suite of tools designed to give you complete control over your sound. Whether you're a music lover, a movie enthusiast, or just want to enhance your device's audio output, AZ Booster is the perfect Audio Booster for you.

🚀 Key Features 🚀

🔊 Powerful Volume Booster

Struggling with low volume? Our Sound Booster safely increases the volume of your device. It acts as a powerful Volume Enhancer and Speaker Booster, perfect for music, games, audiobooks, and movies. Experience sound like never before, without compromising clarity.

🎶 Deep Bass Booster

Feel the beat! The integrated Bass Booster adds incredible depth and richness to your audio. Perfect for genres like EDM, Hip Hop, and Rock, our Music Bass Booster lets you feel the thump and power of every track. Adjust the bass level to your exact preference and immerse yourself in high-fidelity sound.

🎚️ Advanced Sound Equalizer

Take control with our multi-band Sound Equalizer. AZ Booster isn't just a Volume Equalizer; it's a complete audio toolkit. Choose from a variety of presets (like Classical, Dance, Flat, Folk, Metal, Pop, Rock) or create your own custom profile. Fine-tune frequencies to shape the sound exactly how you like it, ensuring a crisp and balanced output every time.

☁️ Convenient Floating Volume Control

Our unique floating widget gives you instant access to volume controls without leaving your current app! A small, movable bubble stays on your screen, allowing you to adjust volume on the fly. It's multitasking made easy, ensuring your audio is always perfectly adjusted.

🌟 Why Choose AZ Booster?

All-in-One Sound Solution: A powerful combination of a Volume Booster, Sound Booster, Bass Booster, and Sound Equalizer.

User-Friendly Interface: Clean, simple, and intuitive design. Get amazing sound with just a few taps.

Wide Compatibility: Works seamlessly with all your favorite music players, video apps, and games. Enhance the sound from your speakers, headphones, and Bluetooth devices.

No Root Required: Enjoy all features without needing to root your device.

Download Volume Booster - Bass Booster (AZ Booster) today and unlock the full potential of your device's audio! Experience louder volumes, deeper bass, and crystal-clear sound quality.

Disclaimer:

Playing audio at high volumes for extended periods can damage your hearing or speakers. We advise you to increase the volume gradually to find the appropriate level. By installing this application, you agree that you will not hold its developer responsible for any damage to hardware or hearing, and you are using it at your own risk. This app is a Sound Booster designed for a better audio experience, please use it responsibly.","booster, sound, volume, audio, bass",https://play-lh.googleusercontent.com/j_WU9Hyi-X2VZaHEVgdXEEzmnYGnCMMVtLGo62cLwFcFCxBU1VMY7gYEN5ZRtKRci1jzH91Gq7JgszTb-J775A=w526-h296-rw,https://play-lh.googleusercontent.com/bmKezPXcpzMJXVzJzeprK7DIhs08teCopbBJCXxx3_BCMhua2bdUgRiBGvS-DRj8G4iAqT2sqgwvuSF8QKfDTQ=w526-h296-rw,https://play-lh.googleusercontent.com/nIqJgLfvX9mgHMNws52h04U8fmwQTgELFCFeqslMb-z4f8e6IG-LlNDLFvbDOWIkfoxkIk-xjQYdnXbRVvG82Q=w526-h296-rw,https://play-lh.googleusercontent.com/R1Liimhkz877aT72OxCsV-97OhBI_j65dYtNqgFNSTla3XG42d7_Akfzy99ncaHVbmVaPUGk3NMRSM_1iGAwpw=w526-h296-rw
,Volume Booster: Sound Booster,https://play-lh.googleusercontent.com/YfiWZan-PbHyEdjcETjZ3bQBvt8RIyY33Xn3FiSTnlKRiScOPQERwVrxumq4BVcxfGsR=w240-h480-rw,1M+,"Dec 9, 2025",4.3,3.62K reviews,https://play.google.com/store/apps/details?id=com.equalizer_bassbooster&hl=en_US&gl=US,Switch Studio,"Experience the high quality headphone volume booster and sound enhancers for android. Our bass booster and equalizer app features an equalizer, volume and sound amplifier and music player; all in one. Equalizer volume booster app can be your go-to headphone booster & Sound Amplifier app. Whether you want to boost your speakers or try a super volume booster for your headphones, this sound enhancer app can make phone louder with clarity, and power to your music. Try our bass booster free of any complexities today.

The extra volume booster and Equalizer app has following features:

Built-in max volume booster with music player controls

Equalizer for detailed sound customization

Try our richer and louder volume booster for balanced tones

Reverb & Virtualizer Effects for immersive listening with our speaker booster free of any complex controls.

Make music louder with volume adjustment

Volume booster for headphones & Speakers

Works smoothly with all media and streaming apps

Music Volume with volume limit control

Volume Booster:

Personalize your audio effortlessly using the intuitive sliders of the equalizer sound booster. Whether you’re at the gym, relaxing, or on the go, adjust your volume with almighty volume keys in seconds for a louder music volume. Volume booster sound booster app ensures your music always sounds its best.

Equalizer:

Take full command of your sound with a volume booster for headphones in android. A powerful sound amplifier free from any lag. With our sound bar controller enhance bass and sharpen treble to make your music come alive. Turn your regular device audio into a concert-like experience using the earphone volume booster.

MusicPlayer:

Use the music volume booster feature to play your favourite music with or without headphones with our volume booster and equalizer app. An mp3 player with equalizer to listen to your favourite music with a more clear sound with improved music quality.

Download our bass booster for headphones app now and feel the difference because your music should sound as powerful as you feel!","volume, booster, music, sound, equalizer",https://play-lh.googleusercontent.com/2zqyqJ6iT-PJtTw7vX8WdmHFdocfpgyJJjyf0999tmdz-cbA2hpUGyft7cz700PTULrZ8a3SmE4TKgSxNJDb=w526-h296-rw,https://play-lh.googleusercontent.com/eFBAQErzIevDIzkg8JQdFsjZ49tm64D_CyM5VL2KaaKTyHq_bZThSS2rEv2zQ9XvP9Dkd4JNs_hPuat2nr6SJQ=w526-h296-rw,https://play-lh.googleusercontent.com/D2hD88160RfHcIqjNwQJQ0vlXDJ8s02GSeC_sjA9UY0xXcsGTbLrvNuFvj9AV-r9p40Bqhhp6l6r1X_XxFcoUg=w526-h296-rw,https://play-lh.googleusercontent.com/ozM7q5Zta_FjgfUP6kr-i8uqiGVBSxAtAqew1l830zE-9xNqSpUNjFKiFbjly-tYH0guXiwngC5rgdkCwQ3H=w526-h296-rw
,Volume Control Sound Launcher,https://play-lh.googleusercontent.com/vxaA3YWsjgqrBTjjrVL7QV_cOQjMg-728iGgJuYk8n2fyD1uejY15wQoBBgMygcbaexDhwq1Z8cjaqlD2X3t=w240-h480-rw,100K+,"Dec 3, 2025",4.5,3.03K reviews,https://play.google.com/store/apps/details?id=com.soundcontroller.loudspeaker.volume.manager.android&hl=en_US&gl=US,AtomApplications,"Do you sometimes wish your phone’s volume controls were easier to manage?

With Volume Control Sound Launcher, every sound - from your favorite songs to morning alarms - feels just right. This audio launcher gives you quick access to the tools you need for a smoother and more personalized sound experience.

This launcher app puts all your essential volume settings just one swipe away, making it easy to increase volume, fine-tune your sound, and enjoy better control throughout the day. Whether you want a simple volume booster, clearer calls, or more balanced media sound, everything is easier to manage in one place.

Whether you’re enjoying music, watching videos, gaming, or taking calls, Volume Control Sound Launcher helps you create a more balanced and satisfying listening experience that fits your lifestyle. Use it as a sound enhancer for everyday phone use, to make music louder, or as a practical tool when you need faster access to your sound settings.

Please note: As a launcher app, the layout of your home screen may change after install. Don’t worry, all your apps are still on your phone - they just may be in a different location. To learn more, please visit our FAQ section: https://phonevolumecontrol.com/#faq

With a launcher app, you get the added benefits of:

🚀 One-swipe access

Quickly adjust your device’s volume with just one swipe from your home screen.

📱Home screen widget

See the time, weather, and more, conveniently on your home screen with our customized widget.

🖼️ Wallpaper

Personalize your home or lock screen with a wide selection of beautiful themed wallpapers.

🔍 Multi-touchpoint search

Apps and web search have never been easier. Search for installed apps or the web (powered by Yahoo) from multiple access points.

Here’s why you’ll love this free app:

- Easily adjust volume for music, videos, calls, alarms, and notifications

- Manage all system sounds quickly from one convenient location

- Use smart controls designed for max volume, daily comfort, and better listening clarity

- Convenient access to all your volume settings in one place

Who is it suitable for?

This free volume booster app is ideal for anyone who values convenience and clarity in their daily phone use. Whether you’re relaxing with music, taking an important call, or waking up to an alarm.

Download Volume Control Sound Launcher now and take your audio experience to the next level.

Please write to us should you have any queries or comments about the app, including recommendations for new features. Also, please note that you can uninstall it at any time.

You give your consent to install Volume Control Sound Launcher from the Google Play™ Store by clicking the button above. You also agree to this app’s Terms and Conditions & Privacy Policy.

Google Play is a trademark of Google LLC. Use of it here does not imply any affiliation with or endorsement by Google LLC.

Yahoo is a registered trademark of Apollo Global Management, Inc.

For questions or feedback, reach out to us through our contact form: https://phonevolumecontrol.com/contact-us

Terms of Service: https://phonevolumecontrol.com/terms-of-service

Privacy Policy: https://phonevolumecontrol.com/privacy-policy","volume, sound, launcher, app, control",https://play-lh.googleusercontent.com/6GleUZE9HQB8rSPBo6AMDgEnsmJEeLhT9wy9M1zBbar1vjUKx0oHcRTEWHa9XOAtCY0UEauCdNWI2h_ixNWx=w526-h296-rw,https://play-lh.googleusercontent.com/D4W46fpdBJd3-hbgrBUdTu0GGSo-YebiVwBzMsL4BOZJvkWi_n7XSHRiDdAREnG23sQ7_Ey1sY5Spt_rYTSDRmg=w526-h296-rw,https://play-lh.googleusercontent.com/v-Ttzzd2onEZYeZvdnE1ssyxX2cj6Ev-b41lVKp14fKpkOKfFUwvHPnJMYSeR306oii8cBCkRmZTxU3vqe7gPg=w526-h296-rw,https://play-lh.googleusercontent.com/gMEywx2yVHR9C2jVzXYvoASxtlG-Njtu9II-Fk1zOFrHzpOYbsR6Rxt4KmlYOiEksosOnCS7Y8gB-NzBIzE-=w526-h296-rw
,Water Tracker & Water Reminder,https://play-lh.googleusercontent.com/W9tMrXlrT0PRA1edJqmQaN2vhRUTUngDZNHdvHMa1vSNKe3CopT1BU7lrxxDHznebJ5E=w240-h480-rw,5K+,"Oct 21, 2025",3.6,87 reviews,https://play.google.com/store/apps/details?id=com.watertracker.app&hl=en_US&gl=US,"Lena Labs, LLC","💧 Stay Hydrated, Feel Better 💧

Water Tracker & Water Reminder is the simple yet powerful water reminder that keeps you drinking on time and the accurate water tracker that records every sip. If you struggle to drink water, this all-in-one water reminder and water tracker combination is the perfect daily coach.

KEY FEATURES

• Smart water reminder that learns your routine and notifies you when it’s time to drink

• Precise water tracker with one-tap logging, custom cup sizes, & history charts

• Automatic drink water reminder pause when you sleep or reach goal

• Personalized daily targets based on weight, activity, weather, and pregnancy/breast-feeding needs

• Widget & Wear OS water tracker for instant logging without opening the app

• Cloud backup & multi-device sync so your water reminder follows you everywhere

WHY A WATER REMINDER?

A carefully timed water reminder keeps you consistent, boosts energy, supports weight loss, improves skin, and aids digestion. Our research shows that users who enable the water reminder 11 times a day hit their goal 80% more often than those who rely on memory alone.

WHY A WATER TRACKER?

Guessing isn’t enough. A detailed water tracker shows exactly how much you drink, spots patterns, and motivates you with streaks. Combine the water tracker with the water reminder and staying hydrated becomes automatic.

BENEFITS YOU’LL LOVE

• More energy & focus – when you drink water regularly, your brain thanks you

• Glowing skin – let the water reminder help you maintain moisture from within

• Weight management – the water tracker keeps calories in check by promoting fullness

• Healthier kidneys & joints – every drink water reminder supports vital organs

• Fewer headaches – your water reminder fights dehydration before it strikes

POPULAR USE CASES

• Office professionals who forget to drink water during busy meetings

• Athletes needing an adaptive water tracker synced with workout intensity

• Parents using the drink water reminder to model healthy habits for kids

• Travelers relying on an offline water reminder across time zones

• Anyone migrating from Waterminder and seeking a cleaner, ad-free interface

EXTRA POWER FEATURES

• Voice logging – tell Google Assistant to “log 250ml” and the water tracker updates

• Nutrition sync – integrate the water tracker with Google Fit & Samsung Health

• Custom drinks – coffee, tea, juice; your water reminder calculates true hydration

• Dark mode & color themes – personalize the water reminder experience

• Detailed export – share water tracker data with doctors or nutritionists

HOW THE DRINK WATER REMINDER WORKS

1. Enter weight & goals

2. The water reminder calculates daily target

3. Enable smart schedule

4. Get every drink water reminder exactly when needed

5. Log with one tap in the water tracker and watch progress fill the glass

PRICING & PLANS

Water Reminder & Tracker is free to download and fully functional for basic use. Upgrade to PREMIUM to unlock unlimited custom drinks, advanced analytics, cloud backup, Wear OS complications, and priority support.

Start today: let a smart water reminder guide you and let an intuitive water tracker celebrate every sip. Drink water consistently, and watch your health transform! For anyone searching for a reliable water reminder, precise water tracker, helpful drink water reminder, or even a Waterminder alternative, your journey ends here. Download now and turn every drop into a habit that lasts a lifetime.","water, reminder, tracker, drink, weight",https://play-lh.googleusercontent.com/QuxOjdxhdJbRzLznriQ6Ch4uTEtAKzB4rNjVaanWjra2TqM2fWeK7xGz01ZZ5RnLVk4=w526-h296-rw,https://play-lh.googleusercontent.com/YuQA7EY0i7SmzGjiP0iPf9ak1340xUQdLthymQr4SMH9_5n_w3SN7exsiwrfAtwkn8Y=w526-h296-rw,https://play-lh.googleusercontent.com/4byOnohkjYnYGi5XYBourdBNhoMgOa2D8Jx0wEye0tr-66qrDHp06opphYEs-rvo2J-p=w526-h296-rw,https://play-lh.googleusercontent.com/hryeJuRtC7A7N44wjxGXApmLkL6MoV99vs9AEgeo9-kanUQQQtvljxqSInB-8ghDCjo=w526-h296-rw
,Water Tracker: Drink Reminder,https://play-lh.googleusercontent.com/oGOH-pQ4Yz-Ham2clByTqs31uiiI-DAyXpcn_-f9hWqJ_IzxjgjPiziV8YkUpvfbGFGF7Mm9jyjlU2Lwi_Cm=w240-h480-rw,5K+,"Oct 22, 2025",N/A,N/A,https://play.google.com/store/apps/details?id=app.waltermelon.mobile&hl=en_US&gl=US,Paweł Ławiński,"Water tracker with drink reminders and AI. Log any beverage, build hydration streaks with friends, and drink water every day. Free to start.

Stay hydrated. Feel better. Live healthier.

Most people forget to drink water, and it shows in their energy, focus, skin, and mood. Waltermelon is the water tracker and drink reminder app built for real life: smart, social, and actually fun to use.

💧 The Water Tracker That Actually Sticks

Log every drink in seconds. Track water intake, hydration streaks, and daily goals in one water tracker and hydration tracker app designed to keep you coming back. No more forgotten days, no more half-finished habit apps on your phone.

⏰ Smart Drink Reminders That Work

Your water reminder shouldn't feel like spam. Waltermelon sends a smart water reminder based on your wake time, sleep schedule, and daily hydration goal. Get a gentle drink water reminder when you actually need one, not when you're asleep. It's the hydration reminder your future self will thank you for.

🤖 AI Beverage Recognition

Can't find your drink? Just type it. Our AI identifies hydration levels, caffeine, alcohol, and more. Craft cocktail, oat milk latte, or homemade smoothie, Walter handles it in seconds. No searching, no guessing.

⚡ AI Quick Intake

Just describe what you drank and the AI handles the rest. ""Large iced latte"" or ""two glasses of orange juice"", Walter understands and logs it in seconds.

🏆 Achievements & Badges

Hit hydration milestones and earn badges that celebrate your progress. From your first logged drink to 30-day records, every achievement tells the story of your hydration journey.

👫 Hydrate Together with Friends

Add friends and see how they're doing with their water goals. Compare daily streaks, share progress, and turn staying hydrated into friendly competition. When your friends are crushing it, you'll want to keep up.

🔥 Build Your Streak

Every day you hit your water goal, your streak grows. Miss a day? Walter's StreakRescue has you covered: rescue a streak and keep the chain going.

📱 Home Screen Widget

Log water without opening the app. Add the Waltermelon water tracker widget to your Android home screen and tap to add a drink in one tap. The fastest drink water widget for busy mornings and workout breaks.

💪 A Water Tracker for Real Goals

People use Waltermelon to:

• Support weight loss with consistent hydration

• Boost skin health and glow from within

• Increase energy and focus throughout the day

• Build a daily drink water habit that lasts

• Recover faster after workouts and gym sessions

• Track caffeine and alcohol alongside water intake

📊 Full Hydration Toolkit

• Personalized daily water goal based on weight, activity, and lifestyle

• Smart drink reminders that adapt to your schedule

• Track every beverage: water, coffee, tea, juice, milk, alcohol, caffeine and more

• Automatic hydration efficiency for every drink type

• AI-powered beverage logging via text description

• Detailed hydration log with full daily and weekly history

• Progress charts and streak stats to visualize consistency

• Sync with Health Connect for complete wellness tracking

• Home screen widget to log water instantly

• Playful design that makes you actually want to stay hydrated

🌿 Designed for Real Life

Waltermelon isn't just another water tracker app. It's an AI-powered hydration tracker and gamified drink reminder for people who want results without the friction. Whether you're chasing weight loss, better skin, higher energy, or just trying to drink more water every day, Walter is in your corner.

Download Waltermelon and start your water tracking journey today. Set up drink reminders, invite friends, build hydration streaks together, earn badges, and feel better every day. Your body deserves it. 💧","water, drink, hydration, tracker, day",https://play-lh.googleusercontent.com/AW5DnTzGkrr70TQIN_L3VuwSoF6YOl2WXB7C1gCQOKq49l4Y9GFcirQ9vkgt4oMkEA=w526-h296-rw,https://play-lh.googleusercontent.com/56D5lb-fptFYg9SsL-FbFnT3ssRqf5Z1BPOQiqBovc-Zv0c-iSFJKdasQL1iWImZ8Rk=w526-h296-rw,https://play-lh.googleusercontent.com/zYDTnKGF4c078WsA7epm56tLa7MLMVQsCTidOk09M-soWCqfAHdKixW0x1h1dEvy_0Q=w526-h296-rw,https://play-lh.googleusercontent.com/8eWS8NzLGLCv4fBaBhols_Pw84rOUrfK8NPKqekYFv1QAGmuktV5swGWgZww_iw9CA=w526-h296-rw
,Wayk - Alarm Clock to Wake Up,https://play-lh.googleusercontent.com/v-7C_qNzh9ZCe-TRCy0hyNbGk9ZqXIP9nKc-NIyHhm43PyehWt-4p4DanPDWeJjX7ceqOQKW7tGAUgU8Rw79U2U=w240-h480-rw,5K+,"Apr 13, 2026",4.5,84 reviews,https://play.google.com/store/apps/details?id=mg.WaykUp&hl=en_US&gl=US,Dialed Labs Inc.,"Wayk is an alarm clock built to help you actually get out of bed. Instead of tapping snooze and falling back asleep, you wake up with a mission that must be completed before the alarm turns off.

Wayk is made for people who struggle to wake up, hit snooze too often, or want a stronger morning routine. It turns waking up into action so you can start the day with purpose and momentum.

How Wayk works:

- Choose a mission before bed

- When the alarm rings, complete the task

- The alarm only stops when the mission is done

Mission examples:

- Object hunt

- Do pushups

- Take a photo of the sky

- Make your bed

- Read a Bible verse

- Complete other actions that force you to move and wake up

Why people use Wayk:

- Stop snoozing and get up faster

- Build a more consistent morning routine

- Add accountability to your wake-up time

- Start the day with discipline and purpose

- Turn your alarm into a daily win

More than just an alarm clock:

- Mission-based wake-up system

- Built for heavy snoozers and people who struggle with mornings

- Supports habits that help you get up early and stay consistent

- Great for anyone trying to improve discipline, routine, and productivity

Wayk is designed to help you wake up and take action. Smart alarms may require a subscription.","alarm, wayk, wake, mission, help",https://play-lh.googleusercontent.com/XBCOT6p6yxYFmG39kWpKBRsi8zOzbiBkeaWCsB3tIUpYmjnk6Ymb2X0w0OYnuie-7zeQ5MmrTuMSIN0ZFMRO93c=w526-h296-rw,https://play-lh.googleusercontent.com/7WGHa5b2hLkuih3vGbPm1NKqL_WsBKM62oGzF8mMqYQALU95e-VcEns_Zz8A_JKdHWbjynFa-Ys8iBtTrcQphw=w526-h296-rw,https://play-lh.googleusercontent.com/usLkE4H7DswNygLu6DDlpZqmyEGoqVLkKyJuY2NRiEQxF8-KbMf5iuln883mnfKt0340tn-nykD49GV771tvWw=w526-h296-rw,https://play-lh.googleusercontent.com/CyuYGVs2A2jwSzUy26SSdvkTdO98HU5u51-j3DnJHHpVD-lGI7oiFbeABDhmfAymZ1G56a5Yz5-KK2lKTooR=w526-h296-rw
,Where Winds Meet,https://play-lh.googleusercontent.com/C077FpQVnL7G5O6Mowj-sWKdTjUwEWAWxOVQUcBwhHY1yOZePOoIxtlOS5Tn9kIzLoI2eU8BWZ4Nh4ufS63zBg=w240-h480-rw,1M+,"Dec 5, 2025",4.1,49.1K reviews,https://play.google.com/store/apps/details?id=com.netease.yysls&hl=en_US&gl=US,Exptional Global,"Step into an open-world action-adventure RPG set in ancient China. Uncover the secrets of your own identity as you rise from a humble village wanderer to the sword master of the imperial capital. Learn martial arts and build your reputation as a hero or a bringer of chaos in this free wuxia world.

Jianghu knows no bounds. Play free across PS5, PC, and mobile with full cross-play and cross-progression. No pay-to-win.

Gameplay content is entirely free, with monetization limited to cosmetic items.

In Where Winds Meet, Chinese martial arts meet a seamless open world. Roam vast landscapes, uncover hidden ruins, and descend into layered underground catacombs. Steal techniques from martial sects, wield an arsenal of classic wuxia weaponry, and master over 30 mystic arts – from the flowing balance of Tai Chi to the force of Lion's Roar.

Craft, architecture, astronomy, folk games and performance, medicine and healing – 16 systems come together to form an immersive ancient society.

Adventure Alone or Forge Your Community

Embark on a narrative-driven adventure filled with rich solo gameplay, or team up with up to four friends for seamless co-op experiences.

Join or create a Guild to access group activities: intense guild wars, multiplayer dungeons, and epic raids. Show your skill in competitive duels, or enter a shared, evolving world with thousands of fellow wanderers.

Master Your Way of Wuxia Combat

Tailor your combat – melee, ranged, or stealth. Build a loadout that suits your playstyle. Engage in combat with classic wuxia weapons – sword, spear, dual blades, rope dart, bow, fan, and umbrella. Switch weapons and employ martial arts and mystic skills like Tai Chi to outmaneuver enemies.

Customize Your Jianghu Identity

Customize your character, choose your role, align with factions, and explore unique professions to shape your identity.

Here, freedom is yours, but every action has its weight. Cause chaos, defy the law, and face bounties, pursuit, even time behind bars. Or walk a nobler path: befriend villagers, forge alliances, and grow your reputation as a hero of the Wuxia world. In a world torn by chaos, become the spark that ignites change and forge your legacy!

Official Website：https://www.wherewindsmeetgame.com/

Youtube ：https://www.youtube.com/@WhereWindsMeet

X：https://twitter.com/WhereWindsMeet_

Discord：https://discord.gg/eQc47PbWCK

Facebook：https://www.facebook.com/WhereWindsMeet

INS：https://www.instagram.com/where_winds_meet/

Tiktok：https://www.tiktok.com/@wherewindsmeet_","wuxia, world, martial, arts, identity",https://play-lh.googleusercontent.com/ZyEcQV9tJnVhjnIheOkaoteN1lWtptC0ThrEPVqCf7wWLz2k-hNf8BQKll-M4l9WM-inKvSqPX0xHzpRVnXGdhI=w526-h296-rw,https://play-lh.googleusercontent.com/kz-BauIz8_9dtQi2LfjwkHDpv_e7W4_UflUTjkzdiHqFP3VD_E9fOoaN96yTMsIU1YrqCVyD4ANaXx669Xh-8g=w526-h296-rw,https://play-lh.googleusercontent.com/e87br-0m5PMMUuI6n2v8BG8ks_u_x6n_EWWNbwueBx2cdPSWPK0_GaVbBfc3fqGwsTnHMOs6YqMVVowN0LDrfvY=w526-h296-rw,https://play-lh.googleusercontent.com/pc8v9XvAxOPkg2Bb5tPJ8gb19kc4yMeGS1nyAElqxA-_JnilesKv8oDmUbSYXzTR4FKfyOn3uZFbul58iGKX=w526-h296-rw
,Word Reader & Docs Creator,https://play-lh.googleusercontent.com/y8okfXnl_bwxhb7ApsCPeaX_1TaDClQxCAfR5AByr7WFmjks3SOEMv6C0tkCTltsIdo=w240-h480-rw,1M+,"Nov 18, 2025",3.4,913 reviews,https://play.google.com/store/apps/details?id=com.word.reader.office.docx.document.docs.viewer&hl=en_US&gl=US,Trusted PDF Tools,"Word Docs Reader Office App, the ultimate docs creator, is a simplified Doc Office app for any e-reader in the world. Now, It's become easy for you to read and edit your free Word documents app files and docs files offline anywhere with our docs creator & All Word document reader app. With this docs tool app, you can create Word document free, docx files, and docs files effortlessly. The doc manager feature of our docx creator app enables you to manage documents easily and mark your favorite office documents. Docs file creation has become easy with our docx app which helps you to create, format doc, and sign Word documents on Android. Our Word Reader for Android is a free offline reading app with keynotes, quick edit, and underline features that will save you time and energy whilst creating doc template in all formats.

⭐
Word Document Reader App Free - Word Doc Viewer for Android
⭐

This word docx app comes with many docx tools to make your work easy and more efficient in the form of catchy and attractive Word docs reader app free download to grab the attention of your readers. You can open docs, edit docs, and manage documents with our free offline docs app. You don't require an internet connection now to read your docs files. Our docs e-reader app has made it easy for you to read offline, anytime and anywhere.

The formatting features of our docs office enable our users to format document in their desired form like highlighter, keynotes, and underline a word in paragraphs. The docs reader word editor tool of our docs creator app is easy to use and highly precise.

Docs Office and Word Reader Docx App

Word Docx Office app comes with docs creator and document editing features that let you create docx and sign documents on Android. You can create Word document from scratch, edit docs, format, sort, and manage documents with our all document reader app. A document search feature is also provided in our Word document app free to make your doc search smooth & hassle-free.

Professional Docs Viewer App & Files Reader

Our app ensures high-quality document creation for our docs viewer offline and files reader. Just tap the open doc button to open documents and read them with pixel-perfect precision. Besides this our easy to read Word docs app lets you underline important points in your docx word doc files.

Offline Docs Creator and Reader

Access your offline document with our Word reader app to read docx without any internet connection. Besides reading offline docs, you can also create doc files using the docs tool of our offline docs creator and reader app. This app has two different modes for our doc readers i.e. Dark mode and Light mode.

Offline Document Editing

In this efficient free docs reader app, if you either find a mistake in your doc files or want to enhance your existing Word docs, our app's rich text editor allows you to make any changes in your all doc formats with Word doc file reader offline just like other document editors. You can also edit notes in txt format with our offline docs editing app in editor text mode.

Smart Offline Customization

Customize your offline Office documents using the highly efficient free docs tools to match your requirements. With its zoom-in and zoom-out feature, you can also adjust the document view according to your requirements. In short, This free docx viewer and creator app is the ultimate solution to all of your All Word document reader free app needs.

Office Word Reader App & Word Doc Reader and Editor App Capabilities

✓All format office Word docs free: Read all files, Word, Docs, docx

✓Word Reader for Android Free: Create and edit word all files smartly

✓Page by page reading for an e-reader to Read docx files easily

✓In Document Search Functionality to find specific words quickly

✓Verticle and horizontal reading modes","docs, app, word, reader, our",https://play-lh.googleusercontent.com/C32oVAS_Kbg2wTDZug5t2sZmsYLBjVT9XCAC31tafFN-UvXqRKjWpyhH3Atdi73jRy_r=w526-h296-rw,https://play-lh.googleusercontent.com/ejbTZ2qe-C5q0VHEqy2q87V1M9PLBdMtFw8UHywQtAy31WzNT0zO1OK-HmaacfWC6lw=w526-h296-rw,https://play-lh.googleusercontent.com/xQLcSUphQSOJzf60TQr7ml8-pctsk331ZRTBQixHLwu0SMD2UpJeP2ttZw7s64i6CGo=w526-h296-rw,https://play-lh.googleusercontent.com/xjfEiLszc-NPTxjoKIv3h6E_Ox8dPMHKvFa3Ad2mMysYhitp04OQOtwV4ibG3eAvQQ=w526-h296-rw
,"Zip Extractor – Open ZIP, RAR",https://play-lh.googleusercontent.com/Wl4u1Qd5cBNwuNQu-xgZ_8DywIj9EgQ47vbfQymOXg0qpYlO3gS9Am6bmiemygYzOmaaIisUMQJR0kwfhz7WMw=w240-h480-rw,10K+,"Oct 1, 2025",N/A,N/A,https://play.google.com/store/apps/details?id=com.xs.top1.zipextractor.unzip.unrar&hl=en_US&gl=US,XS SOFTWARE,"Zip Extractor – Open ZIP, RAR is a lightweight yet powerful tool to help you manage compressed files right on your Android phone. With just a few taps, you can open ZIP, RAR, 7Z, and many other archive formats or create new ZIP files for quick sharing.

⚡ Fast, secure, and easy-to-use – all in one Zip Opener app!

📌 Why choose Zip Extractor?

Zip Extractor for Android is designed to make file compression and extraction simple for everyone. Whether you need to unpack a RAR file, unzip a folder, or compress multiple documents into one convenient ZIP, this app does it instantly.

* UnZIP & UnRAR: Open archives in seconds with our smart zip reader.

* Compress files quickly: Turn large files into small ZIPs for easy storage & sharing.

* Works offline: Extract and compress without internet connection.

* Secure with password: Protect sensitive files with encrypted ZIPs.

🌟 Key features of Zip Extractor – Open ZIP, RAR

✅ Easy file extraction – Open and unzip ZIP, RAR, 7Z archives into a dedicated folder for quick access.

✅ High compression ratio – Reduce file size effectively with advanced compression algorithms.

✅ Save storage space – Archive documents, images, videos, and audio neatly to free up memory.

✅ Quick file sharing – Bundle multiple files into one ZIP to send faster and easier.

✅ Password protection – Secure your important documents while compressing. ✅ Support for many formats – Extract and compress files like DOCX, XLSX, PPTX, PDF, PNG, JPG, MP3, MP4, APK, TXT, and more.

✅ Maintain quality – Decompress images, videos, and audio without losing original resolution or sound quality.

✅ Batch compression – Zip multiple files at once while keeping folder structure intact.

✅ User-friendly design – A simple and clear interface makes file management effortless.

🚀 More reasons to use Zip Extractor

👍 Compress to ZIP format in just a few seconds. 👍 Open and manage RAR files anytime, anywhere. 👍 Organize your documents efficiently and keep your storage clean. 👍 Use as a Zip File Opener, RAR Extractor, Archive Manager, and File Compressor – all in one app. 👍 No WiFi needed – works perfectly offline.

🔥 All-in-one File Manager & Archive Tool

With Zip Extractor, you get a reliable solution for everyday file needs:

* 🌟 Zip Opener

* 🌟 UnZIP & UnRAR Tool

* 🌟 Archive Extractor (ZIP, RAR, 7Z, TAR…)

* 🌟 File Compressor

* 🌟 Secure Password-Protected Zip Maker

🎯 Final words

Discover how easy it is to extract, compress, and manage your files with Zip Extractor – UnZIP & UnRAR. Join millions of users who simplify their digital life with our fast and secure Zip File Opener.

Thank you for reading. We hope you have a nice day! 🔥🔥🔥

Use the Zip file opener tool and easily UnZIP and UnRAR any file formats you wish!","zip, file, files, extractor, rar",https://play-lh.googleusercontent.com/SHj6p4k2JfFKu8v2JZgvi5Cd1jgB6gvm3Cq7LTQDFSPATeCqS6kbaSJE8DOeUymvgJy1ITVc6xraJ3e8j8-_Xw=w526-h296-rw,https://play-lh.googleusercontent.com/7h0ACM56KHrjixJlmpV9B0IqKs6hlF8JP7C3aj3m6dH3CCBX6eYuWYdlujeO3OSBDVlJBEMfB7dIAbIT8wwY=w526-h296-rw,https://play-lh.googleusercontent.com/QEeErTVBD4_jobn1-gA9RCB9JDSeRtc7EbnLw3GEsRI5a2wTDUr1lScV5HEVp9rDST4Wpuflzjj4SeIgKeas=w526-h296-rw,https://play-lh.googleusercontent.com/08f5J3W2qEWEcC9u7VMX0Xw_GWTsuw79GqhLlO_Z7Xwirat6NBnDoILzuurtARyb_8jnI7b3rFWIxlD3mQnHMg=w526-h296-rw
,Zip Extractor: UnZIP & UnRAR,https://play-lh.googleusercontent.com/HmfZOH4tsK6Th0bTnBi1wxJT8pu_IGXTCYnH9n15bmdXQKVXMKbF5GTAk0QyklNofQ=w240-h480-rw,100K+,"Jun 7, 2025",4.3,3.26K reviews,https://play.google.com/store/apps/details?id=com.xs.zipextractor.unzip.unrar&hl=en_US&gl=US,DictionaryAndTranslator,"Zip Extractor: UnZip & UnRAR - Take Full Control Of Your Files!
Zip Extractor: UnZip & UnRAR is designed for users who manage files daily and need fast, reliable archive handling. Whether you are organizing work documents or handling large media folders, this tool helps simplify every step. As a Zip File Extractor For Android, it supports smooth extraction and compression directly on your device without unnecessary complexity.

Handling compressed archives becomes easier with Zip Rar File Extractor For Android, allowing users to open and manage multiple formats effortlessly. From quick file previews to full extraction, Zip Extractor: UnZip & UnRAR delivers consistent performance while helping reduce storage usage and keep files organized.

📄
File Extraction And Compression Features:
📄

📦 Extract ZIP, RAR, 7Z, TAR, ISO, JAR, and more;

📦 Compress files into ZIP or 7Z archives;

📦 Password-protected archive support;

📦 Offline file extraction and compression;

📦 Built-in file browsing and management tools!

Smart File Handling Made Simple!

Fast And Reliable Archive Extraction:
⚡

Zip File Extractor For Android ensures quick access to compressed content without delays. With support for encrypted archives and large file sizes, Zip Extractor: UnZip & UnRAR allows users to work efficiently even when handling demanding workloads.

Advanced Compression And Storage Optimization:
📉

Using Zip Rar File Extractor For Android, files can be compressed efficiently to save valuable storage space. Photos, videos, and documents can be grouped into secure archives while maintaining quality and accessibility through the RAR Zip Extractor App.

Secure And Organized File Management:
🔐

The RAR Zip Extractor App includes password protection options to help keep sensitive files secure. Combined with folder organization and archive editing tools, Zip File Extractor For Android gives users full control over how files are stored and shared.

Easy Viewing And Archive Browsing:
👁️

With integrated viewing support, the Zip Viewer App allows users to preview archive contents before extraction. This helps save time and ensures only necessary files are unpacked. Zip Viewer App functionality also improves navigation within complex archives.

Efficient File Control With One Powerful Tool!
Zip Extractor: UnZip & UnRAR combines speed, simplicity, and security into one solution. From compression to browsing, Zip Rar File Extractor For Android keeps file handling smooth and reliable. The RAR Zip Extractor App simplifies archive management, while the Zip Viewer App enhances visibility and control. With Zip File Extractor For Android, managing compressed files becomes a seamless part of your daily workflow.","zip, file, extractor, files, archive",https://play-lh.googleusercontent.com/tv_xSlThUW4DvGkKQdwN1B661YlcdkJeXPJKhNuqBwsgD1zoU7I2bub_tBxEsx6YsA=w526-h296-rw,https://play-lh.googleusercontent.com/BUImc9H-gkSzpdesS5y15B_xgWfgHCwtcSBGLQqzP1CspBd1-TJ9lwSj95vELehtzc4=w526-h296-rw,https://play-lh.googleusercontent.com/HntenULvJGxMF7xbrN290N2ZZvHktY7-KISRPe9iukjcBwxz8CFkXEmLGz1rv4cIeAxB=w526-h296-rw,https://play-lh.googleusercontent.com/jHz-NOZmDqAmDtejwYrWMbdFGRyrywLTGhnwvJMp1u0S31XLJIaJHCB55aCsBaVaUYsu=w526-h296-rw
,ZIP Extractor: ZIP RAR Opener,https://play-lh.googleusercontent.com/9-S3lNXYqFaC5Fh4EHKM8ADMCmBGSkLmGr2-Q1vbGzcwYhTKXXalxYjyDnGMAlqcU20=w240-h480-rw,1M+,"Aug 4, 2025",4.2,1.68K reviews,https://play.google.com/store/apps/details?id=com.primeziprar.zipextractor.rarextractor.unzip&hl=en_US&gl=US,WINGLORY FASHION LIMITED,"🧰 Top Features of ZIP Extractor: ZIP RAR Opener – Your All-in-One Archive Tool:

📦 Extract ZIP & RAR Files Easily

Unzip and unrar files with just a tap. ZIP Extractor: ZIP RAR Opener acts as a powerful rar extractor, zip extractor, and zip rar handler that supports all major formats, including rar files extractor and zip and rar file extractor functions.

📂 Browse & Manage Archives

Use ZIP Extractor: ZIP RAR Opener as a zip reader, zip viewer, and rar file reader to open ZIP and RAR files without extracting. Preview documents, images, videos, or explore entire folders directly from the archive.

🗜️ Compress Files into ZIP

Create compressed zip files to save space or share data. ZIP Extractor: ZIP RAR Opener also works as a file compressor and zip archiver with customizable compression levels and optional password protection.

🔐 Password-Protected Archives Support

Easily open zip files or RAR files by entering a password. ZIP Extractor: ZIP RAR Opener is a secure rar opener and zip file opener with privacy built-in.

⚡ Fast & Secure File Extraction

Engineered for speed and stability, ZIP Extractor: ZIP RAR Opener handles large archives smoothly – no data loss, no corruption. It’s your trusted file unzipper and zip file reader rar extractor.

📁 File Manager Integration

Locate, manage, and organize files effortlessly using the built-in file browser. It doubles as a zip file viewer app and unzip files app for efficient file handling.

📤 Share Extracted Files Instantly

After extraction, share your files via messaging apps, email, cloud storage, or Bluetooth – directly from ZIP Extractor: ZIP RAR Opener.

📱 Lightweight & User-Friendly Design

With a simple, intuitive interface, ZIP Extractor: ZIP RAR Opener works seamlessly on all Android devices and is perfect for anyone needing a zip files open app or a reliable zip reader compressor extract solution.

🌐 Supports Multiple Languages & Encodings

ZIP Extractor: ZIP RAR Opener ensures accurate extraction of files with international characters and various encodings – ideal for global users.

🧩 Split & Multi-part Archives Support

Open and extract split or multi-part volumes like a pro – whether it’s ZIP, RAR, or 7z files. Ideal for large transfers or backups.

📲 Try ZIP Extractor: ZIP RAR Opener today – unrar app to open RAR files on Android, extract files, unzip, and compress with confidence!

--------------------------------------------------

Rate 5⭐️ if you feel satisfied

We are working our best on making the application better and more useful for you. If you have any suggestions or questions, don't hesitate to contact support email:apstudioapps@gmail.com. Thank you so much! Your contributions will help us continue to develop the app better in the future versions.","zip, rar, files, extractor, opener",https://play-lh.googleusercontent.com/fE1PxHr9Hlks8hp2vw2HOdQ7nLnc5EhRVqenFt6QwIkTrSRgwbHZe2T5xswDa3KanR8=w526-h296-rw,https://play-lh.googleusercontent.com/ryisIdcS6aIDhflZtfWfmzLPSojZmV0u9Psj-nfpuBu98Frdf2H-UOUsVnjy8rtN6Fg=w526-h296-rw,https://play-lh.googleusercontent.com/1pZfYfqQPLaaou2VvuKa8JdRTrCQkGX8QjUtyst8OJr6O6LFtuqgcOMibLNHiOj0ULk=w526-h296-rw,https://play-lh.googleusercontent.com/qfxbC4txH14MoI3fncqrGJkRtefi6G6C_YgDj7MaLgJc99JUnPPNeBETCRmwOm2A9TnO=w526-h296-rw
